# File generated by ImageToStl.com - Free Image and 3D model conversion tools

mtllib billboard.mtl

o obj1
v 1.8474369 -8.61493778 4.86866522
v 1.84743714 8.61493778 12.440588
v 1.84743714 -8.61493778 12.440588
v 1.8474369 8.61493778 4.86866522
vn 1 0 -0
vn 1 0 -0
vn 1 0 -0
vn 1 0 -0
vt 1 0
vt 0 1
vt 0 0
vt 1 1
usemtl mat0
f 1/1/1 2/2/2 3/3/3
f 1/1/1 4/4/4 2/2/2
# Vertices: 4, normals: 4, texture coordinates: 4, faces: 2

o obj2
v 1.66887033 -9.02764034 12.80874825
v 1.66887033 9.13840199 4.44032288
v 1.66887033 -9.02764034 4.44032288
v 1.66887033 9.13840199 12.80874825
v 1.81543028 9.13840199 4.44032288
v 1.81543028 9.13840199 12.80874825
v 1.81543028 -9.02764034 4.44032288
v 1.81543028 -9.02764034 12.80874825
vn -0.57733 -0.57736 0.57736
vn -0.57733 0.57736 -0.57736
vn -0.57735 -0.57735 -0.57735
vn -0.57735 0.57735 0.57735
vn 0.57735 0.57735 -0.57735
vn 0.57733 0.57736 0.57736
vn 0.57733 -0.57736 -0.57736
vn 0.57735 -0.57735 0.57735
vt 0.625 0
vt 0.375 0.25
vt 0.375 0
vt 0.625 0.25
vt 0.375 0.5
vt 0.625 0.5
vt 0.375 0.75
vt 0.625 0.75
vt 0.375 1
vt 0.125 0.75
vt 0.125 0.5
vt 0.875 0.5
vt 0.625 1
vt 0.875 0.75
usemtl mat1
f 5/5/5 6/6/6 7/7/7
f 8/8/8 9/9/9 6/6/6
f 10/10/10 11/11/11 9/9/9
f 12/12/12 7/13/7 11/11/11
f 9/9/9 7/14/7 6/15/6
f 8/16/8 12/12/12 10/10/10
f 5/5/5 8/8/8 6/6/6
f 8/8/8 10/10/10 9/9/9
f 10/10/10 12/12/12 11/11/11
f 12/12/12 5/17/5 7/13/7
f 9/9/9 11/11/11 7/14/7
f 8/16/8 5/18/5 12/12/12
# Vertices: 8, normals: 8, texture coordinates: 14, faces: 12

o obj3
v -1.03536665 -5.79428339 4.12757492
v -1.03536665 -3.79428339 3.91367269
v -1.03536665 -5.79428339 3.91367269
v -1.03536665 -3.79428339 4.12757492
v 0.96463329 -3.79428339 3.91367269
v 0.96463329 -3.79428339 4.12757492
v 0.96463329 -5.79428339 3.91367269
v 0.96463329 -5.79428339 4.12757492
vn -0.57735 -0.57735 0.57735
vn -0.57735 0.57735 -0.57735
vn -0.57734 -0.57734 -0.57737
vn -0.57734 0.57734 0.57737
vn 0.57734 0.57734 -0.57737
vn 0.57735 0.57735 0.57735
vn 0.57735 -0.57735 -0.57735
vn 0.57734 -0.57734 0.57737
vt 0.625 0
vt 0.375 0.25
vt 0.375 0
vt 0.625 0.25
vt 0.375 0.5
vt 0.625 0.5
vt 0.375 0.75
vt 0.625 0.75
vt 0.375 1
vt 0.125 0.75
vt 0.125 0.5
vt 0.875 0.5
vt 0.625 1
vt 0.875 0.75
usemtl mat1
f 13/19/13 14/20/14 15/21/15
f 16/22/16 17/23/17 14/20/14
f 18/24/18 19/25/19 17/23/17
f 20/26/20 15/27/15 19/25/19
f 17/23/17 15/28/15 14/29/14
f 16/30/16 20/26/20 18/24/18
f 13/19/13 16/22/16 14/20/14
f 16/22/16 18/24/18 17/23/17
f 18/24/18 20/26/20 19/25/19
f 20/26/20 13/31/13 15/27/15
f 17/23/17 19/25/19 15/28/15
f 16/30/16 13/32/13 20/26/20
# Vertices: 8, normals: 8, texture coordinates: 14, faces: 12

o obj4
v -1.2765764 8.5864439 4.28995323
v -1.2765764 8.9979353 4.04474163
v -1.2765764 8.5864439 4.04474163
v 1.00091326 8.9979353 4.28995323
v 1.274212 8.9979353 4.04474163
v 1.00091326 8.9979353 4.04474163
v 1.274212 -8.61620522 4.28995323
v 1.274212 -8.9979353 4.04474163
v 1.274212 -8.61620522 4.04474163
v -1.00327766 -8.9979353 4.28995323
v -1.2765764 -8.9979353 4.04474163
v -1.00327766 -8.9979353 4.04474163
v 1.00091326 -8.9979353 4.04474163
v 1.00091326 -8.61620522 4.04474163
v -1.2765764 -8.61620522 4.28995323
v -1.00327766 -8.61620522 4.28995323
v -0.50222993 -8.9979353 4.28995323
v -0.50222993 -8.61620522 4.28995323
v -1.00327766 -8.61620522 4.04474163
v -1.2765764 -8.61620522 4.04474163
v -0.50222993 -8.9979353 4.04474163
v -1.2765764 8.9979353 4.28995323
v -1.00327766 8.9979353 4.04474163
v 1.274212 -8.9979353 4.28995323
v 1.00091326 -8.61620522 4.28995323
v 0.49986553 -8.9979353 4.04474163
v 0.49986553 -8.61620522 4.04474163
v 0.49986553 8.9979353 4.28995323
v 0.49986553 8.9979353 4.04474163
v 0.60214382 0.47838402 4.04474163
v 0.60214382 0.07446909 4.04474163
v 0.49986553 0 4.04474163
v 1.00091326 0.56237096 4.28995323
v 1.00091326 0.47838402 4.28995323
v 1.00605869 0.47838402 4.28995323
v -1.00327766 0.56237096 4.04474163
v -1.2765764 0 4.04474163
v -1.2765764 0.56237096 4.04474163
v -1.2765764 0.56237096 4.28995323
v -1.00327766 0 4.28995323
v -1.00327766 0.56237096 4.28995323
v 1.274212 0 4.04474163
v 1.00605869 0.07446909 4.04474163
v 1.00605869 0.47838402 4.04474163
v 1.274212 0.56237096 4.28995323
v 1.274212 0.56237096 4.04474163
v -1.2765764 -0.53851283 4.28995323
v -1.2765764 -0.53851283 4.04474163
v 0.59495723 -3.13598514 4.28995323
v 0.59495723 -2.78765583 4.04573822
v 0.59495723 -2.78765583 4.28995323
v -0.00118219 0 4.04474163
v -0.00600528 0.47838402 4.04474163
v -0.00118219 0.56237096 4.04474163
v -0.40992016 0.07446909 4.04474163
v -0.50222993 0 4.04474163
v -0.49677187 0.07446909 4.04474163
v -0.50222993 8.9979353 4.28995323
v -0.00118219 8.9979353 4.04474163
v -0.50222993 8.9979353 4.04474163
v -0.00118219 -8.61620522 4.04474163
v -0.50222993 -8.61620522 4.04474163
v 0.49986553 -8.9979353 4.28995323
v -0.00118219 -8.9979353 4.04474163
v -0.00118219 -8.61620522 4.28995323
v 0.49986553 -8.61620522 4.28995323
v -0.00118219 5.00990248 4.04474163
v -0.00600528 4.58034325 4.04474163
v -0.00600528 4.98425865 4.04474163
v -0.40992016 4.58034325 4.04474163
v -0.50222993 4.49896765 4.04474163
v -0.49677187 4.58034325 4.04474163
v 1.274212 5.00990248 4.28995323
v 1.274212 4.49896765 4.04474163
v 1.274212 5.00990248 4.04474163
v 1.00091326 4.49896765 4.04474163
v 1.00091326 4.58034325 4.04474163
v 1.00605869 4.58034325 4.04474163
v -1.2765764 5.00990248 4.28995323
v -1.00327766 4.49896765 4.28995323
v -1.00327766 5.00990248 4.28995323
v -0.90818596 -3.13598514 4.04573822
v -0.90068668 -3.13598514 4.28995323
v -0.90068668 -3.13598514 4.04573822
v -1.00327766 5.00990248 4.04474163
v -1.2765764 4.49896765 4.04474163
v -1.2765764 5.00990248 4.04474163
v 1.00605869 4.58034325 4.28995323
v 1.00605869 4.98425865 4.28995323
v 0.60214382 4.58034325 4.04474163
v 0.49986553 4.49896765 4.04474163
v 0.49986553 5.00990248 4.04474163
v -1.2765764 3.93659663 4.28995323
v -1.2765764 3.93659663 4.04474163
v 0.49986553 8.5864439 4.04474163
v 1.274212 8.5864439 4.28995323
v 1.274212 8.9979353 4.28995323
v -1.00327766 8.9979353 4.28995323
v -0.50222993 8.5864439 4.28995323
v -1.00327766 8.5864439 4.28995323
v 1.00091326 8.5864439 4.04474163
v 1.274212 8.5864439 4.04474163
v -0.00118219 8.9979353 4.28995323
v 0.49986553 8.5864439 4.28995323
v -0.50222993 8.5864439 4.04474163
v -1.2765764 8.07551003 4.28995323
v -1.2765764 8.07551003 4.04474163
v -0.49677187 -8.57394695 4.04474163
v -0.40992016 -8.57394695 4.04474163
v -0.40992016 -8.17003155 4.04474163
v -0.49677187 -8.17003155 4.04474163
v -1.2765764 -8.9979353 4.28995323
v 0.60214382 -8.17003155 4.04474163
v 0.60214382 -8.57394695 4.04474163
v 1.00091326 -8.07769203 4.28995323
v 1.00091326 -8.17003155 4.28995323
v 1.00605869 -8.17003155 4.28995323
v -1.00327766 -8.07769203 4.04474163
v -1.2765764 -8.07769203 4.04474163
v -0.90818596 -3.13598514 4.28995323
v -0.90818596 -2.78765583 4.04573822
v -0.90818596 -2.78765583 4.28995323
v -1.2765764 -8.07769203 4.28995323
v -1.00327766 -8.07769203 4.28995323
v 1.00605869 -8.57394695 4.04474163
v 1.00605869 -8.17003155 4.04474163
v 1.274212 -8.07769203 4.28995323
v 1.274212 -8.07769203 4.04474163
v 1.274212 -3.76958966 4.28995323
v 1.274212 -4.30810261 4.04474163
v 1.274212 -3.76958966 4.04474163
v 1.00605869 -4.26359272 4.04474163
v 1.00605869 -3.85967731 4.04474163
v -1.2765764 -3.76958966 4.28995323
v -1.00327766 -4.30810261 4.28995323
v -1.00327766 -3.76958966 4.28995323
v 0.60214382 -2.78765583 4.04573822
v 0.60214382 -2.78765583 4.28995323
v -1.00327766 -3.76958966 4.04474163
v -1.2765764 -4.30810261 4.04474163
v -1.2765764 -3.76958966 4.04474163
v 1.00091326 -3.76958966 4.28995323
v 1.00091326 -3.85967731 4.28995323
v 1.00605869 -3.85967731 4.28995323
v 0.60214382 -3.85967731 4.04474163
v 0.60214382 -4.26359272 4.04474163
v 0.49986553 -4.30810261 4.04474163
v -0.49677187 -4.26359272 4.04474163
v -0.40992016 -4.26359272 4.04474163
v -0.50222993 -4.30810261 4.04474163
v -0.40992016 -3.85967731 4.04474163
v -0.49677187 -3.85967731 4.04474163
v -1.2765764 -4.84661531 4.28995323
v -1.2765764 -4.84661531 4.04474163
v -1.2765764 1.68711281 4.28995323
v -1.2765764 2.24948382 4.04474163
v -1.2765764 1.68711281 4.04474163
v -0.00118219 2.81185484 4.04474163
v -0.00600528 2.33386087 4.04474163
v -0.00600528 2.7377758 4.04474163
v -0.40992016 2.33386087 4.04474163
v -0.50222993 2.24948382 4.04474163
v -0.49677187 2.33386087 4.04474163
v 1.274212 2.81185484 4.28995323
v 1.274212 2.24948382 4.04474163
v 1.274212 2.81185484 4.04474163
v 1.00091326 2.24948382 4.04474163
v 1.00091326 2.33386087 4.04474163
v 1.00605869 2.33386087 4.04474163
v -1.2765764 2.81185484 4.28995323
v -1.00327766 2.24948382 4.28995323
v -1.00327766 2.81185484 4.28995323
v -1.00327766 2.81185484 4.04474163
v -1.2765764 2.81185484 4.04474163
v 1.00605869 2.33386087 4.28995323
v 1.00605869 2.7377758 4.28995323
v 0.60214382 2.33386087 4.04474163
v 0.49986553 2.24948382 4.04474163
v 0.49986553 2.81185484 4.04474163
v 0.60214382 3.81474447 4.04474163
v 0.60214382 3.41082954 4.04474163
v 0.49986553 3.37422562 4.04474163
v 1.00091326 3.93659663 4.28995323
v 1.00091326 3.81474447 4.28995323
v 1.00605869 3.81474447 4.28995323
v -1.00327766 3.93659663 4.04474163
v -1.2765764 3.37422562 4.04474163
v -0.90068668 -2.78765583 4.04573822
v -0.90068668 -2.78765583 4.28995323
v -1.00327766 3.37422562 4.28995323
v -1.00327766 3.93659663 4.28995323
v 1.274212 3.37422562 4.04474163
v 1.00605869 3.41082954 4.04474163
v 1.00605869 3.81474447 4.04474163
v 1.274212 3.93659663 4.28995323
v 1.274212 3.93659663 4.04474163
v -0.49677187 3.41082954 4.04474163
v -0.40992016 3.81474447 4.04474163
v -0.40992016 3.41082954 4.04474163
v -0.00118219 3.93659663 4.04474163
v -0.00600528 3.81474447 4.04474163
v -1.2765764 6.03177071 4.28995323
v -1.2765764 6.54270554 4.04474163
v -1.2765764 6.03177071 4.04474163
v 0.60214388 6.94002867 4.04474163
v 0.49986553 6.54270554 4.04474163
v 0.49986553 7.05364037 4.04474163
v 1.00091326 7.05364037 4.28995323
v 1.00091326 6.94002867 4.28995323
v 1.00605869 6.94002867 4.28995323
v -1.00327766 7.05364037 4.04474163
v -1.2765764 7.05364037 4.04474163
v -1.2765764 7.05364037 4.28995323
v -1.00327766 6.54270554 4.28995323
v -1.00327766 7.05364037 4.28995323
v 1.274212 6.54270554 4.04474163
v 1.00605869 6.54270554 4.04474163
v 1.00605869 6.94002867 4.04474163
v 1.274212 7.05364037 4.28995323
v 1.274212 7.05364037 4.04474163
v -0.40992016 6.94002819 4.04474163
v -0.50222993 7.05364037 4.04474163
v -0.00118219 7.05364037 4.04474163
v -0.00118219 8.07551003 4.04474163
v -0.00600528 7.61849499 4.04474163
v -0.00600528 8.02240944 4.04474163
v -0.40992016 7.61849499 4.04474163
v -0.50222993 7.5645752 4.04474163
v -0.49677187 7.61849499 4.04474163
v 1.274212 8.07551003 4.28995323
v 1.274212 7.5645752 4.04474163
v 1.274212 8.07551003 4.04474163
v 1.00091326 7.5645752 4.04474163
v 1.00091326 7.61849499 4.04474163
v 1.00605869 7.61849499 4.04474163
v -1.00327766 7.5645752 4.28995323
v -1.00327766 8.07551003 4.28995323
v 0.59495723 5.1049943 4.04573822
v 0.60214382 5.1049943 4.28995323
v 0.60214382 5.1049943 4.04573822
v -1.00327766 8.07551003 4.04474163
v -1.2765764 7.5645752 4.04474163
v 1.00605869 7.61849499 4.28995323
v 1.00605869 8.02240944 4.28995323
v 0.60214382 7.61849499 4.04474163
v 0.49986553 7.5645752 4.04474163
v 0.49986553 8.07551003 4.04474163
v -1.2765764 5.52083683 4.04474163
v 0.60214382 5.95348358 4.04474163
v 0.60214382 5.54956818 4.04474163
v 0.49986553 5.52083683 4.04474163
v 1.00091326 6.03177071 4.28995323
v 1.00091326 5.95348358 4.28995323
v 1.00605869 5.95348358 4.28995323
v -1.00327766 6.03177071 4.04474163
v -1.00327766 5.52083683 4.28995323
v -1.00327766 6.03177071 4.28995323
v 1.274212 5.52083683 4.04474163
v 1.00605869 5.54956818 4.04474163
v 1.00605869 5.95348358 4.04474163
v 1.274212 6.03177071 4.28995323
v 1.274212 6.03177071 4.04474163
v 0.59495723 5.1049943 4.28995323
v 0.59495723 5.42574501 4.04573822
v 0.59495723 5.42574501 4.28995323
v -0.00118219 5.52083683 4.04474163
v -0.00600528 5.95348358 4.04474163
v -0.00118219 6.03177071 4.04474163
v -0.40992016 5.54956818 4.04474163
v -0.50222993 5.52083683 4.04474163
v -0.49677187 5.54956818 4.04474163
v -1.2765764 -7.00066662 4.28995323
v -1.2765764 -6.46215391 4.04474163
v -1.2765764 -7.00066662 4.04474163
v 1.274212 -5.9236412 4.28995323
v 1.274212 -6.46215391 4.04474163
v 1.274212 -5.9236412 4.04474163
v 1.00605869 -6.39741898 4.04474163
v 1.00605869 -5.99350452 4.04474163
v -1.2765764 -5.9236412 4.28995323
v -1.00327766 -6.46215391 4.28995323
v -1.00327766 -5.9236412 4.28995323
v -1.00327766 -5.9236412 4.04474163
v -1.2765764 -5.9236412 4.04474163
v 1.00091326 -5.9236412 4.28995323
v 1.00091326 -5.99350452 4.28995323
v 1.00605869 -5.99350452 4.28995323
v 0.60214382 -5.99350452 4.04474163
v 0.60214382 -6.39741898 4.04474163
v 0.49986553 -6.46215391 4.04474163
v -0.00118219 -6.46215391 4.04474163
v -0.00600528 -5.99350452 4.04474163
v -0.00118219 -5.9236412 4.04474163
v -0.40992016 -6.39741898 4.04474163
v -0.50222993 -6.46215391 4.04474163
v -0.49677187 -6.39741898 4.04474163
v 0.59495723 -0.98193395 4.04573822
v 0.60214382 -0.98193395 4.28995323
v 0.60214382 -0.98193395 4.04573822
v -0.49677187 -2.11271763 4.04474163
v -0.40992016 -2.11271763 4.04474163
v -0.50222993 -2.1540513 4.04474163
v -0.40992016 -1.70880318 4.04474163
v -0.49677187 -1.70880318 4.04474163
v 0.60214382 -1.70880318 4.04474163
v 0.60214382 -2.11271763 4.04474163
v 0.49986553 -2.1540513 4.04474163
v 1.00091326 -1.61553848 4.28995323
v 1.00091326 -1.70880318 4.28995323
v 1.00605869 -1.70880318 4.28995323
v -1.00327766 -1.61553848 4.04474163
v -1.2765764 -2.1540513 4.04474163
v -1.2765764 -1.61553848 4.04474163
v 0.59495723 -0.98193395 4.28995323
v 0.59495723 -0.63360453 4.04573822
v 0.59495723 -0.63360453 4.28995323
v -1.2765764 -1.61553848 4.28995323
v -1.00327766 -2.1540513 4.28995323
v -1.00327766 -1.61553848 4.28995323
v 1.274212 -2.1540513 4.04474163
v 1.00605869 -2.11271763 4.04474163
v 1.00605869 -1.70880318 4.04474163
v 1.274212 -1.61553848 4.28995323
v 1.274212 -1.61553848 4.04474163
v -1.2765764 -2.69256401 4.28995323
v -1.2765764 -2.69256401 4.04474163
v -1.2765764 -7.53917933 4.04474163
v 1.274212 -7.00066662 4.28995323
v 1.274212 -7.53917933 4.04474163
v 1.274212 -7.00066662 4.04474163
v 1.00605869 -7.49292278 4.04474163
v 1.00605869 -7.08900833 4.04474163
v -1.00327766 -7.53917933 4.28995323
v -1.00327766 -7.00066662 4.28995323
v 0.60214382 5.42574501 4.04573822
v 0.60214382 5.42574501 4.28995323
v -1.00327766 -7.00066662 4.04474163
v 1.00091326 -7.00066662 4.28995323
v 1.00091326 -7.08900833 4.28995323
v 1.00605869 -7.08900833 4.28995323
v 0.60214382 -7.08900833 4.04474163
v 0.60214382 -7.49292278 4.04474163
v 0.49986553 -7.53917933 4.04474163
v -0.49677187 -7.49292278 4.04474163
v -0.40992016 -7.49292278 4.04474163
v -0.50222993 -7.53917933 4.04474163
v -0.40992016 -7.08900833 4.04474163
v -0.49677187 -7.08900833 4.04474163
v -1.2765764 -3.23107696 4.04474163
v -0.00118219 -3.23107696 4.04474163
v -0.00600528 -2.77117729 4.04474163
v -0.00118219 -2.69256401 4.04474163
v -0.40992016 -3.1750927 4.04474163
v -0.50222993 -3.23107696 4.04474163
v -0.49677187 -3.1750927 4.04474163
v 0.60214382 -2.77117729 4.04474163
v 0.60214382 -3.1750927 4.04474163
v 0.49986553 -3.23107696 4.04474163
v 1.00091326 -2.69256401 4.28995323
v 1.00091326 -2.77117729 4.28995323
v 1.00605869 -2.77117729 4.28995323
v -1.00327766 -2.69256401 4.04474163
v -1.00327766 -3.23107696 4.28995323
v -1.00327766 -2.69256401 4.28995323
v 1.274212 -3.23107696 4.04474163
v 1.00605869 -3.1750927 4.04474163
v 1.00605869 -2.77117729 4.04474163
v 1.274212 -2.69256401 4.28995323
v 1.274212 -2.69256401 4.04474163
v 1.274212 -0.53851283 4.28995323
v 1.274212 -1.07702565 4.04474163
v 1.274212 -0.53851283 4.04474163
v 1.00605869 -1.01582336 4.04474163
v 1.00605869 -0.61190844 4.04474163
v -1.00327766 -1.07702565 4.28995323
v -1.00327766 -0.53851283 4.28995323
v 0.60214382 -0.63360453 4.04573822
v 0.60214382 -0.63360453 4.28995323
v -1.00327766 -0.53851283 4.04474163
v -1.2765764 -1.07702565 4.04474163
v 1.00091326 -0.53851283 4.28995323
v 1.00091326 -0.61190844 4.28995323
v 1.00605869 -0.61190844 4.28995323
v 0.60214382 -0.61190844 4.04474163
v 0.60214382 -1.01582336 4.04474163
v 0.49986553 -1.07702565 4.04474163
v -0.00118219 -1.07702565 4.04474163
v -0.00600528 -0.61190844 4.04474163
v -0.00118219 -0.53851283 4.04474163
v -0.40992016 -1.01582336 4.04474163
v -0.50222993 -1.07702565 4.04474163
v -0.49677187 -1.01582336 4.04474163
v 0.59495723 -4.75152349 4.04573822
v 0.60214382 -4.75152349 4.28995323
v 0.60214382 -4.75152349 4.04573822
v -0.00118219 -5.38512802 4.04474163
v -0.00600528 -4.92513561 4.04474163
v -0.00118219 -4.84661531 4.04474163
v -0.40992016 -5.32905006 4.04474163
v -0.50222993 -5.38512802 4.04474163
v -0.49677187 -5.32905006 4.04474163
v 0.60214382 -4.92513561 4.04474163
v 0.60214382 -5.32905006 4.04474163
v 0.49986553 -5.38512802 4.04474163
v 1.00091326 -4.84661531 4.28995323
v 1.00091326 -4.92513561 4.28995323
v 1.00605869 -4.92513561 4.28995323
v -1.00327766 -4.84661531 4.04474163
v -1.2765764 -5.38512802 4.04474163
v 0.59495723 -4.75152349 4.28995323
v 0.59495723 -4.40319443 4.04573822
v 0.59495723 -4.40319443 4.28995323
v -1.00327766 -5.38512802 4.28995323
v -1.00327766 -4.84661531 4.28995323
v 1.274212 -5.38512802 4.04474163
v 1.00605869 -5.32905006 4.04474163
v 1.00605869 -4.92513561 4.04474163
v 1.274212 -4.84661531 4.28995323
v 1.274212 -4.84661531 4.04474163
v -1.2765764 1.12474191 4.04474163
v -0.00118219 1.12474191 4.04474163
v -0.00600528 1.60400343 4.04474163
v -0.00118219 1.68711281 4.04474163
v -0.40992016 1.2000885 4.04474163
v -0.50222993 1.12474191 4.04474163
v -0.49677187 1.2000885 4.04474163
v 1.274212 1.68711281 4.28995323
v 1.274212 1.12474191 4.04474163
v 1.274212 1.68711281 4.04474163
v 1.00605869 1.2000885 4.04474163
v 1.00605869 1.60400343 4.04474163
v -1.00327766 1.12474191 4.28995323
v -1.00327766 1.68711281 4.28995323
v -0.90818596 2.90694666 4.04573822
v -0.90068668 2.90694666 4.28995323
v -0.90068668 2.90694666 4.04573822
v -1.00327766 1.68711281 4.04474163
v 1.00091326 1.68711281 4.28995323
v 1.00091326 1.60400343 4.28995323
v 1.00605869 1.60400343 4.28995323
v 0.60214382 1.60400343 4.04474163
v 0.60214382 1.2000885 4.04474163
v 0.49986553 1.12474191 4.04474163
v -0.90068668 1.60400343 4.04474163
v -0.90068668 1.2000885 4.04474163
v -1.00327766 1.12474191 4.04474163
v -0.90818596 2.90694666 4.28995323
v -0.90818596 3.2791338 4.04573822
v -0.90818596 3.2791338 4.28995323
v -0.90068668 -4.92513561 4.04474163
v -0.90068668 -5.32905006 4.04474163
v -1.00327766 -5.38512802 4.04474163
v -0.90068668 -0.61190844 4.04474163
v -0.90068668 -1.01582336 4.04474163
v -1.00327766 -1.07702565 4.04474163
v 0.60214382 -4.40319443 4.04573822
v 0.60214382 -4.40319443 4.28995323
v -0.90818596 6.12686253 4.04573822
v -0.90068668 6.12686253 4.28995323
v -0.90068668 6.12686253 4.04573822
v -0.90068668 -2.77117729 4.04474163
v -0.90068668 -3.1750927 4.04474163
v -1.00327766 -3.23107696 4.04474163
v -0.90068668 -7.08900833 4.04474163
v -0.90068668 -7.49292278 4.04474163
v -1.00327766 -7.53917933 4.04474163
v -0.90818596 6.12686253 4.28995323
v -0.90818596 6.44761372 4.04573822
v -0.90818596 6.44761372 4.28995323
v -0.90068668 -1.70880318 4.04474163
v -0.90068668 -2.11271763 4.04474163
v -1.00327766 -2.1540513 4.04474163
v -0.90068668 -5.99350452 4.04474163
v -0.90068668 -6.39741898 4.04474163
v -1.00327766 -6.46215391 4.04474163
v -0.90068668 3.2791338 4.04573822
v -0.90068668 3.2791338 4.28995323
v -0.90068668 5.95348358 4.04474163
v -0.90068668 5.54956818 4.04474163
v -1.00327766 5.52083683 4.04474163
v 0.59495723 -5.2900362 4.04573822
v 0.60214382 -5.2900362 4.28995323
v 0.60214382 -5.2900362 4.04573822
v -0.90068668 7.61849499 4.04474163
v -1.00327766 7.5645752 4.04474163
v -0.90068668 6.94002819 4.04474163
v -1.00327766 6.54270554 4.04474163
v 0.59495723 -5.2900362 4.28995323
v 0.59495723 -4.94170713 4.04573822
v 0.59495723 -4.94170713 4.28995323
v -0.90068668 3.81474447 4.04474163
v -0.90068668 3.41082954 4.04474163
v -1.00327766 3.37422562 4.04474163
v -0.90068668 6.44761372 4.04573822
v -0.90068668 6.44761372 4.28995323
v -0.90068668 2.33386087 4.04474163
v -1.00327766 2.24948382 4.04474163
v -0.90068668 -3.85967731 4.04474163
v -0.90068668 -4.26359272 4.04474163
v -1.00327766 -4.30810261 4.04474163
v -0.90068668 -8.17003155 4.04474163
v -0.90068668 -8.57394695 4.04474163
v -1.00327766 8.5864439 4.04474163
v -0.00118219 8.5864439 4.28995323
v 0.60214382 -4.94170713 4.04573822
v 0.60214382 -4.94170713 4.28995323
v -0.90068668 4.58034325 4.04474163
v -1.00327766 4.49896765 4.04474163
v -0.90068668 0.47838402 4.04474163
v -0.90068668 0.07446909 4.04474163
v -1.00327766 0 4.04474163
v -0.90818596 -3.67449784 4.04573822
v -0.90068668 -3.67449784 4.28995323
v -0.90068668 -3.67449784 4.04573822
v -0.00118219 -8.9979353 4.28995323
v 0.49087203 1.60400343 4.04474163
v 0.49986553 1.68711281 4.04474163
v 0.08695716 1.60400343 4.04474163
v 0.08695716 1.2000885 4.04474163
v 0.49087203 -4.92513561 4.04474163
v 0.49986553 -4.84661531 4.04474163
v 0.08695716 -4.92513561 4.04474163
v 0.08695716 -5.32905006 4.04474163
v -0.90818596 -3.67449784 4.28995323
v -0.90818596 -3.32616878 4.04573822
v -0.90818596 -3.32616878 4.28995323
v 0.49087203 -0.61190844 4.04474163
v 0.49986553 -0.53851283 4.04474163
v 0.08695716 -0.61190844 4.04474163
v 0.08695716 -1.01582336 4.04474163
v 0.49087203 -2.77117729 4.04474163
v 0.49986553 -2.69256401 4.04474163
v 0.08695716 -2.77117729 4.04474163
v 0.08695716 -3.1750927 4.04474163
v 0.49087203 -7.08900833 4.04474163
v 0.49986553 -7.00066662 4.04474163
v 0.08695716 -7.08900833 4.04474163
v 0.08695716 -7.49292278 4.04474163
v -0.00118219 -7.53917933 4.04474163
v 0.49087203 -1.70880318 4.04474163
v 0.49986553 -1.61553848 4.04474163
v 0.08695716 -1.70880318 4.04474163
v 0.08695716 -2.11271763 4.04474163
v -0.00118219 -2.1540513 4.04474163
v -0.90068668 -3.32616878 4.04573822
v -0.90068668 -3.32616878 4.28995323
v 0.49087203 -5.99350452 4.04474163
v 0.49986553 -5.9236412 4.04474163
v 0.08695716 -5.99350452 4.04474163
v 0.08695716 -6.39741898 4.04474163
v 0.49087203 5.95348358 4.04474163
v 0.49986553 6.03177071 4.04474163
v 0.08695716 5.95348358 4.04474163
v 0.08695716 5.54956818 4.04474163
v 0.49087203 7.61849499 4.04474163
v 0.49087203 8.02240944 4.04474163
v -0.00118219 7.5645752 4.04474163
v 0.08695716 7.61849499 4.04474163
v 0.08695716 6.94002819 4.04474163
v 0.08695716 3.41082954 4.04474163
v 0.49087203 3.41082954 4.04474163
v 0.08695716 3.81474447 4.04474163
v 0.49986553 3.93659663 4.04474163
v 0.49087203 2.33386087 4.04474163
v 0.49087203 2.7377758 4.04474163
v -0.00118219 2.24948382 4.04474163
v 0.08695716 2.33386087 4.04474163
v 0.59495723 1.21983361 4.04573822
v 0.60214382 1.21983361 4.28995323
v 0.60214382 1.21983361 4.04573822
v 0.49087203 -3.85967731 4.04474163
v 0.49986553 -3.76958966 4.04474163
v 0.08695716 -3.85967731 4.04474163
v 0.08695716 -4.26359272 4.04474163
v -0.00118219 -4.30810261 4.04474163
v 0.49087203 -8.17003155 4.04474163
v 0.49986553 -8.07769203 4.04474163
v 0.08695716 -8.17003155 4.04474163
v 0.08695716 -8.57394695 4.04474163
v 0.59495723 1.21983361 4.28995323
v 0.59495723 1.59202111 4.04573822
v 0.59495723 1.59202111 4.28995323
v 1.00091326 8.5864439 4.28995323
v -0.00118219 8.5864439 4.04474163
v 0.49087203 4.58034325 4.04474163
v 0.49087203 4.98425865 4.04474163
v -0.00118219 4.49896765 4.04474163
v 0.08695716 4.58034325 4.04474163
v 1.00091326 -8.9979353 4.28995323
v -0.90818596 -7.44408751 4.04573822
v -0.90068668 -7.44408751 4.28995323
v -0.90068668 -7.44408751 4.04573822
v 0.49087203 0.47838402 4.04474163
v 0.49986553 0.56237096 4.04474163
v 0.08695716 0.47838402 4.04474163
v 0.08695716 0.07446909 4.04474163
v 0.49087203 8.14722061 4.04474163
v 0.49087203 8.55113506 4.04474163
v 0.08695716 8.14722061 4.04474163
v -0.90068668 8.55113506 4.04474163
v -0.90068668 8.14722061 4.04474163
v -0.59846854 8.14142513 4.04474163
v -0.50222993 8.14722061 4.04474163
v -0.50222993 8.07551003 4.04474163
v -0.90006113 8.14142513 4.04474163
v -0.90818596 -7.44408751 4.28995323
v -0.90818596 -7.09575844 4.04573822
v -0.90818596 -7.09575844 4.28995323
v 0.60214382 8.14722061 4.04474163
v 1.00605869 8.14722061 4.28995323
v 1.00605869 8.55113506 4.28995323
v 0.60214382 1.59202111 4.04573822
v 0.60214382 1.59202111 4.28995323
v 1.00091326 8.07551003 4.04474163
v 1.00091326 8.14722061 4.04474163
v 1.00605869 8.14722061 4.04474163
v -0.00600528 8.14722061 4.04474163
v -0.00600528 8.55113506 4.04474163
v -0.40992016 8.14722061 4.04474163
v -0.49677187 8.14722061 4.04474163
v -1.2765764 7.5645752 4.28995323
v 0.08695716 7.06968355 4.04474163
v 0.49087203 7.06968355 4.04474163
v 0.08695716 7.473598 4.04474163
v -0.90068668 7.47359753 4.04474163
v -0.90068668 7.06968307 4.04474163
v -1.2765764 6.54270554 4.28995323
v -0.49677187 7.06968307 4.04474163
v -0.40992016 7.06968307 4.04474163
v -0.40992016 7.47359753 4.04474163
v -0.49677187 7.47359753 4.04474163
v -0.90068668 -7.09575844 4.04573822
v -0.90068668 -7.09575844 4.28995323
v 1.274212 7.5645752 4.28995323
v 1.00605869 7.06968355 4.04474163
v 1.00605869 7.473598 4.04474163
v 0.59495723 2.90694666 4.04573822
v 0.60214382 2.90694666 4.28995323
v 0.60214382 2.90694666 4.04573822
v 1.00091326 7.5645752 4.28995323
v 1.00091326 7.473598 4.28995323
v 1.00605869 7.473598 4.28995323
v 0.60214388 7.473598 4.04474163
v 0.60214388 7.06968355 4.04474163
v 0.49087203 6.47130871 4.04474163
v 0.49087203 6.53611326 4.04474163
v 0.08695716 6.47130871 4.04474163
v 0.08695716 6.06739426 4.04474163
v 0.59495723 2.90694666 4.28995323
v 0.59495723 3.2791338 4.04573822
v 0.59495723 3.2791338 4.28995323
v -0.90068668 6.47130871 4.04474163
v -0.90068668 6.06739426 4.04474163
v -0.00600528 6.47130871 4.04474163
v -0.00600528 6.53611326 4.04474163
v -0.00118219 6.54270554 4.04474163
v -0.40992016 6.06739426 4.04474163
v -0.50222993 6.03177071 4.04474163
v -0.49677187 6.06739426 4.04474163
v 1.274212 6.54270554 4.28995323
v 1.00605869 6.47130871 4.04474163
v 1.00605869 6.53611422 4.28995323
v 1.00605869 6.47130871 4.28995323
v 0.60214382 6.47130871 4.04474163
v 0.60214382 6.06739426 4.04474163
v -1.2765764 5.52083683 4.28995323
v 0.49087203 5.44124985 4.04474163
v 0.08695716 5.44124985 4.04474163
v 0.08695716 5.03733492 4.04474163
v -0.90068668 5.44124985 4.04474163
v -0.90068668 5.03733492 4.04474163
v -1.2765764 4.49896765 4.28995323
v 0.60214382 5.44124985 4.04474163
v 0.60214382 5.03733492 4.04474163
v 1.00091326 5.52083683 4.28995323
v 1.00091326 5.44124985 4.28995323
v 1.00605869 5.44124985 4.28995323
v 0.60214382 3.2791338 4.04573822
v 0.60214382 3.2791338 4.28995323
v 1.00605869 5.03733492 4.04474163
v 1.00605869 5.44124985 4.04474163
v 1.274212 5.52083683 4.28995323
v -0.00600528 5.44124985 4.04474163
v -0.40992016 5.03733492 4.04474163
v -0.50222993 5.00990248 4.04474163
v -0.49677187 5.03733492 4.04474163
v 0.49087203 4.41534424 4.04474163
v 0.08695716 4.41534424 4.04474163
v 0.08695716 4.01142979 4.04474163
v -0.90068668 4.41534424 4.04474163
v -0.90068668 4.01142979 4.04474163
v -0.00600528 4.41534424 4.04474163
v -0.40992016 4.01142979 4.04474163
v -0.50222993 3.93659663 4.04474163
v -0.49677187 4.01142979 4.04474163
v 1.274212 4.49896765 4.28995323
v 1.00605869 4.01142979 4.04474163
v 1.00605869 4.41534424 4.04474163
v -0.90818596 -2.05895948 4.04573822
v -0.90068668 -2.05895948 4.28995323
v -0.90068668 -2.05895948 4.04573822
v 1.00091326 4.49896765 4.28995323
v 1.00091326 4.41534424 4.28995323
v 1.00605869 4.41534424 4.28995323
v 0.60214382 4.41534424 4.04474163
v 0.60214382 4.01142979 4.04474163
v -1.2765764 3.37422562 4.28995323
v 0.49087203 3.29199481 4.04474163
v 0.08695716 3.29199481 4.04474163
v 0.08695716 2.88807988 4.04474163
v -0.90068668 3.29199481 4.04474163
v -0.90068668 2.88807988 4.04474163
v -0.90818596 -2.05895948 4.28995323
v -0.90818596 -1.71063018 4.04573822
v -0.90818596 -1.71063018 4.28995323
v -1.2765764 2.24948382 4.28995323
v 0.60214382 3.29199481 4.04474163
v 0.60214382 2.88807988 4.04474163
v 1.00091326 3.37422562 4.28995323
v 1.00091326 3.29199481 4.28995323
v 1.00605869 3.29199481 4.28995323
v 1.00605869 2.88807988 4.04474163
v 1.00605869 3.29199481 4.04474163
v 1.274212 3.37422562 4.28995323
v -0.00600528 3.29199481 4.04474163
v -0.00118219 3.37422562 4.04474163
v -0.40992016 2.88807988 4.04474163
v -0.50222993 2.81185484 4.04474163
v -0.49677187 2.88807988 4.04474163
v 0.49087203 1.76734781 4.04474163
v 0.49087203 2.17126226 4.04474163
v 0.08695716 1.76734781 4.04474163
v -0.90068668 1.76734781 4.04474163
v 0.60214382 1.76734781 4.04474163
v 1.00605869 1.76734781 4.28995323
v 1.274212 2.24948382 4.28995323
v 1.00605869 2.17126226 4.28995323
v -0.90068668 -1.71063018 4.04573822
v -0.90068668 -1.71063018 4.28995323
v 1.00091326 1.68711281 4.04474163
v 1.00091326 1.76734781 4.04474163
v 1.00605869 1.76734781 4.04474163
v -0.90818596 4.03168821 4.04573822
v -0.90068668 4.03168821 4.28995323
v -0.90068668 4.03168821 4.04573822
v -0.00600528 1.76734781 4.04474163
v -0.00600528 2.17126226 4.04474163
v -0.40992016 1.76734781 4.04474163
v -0.50222993 1.68711281 4.04474163
v -0.49677187 1.76734781 4.04474163
v -1.2765764 1.12474191 4.28995323
v 0.49087203 1.03647041 4.04474163
v 0.08695716 1.03647041 4.04474163
v 0.08695716 0.63255548 4.04474163
v -0.90818596 4.03168821 4.28995323
v -0.90818596 4.40387583 4.04573822
v -0.90818596 4.40387583 4.28995323
v -0.90068668 1.03647041 4.04474163
v -0.90068668 0.63255548 4.04474163
v -1.2765764 0 4.28995323
v -0.49677187 0.63255548 4.04474163
v -0.40992016 0.63255548 4.04474163
v -0.50222993 0.56237096 4.04474163
v -0.40992016 1.03647041 4.04474163
v -0.49677187 1.03647041 4.04474163
v 1.274212 1.12474191 4.28995323
v 1.00605869 0.63255548 4.04474163
v 1.00605869 1.03647041 4.04474163
v 0.59495723 6.12686253 4.04573822
v 0.60214382 6.12686253 4.28995323
v 0.60214382 6.12686253 4.04573822
v 1.00091326 1.12474191 4.28995323
v 1.00091326 1.03647041 4.28995323
v 1.00605869 1.03647041 4.28995323
v 0.60214382 1.03647041 4.04474163
v 0.60214382 0.63255548 4.04474163
v 0.49087203 -0.08781147 4.04474163
v 0.08695716 -0.08781147 4.04474163
v 0.08695716 -0.4917264 4.04474163
v 0.59495723 6.12686253 4.28995323
v 0.59495723 6.44761372 4.04573822
v 0.59495723 6.44761372 4.28995323
v -0.90068668 -0.08781147 4.04474163
v -0.90068668 -0.4917264 4.04474163
v -0.90068668 4.40387583 4.04573822
v -0.90068668 4.40387583 4.28995323
v -0.49677187 -0.4917264 4.04474163
v -0.40992016 -0.4917264 4.04474163
v -0.50222993 -0.53851283 4.04474163
v -0.40992016 -0.08781147 4.04474163
v -0.49677187 -0.08781147 4.04474163
v 0.60214382 -0.08781147 4.04474163
v 0.60214382 -0.4917264 4.04474163
v 1.00091326 0 4.28995323
v 1.00091326 -0.08781147 4.28995323
v 1.00605869 -0.08781147 4.28995323
v 1.00605869 -0.4917264 4.04474163
v 1.00605869 -0.08781147 4.04474163
v 1.274212 0 4.28995323
v -1.2765764 -1.07702565 4.28995323
v 0.49087203 -1.16217279 4.04474163
v 0.08695716 -1.16217279 4.04474163
v 0.08695716 -1.56608772 4.04474163
v -0.00118219 -1.61553848 4.04474163
v -0.90068668 -1.16217279 4.04474163
v -0.90068668 -1.56608772 4.04474163
v -1.2765764 -2.1540513 4.28995323
v 1.274212 -1.07702565 4.28995323
v 1.00605869 -1.56608772 4.04474163
v 1.00605869 -1.16217279 4.04474163
v 0.60214382 6.44761372 4.04573822
v 0.60214382 6.44761372 4.28995323
v 1.00091326 -1.07702565 4.28995323
v 1.00091326 -1.16217279 4.28995323
v 1.00605869 -1.16217279 4.28995323
v 0.60214382 -1.16217279 4.04474163
v 0.60214382 -1.56608772 4.04474163
v -0.00600528 -1.16217279 4.04474163
v -0.40992016 -1.56608772 4.04474163
v -0.50222993 -1.61553848 4.04474163
v -0.49677187 -1.56608772 4.04474163
v 0.49087203 -2.24113178 4.04474163
v 0.08695716 -2.24113178 4.04474163
v 0.08695716 -2.64504623 4.04474163
v -0.90068668 -2.24113178 4.04474163
v -0.90068668 -2.64504623 4.04474163
v 1.274212 -2.1540513 4.28995323
v 1.00605869 -2.64504623 4.04474163
v 1.00605869 -2.24113178 4.04474163
v 1.00091326 -2.1540513 4.28995323
v 1.00091326 -2.24113178 4.28995323
v 1.00605869 -2.24113178 4.28995323
v 0.60214382 -2.24113178 4.04474163
v 0.60214382 -2.64504623 4.04474163
v -0.49677187 -2.64504623 4.04474163
v -0.40992016 -2.64504623 4.04474163
v -0.50222993 -2.69256401 4.04474163
v -0.40992016 -2.24113178 4.04474163
v -0.49677187 -2.24113178 4.04474163
v 0.59495723 -3.67449784 4.04573822
v 0.60214382 -3.67449784 4.28995323
v 0.60214382 -3.67449784 4.04573822
v -1.2765764 -3.23107696 4.28995323
v 0.49087203 -3.31529045 4.04474163
v 0.08695716 -3.31529045 4.04474163
v 0.08695716 -3.71920586 4.04474163
v -0.00118219 -3.76958966 4.04474163
v 0.59495723 -3.67449784 4.28995323
v 0.59495723 -3.32616878 4.04573822
v 0.59495723 -3.32616878 4.28995323
v -0.90068668 -3.31529045 4.04474163
v -0.90068668 -3.71920586 4.04474163
v -1.2765764 -4.30810261 4.28995323
v -0.00600528 -3.31529045 4.04474163
v -0.40992016 -3.71920586 4.04474163
v -0.50222993 -3.76958966 4.04474163
v -0.49677187 -3.71920586 4.04474163
v 0.60214382 -3.31529045 4.04474163
v 0.60214382 -3.71920586 4.04474163
v 1.00091326 -3.23107696 4.28995323
v 1.00091326 -3.31529045 4.28995323
v 1.00605869 -3.31529045 4.28995323
v 1.00605869 -3.71920586 4.04474163
v 1.00605869 -3.31529045 4.04474163
v 1.274212 -3.23107696 4.28995323
v 0.60214382 -3.32616878 4.04573822
v 0.60214382 -3.32616878 4.28995323
v 0.49087203 -4.39486027 4.04474163
v 0.08695716 -4.39486027 4.04474163
v 0.08695716 -4.79877472 4.04474163
v -0.90068668 -4.39486027 4.04474163
v -0.90068668 -4.79877472 4.04474163
v -0.90818596 7.14873219 4.04573822
v -0.90068668 7.14873219 4.28995323
v -0.90068668 7.14873219 4.04573822
v 1.274212 -4.30810261 4.28995323
v 1.00605869 -4.79877472 4.04474163
v 1.00605869 -4.39486027 4.04474163
v -0.90818596 7.14873219 4.28995323
v -0.90818596 7.46948338 4.04573822
v -0.90818596 7.46948338 4.28995323
v 1.00091326 -4.30810261 4.28995323
v 1.00091326 -4.39486027 4.28995323
v 1.00605869 -4.39486027 4.28995323
v 0.60214382 -4.39486027 4.04474163
v 0.60214382 -4.79877472 4.04474163
v -0.49677187 -4.79877472 4.04474163
v -0.40992016 -4.79877472 4.04474163
v -0.50222993 -4.84661531 4.04474163
v -0.40992016 -4.39486027 4.04474163
v -0.49677187 -4.39486027 4.04474163
v -1.2765764 -5.38512802 4.28995323
v 0.49087203 -5.47304058 4.04474163
v 0.08695716 -5.47304058 4.04474163
v 0.08695716 -5.87695599 4.04474163
v -0.90068668 -5.47304058 4.04474163
v -0.90068668 -5.87695599 4.04474163
v -1.2765764 -6.46215391 4.28995323
v -0.90068668 7.46948338 4.04573822
v -0.90068668 7.46948338 4.28995323
v -0.49677187 -5.87695599 4.04474163
v -0.40992016 -5.87695599 4.04474163
v -0.50222993 -5.9236412 4.04474163
v -0.40992016 -5.47304058 4.04474163
v -0.49677187 -5.47304058 4.04474163
v 0.60214382 -5.47304058 4.04474163
v 0.60214382 -5.87695599 4.04474163
v 1.00091326 -5.38512802 4.28995323
v 1.00091326 -5.47304058 4.28995323
v 1.00605869 -5.47304058 4.28995323
v 1.00605869 -5.87695599 4.04474163
v 1.00605869 -5.47304058 4.04474163
v 1.274212 -5.38512802 4.28995323
v 0.49087203 -6.5548296 4.04474163
v 0.08695716 -6.5548296 4.04474163
v 0.08695716 -6.958745 4.04474163
v -0.00118219 -7.00066662 4.04474163
v -0.90068668 -6.5548296 4.04474163
v -0.90068668 -6.958745 4.04474163
v -0.49677187 -6.958745 4.04474163
v -0.40992016 -6.958745 4.04474163
v -0.50222993 -7.00066662 4.04474163
v -0.40992016 -6.5548296 4.04474163
v -0.49677187 -6.5548296 4.04474163
v 0.60214382 -6.5548296 4.04474163
v 0.60214382 -6.958745 4.04474163
v 1.00091326 -6.46215391 4.28995323
v 1.00091326 -6.5548296 4.28995323
v 1.00605869 -6.5548296 4.28995323
v 1.00605869 -6.958745 4.04474163
v 1.00605869 -6.5548296 4.04474163
v 1.274212 -6.46215391 4.28995323
v -1.2765764 -7.53917933 4.28995323
v 0.49087203 -7.62708759 4.04474163
v 0.08695716 -7.62708759 4.04474163
v 0.08695716 -8.031003 4.04474163
v -0.00118219 -8.07769203 4.04474163
v -0.90068668 -7.62708759 4.04474163
v -0.90068668 -8.031003 4.04474163
v 1.274212 -7.53917933 4.28995323
v 1.00605869 -8.031003 4.04474163
v 1.00605869 -7.62708759 4.04474163
v 1.00091326 -7.53917933 4.28995323
v 1.00091326 -7.62708759 4.28995323
v 1.00605869 -7.62708759 4.28995323
v 0.60214382 -7.62708759 4.04474163
v 0.60214382 -8.031003 4.04474163
v -0.49677187 -8.031003 4.04474163
v -0.40992016 -8.031003 4.04474163
v -0.50222993 -8.07769203 4.04474163
v -0.40992016 -7.62708759 4.04474163
v -0.49677187 -7.62708759 4.04474163
v -0.90068668 0.47838402 4.28995323
v -0.50222993 0.56237096 4.28995323
v -0.90818596 0.46727923 4.28995323
v -0.90068668 0.07446909 4.28995323
v -0.90818596 0.09509173 4.28995323
v -0.50222993 0.47838402 4.28995323
v -0.58621687 0.47838402 4.28995323
v -0.57669902 0.07446909 4.28995323
v -0.50222993 0 4.28995323
v -0.50222993 0.07446909 4.28995323
v 0.08695716 0.47838402 4.28995323
v 0.49986553 0.56237096 4.28995323
v -0.00118219 0.56237096 4.28995323
v -0.00118219 0 4.28995323
v 0.08695716 0.4742316 4.28995323
v 0.49986553 0 4.28995323
v 0.42539644 0.07446909 4.28995323
v 0.08695716 0.07446909 4.28995323
v 0.49087203 0.47838402 4.28995323
v 0.08695716 4.98425865 4.28995323
v 0.49986553 5.00990248 4.28995323
v -0.00118219 5.00990248 4.28995323
v -0.00118219 4.49896765 4.28995323
v 0.08695716 4.92176294 4.28995323
v 0.49986553 4.49896765 4.28995323
v 0.41849002 4.58034325 4.28995323
v 0.08695716 4.58034325 4.28995323
v 0.49087203 4.58034325 4.28995323
v -0.90068668 4.98425865 4.28995323
v -0.50222993 5.00990248 4.28995323
v -0.90818596 4.91481066 4.28995323
v -0.90068668 4.58034325 4.28995323
v -0.90818596 4.59405947 4.28995323
v -0.50222993 4.98425865 4.28995323
v -0.52787369 4.98425865 4.28995323
v -0.58360541 4.58034325 4.28995323
v -0.50222993 4.49896765 4.28995323
v -0.50222993 4.58034325 4.28995323
v 0.49986553 -8.07769203 4.28995323
v 0.09115724 -8.17003155 4.28995323
v 0.40752611 -8.17003155 4.28995323
v 0.08695716 -8.52806568 4.28995323
v 0.08695716 -8.17003155 4.28995323
v 0.4576073 -8.57394695 4.28995323
v 0.08695716 -8.57394695 4.28995323
v 0.49087203 -8.17003155 4.28995323
v -0.90068668 -8.17003155 4.28995323
v -0.50222993 -8.07769203 4.28995323
v -0.90818596 -8.17278385 4.28995323
v -0.90068668 -8.57394695 4.28995323
v -0.90818596 -8.5211134 4.28995323
v -0.50222993 -8.17003155 4.28995323
v -0.59456933 -8.17003155 4.28995323
v -0.54448813 -8.57394695 4.28995323
v -0.50222993 -8.57394695 4.28995323
v -0.90068668 -3.85967731 4.28995323
v -0.50222993 -3.76958966 4.28995323
v -0.90818596 -3.86468148 4.28995323
v -0.90068668 -4.26359272 4.28995323
v -0.90818596 -4.21301079 4.28995323
v -0.50222993 -3.85967731 4.28995323
v -0.59231746 -3.85967731 4.28995323
v -0.54673976 -4.26359272 4.28995323
v -0.50222993 -4.30810261 4.28995323
v -0.50222993 -4.26359272 4.28995323
v 0.49986553 -3.76958966 4.28995323
v 0.08890538 -3.85967731 4.28995323
v 0.40977797 -3.85967731 4.28995323
v -0.00118219 -4.30810261 4.28995323
v 0.08695716 -4.21996307 4.28995323
v 0.08695716 -3.85967731 4.28995323
v 0.49986553 -4.30810261 4.28995323
v 0.45535567 -4.26359272 4.28995323
v 0.08695716 -4.26359272 4.28995323
v 0.49087203 -3.85967731 4.28995323
v 0.08695716 2.7377758 4.28995323
v 0.49986553 2.81185484 4.28995323
v -0.00118219 2.81185484 4.28995323
v -0.00118219 2.24948382 4.28995323
v 0.08695716 2.72371531 4.28995323
v 0.49986553 2.24948382 4.28995323
v 0.41548857 2.33386087 4.28995323
v 0.08695716 2.33386087 4.28995323
v 0.49087203 2.33386087 4.28995323
v -0.90068668 2.7377758 4.28995323
v -0.50222993 2.81185484 4.28995323
v -0.90818596 2.71676302 4.28995323
v -0.90068668 2.33386087 4.28995323
v -0.90818596 2.34457564 4.28995323
v -0.50222993 2.7377758 4.28995323
v -0.57630885 2.7377758 4.28995323
v -0.58660686 2.33386087 4.28995323
v -0.50222993 2.24948382 4.28995323
v -0.50222993 2.33386087 4.28995323
v -0.59732163 3.84150481 4.28995323
v -0.50222993 3.93659663 4.28995323
v -0.90818596 3.84150481 4.28995323
v -0.90068668 3.41082954 4.28995323
v -0.90818596 3.46931744 4.28995323
v -0.50222993 3.81474447 4.28995323
v -0.59732163 3.81474447 4.28995323
v -0.50222993 3.37422562 4.28995323
v -0.50222993 3.41082954 4.28995323
v -0.5388338 3.41082954 4.28995323
v -0.00118219 3.93659663 4.28995323
v 0.4047738 3.84150481 4.28995323
v 0.49986553 3.93659663 4.28995323
v 0.08695716 3.81474447 4.28995323
v 0.09390954 3.84150481 4.28995323
v 0.49986553 3.37422562 4.28995323
v 0.46326163 3.41082954 4.28995323
v 0.08695716 3.41082954 4.28995323
v 0.49087203 3.81474447 4.28995323
v -0.59732163 6.95854855 4.28995323
v -0.50222993 7.05364037 4.28995323
v -0.90818596 6.95854855 4.28995323
v -0.90818596 6.63779736 4.28995323
v -0.90068668 6.54270554 4.28995323
v -0.90068668 6.63779736 4.28995323
v -0.50222993 6.94002819 4.28995323
v -0.59732163 6.94002819 4.28995323
v -0.00118219 7.05364037 4.28995323
v 0.4047738 6.95854855 4.28995323
v 0.49986553 7.05364037 4.28995323
v 0.08695716 6.94002819 4.28995323
v 0.09390954 6.95854855 4.28995323
v 0.49986553 6.54270554 4.28995323
v 0.49087203 6.55169916 4.28995323
v 0.49087203 6.54270554 4.28995323
v -0.00118219 6.54270554 4.28995323
v 0.08695716 6.54270554 4.28995323
v 0.08695716 6.63084507 4.28995323
v 0.49087203 6.94002819 4.28995323
v 0.08695716 8.02240944 4.28995323
v 0.49986553 8.07551003 4.28995323
v -0.00118219 8.07551003 4.28995323
v -0.00118219 7.5645752 4.28995323
v 0.08695716 7.98737049 4.28995323
v 0.49986553 7.5645752 4.28995323
v 0.4459458 7.61849499 4.28995323
v 0.08695716 7.61849499 4.28995323
v 0.49087203 7.61849499 4.28995323
v -0.90068668 8.02240944 4.28995323
v -0.50222993 8.07551003 4.28995323
v -0.90818596 7.98041821 4.28995323
v -0.90068668 7.61849499 4.28995323
v -0.90818596 7.65966702 4.28995323
v -0.50222993 8.02240944 4.28995323
v -0.55533046 8.02240944 4.28995323
v -0.55614966 7.61849499 4.28995323
v -0.50222993 7.5645752 4.28995323
v -0.50222993 7.61849499 4.28995323
v -0.90068668 5.95348358 4.28995323
v -0.50222993 6.03177071 4.28995323
v -0.90818596 5.93667889 4.28995323
v -0.90068668 5.54956818 4.28995323
v -0.90818596 5.61592865 4.28995323
v -0.50222993 5.95348358 4.28995323
v -0.58051693 5.95348358 4.28995323
v -0.53096122 5.54956818 4.28995323
v -0.50222993 5.52083683 4.28995323
v -0.50222993 5.54956818 4.28995323
v 0.08695716 5.95348358 4.28995323
v 0.49986553 6.03177071 4.28995323
v -0.00118219 6.03177071 4.28995323
v -0.00118219 5.52083683 4.28995323
v 0.08695716 5.94363117 4.28995323
v 0.49986553 5.52083683 4.28995323
v 0.47113422 5.54956818 4.28995323
v 0.08695716 5.54956818 4.28995323
v 0.49087203 5.95348358 4.28995323
v -0.90068668 -5.99350452 4.28995323
v -0.50222993 -5.9236412 4.28995323
v -0.90818596 -6.36706209 4.28995323
v -0.90818596 -6.01873302 4.28995323
v -0.90068668 -6.39741898 4.28995323
v -0.50222993 -5.99350452 4.28995323
v -0.57209319 -5.99350452 4.28995323
v -0.56696481 -6.39741898 4.28995323
v -0.50222993 -6.46215391 4.28995323
v -0.50222993 -6.39741898 4.28995323
v 0.08695716 -5.99350452 4.28995323
v 0.49986553 -5.9236412 4.28995323
v -0.00118219 -5.9236412 4.28995323
v -0.00118219 -6.46215391 4.28995323
v 0.08695716 -6.01178074 4.28995323
v 0.49986553 -6.46215391 4.28995323
v 0.43513066 -6.39741898 4.28995323
v 0.08695716 -6.39741898 4.28995323
v 0.49087203 -5.99350452 4.28995323
v 0.49986553 -1.61553848 4.28995323
v 0.09208254 -1.70880318 4.28995323
v 0.4066008 -1.70880318 4.28995323
v -0.00118219 -2.1540513 4.28995323
v 0.08695716 -2.06591177 4.28995323
v 0.08695716 -1.70880318 4.28995323
v 0.49986553 -2.1540513 4.28995323
v 0.45853189 -2.11271763 4.28995323
v 0.08695716 -2.11271763 4.28995323
v 0.49087203 -1.70880318 4.28995323
v -0.90068668 -1.70880318 4.28995323
v -0.50222993 -1.61553848 4.28995323
v -0.90068668 -2.11271763 4.28995323
v -0.50222993 -1.70880318 4.28995323
v -0.59549463 -1.70880318 4.28995323
v -0.54356354 -2.11271763 4.28995323
v -0.50222993 -2.1540513 4.28995323
v -0.50222993 -2.11271763 4.28995323
v -0.90068668 -7.08900833 4.28995323
v -0.50222993 -7.00066662 4.28995323
v -0.90068668 -7.49292278 4.28995323
v -0.50222993 -7.08900833 4.28995323
v -0.59057152 -7.08900833 4.28995323
v -0.54848641 -7.49292278 4.28995323
v -0.50222993 -7.53917933 4.28995323
v -0.50222993 -7.49292278 4.28995323
v 0.49986553 -7.00066662 4.28995323
v 0.08715944 -7.08900833 4.28995323
v 0.41152391 -7.08900833 4.28995323
v -0.00118219 -7.53917933 4.28995323
v 0.08695716 -7.45103979 4.28995323
v 0.08695716 -7.08900833 4.28995323
v 0.49986553 -7.53917933 4.28995323
v 0.45360902 -7.49292278 4.28995323
v 0.08695716 -7.49292278 4.28995323
v 0.49087203 -7.08900833 4.28995323
v 0.08695716 -2.77117729 4.28995323
v 0.49986553 -2.69256401 4.28995323
v -0.00118219 -2.69256401 4.28995323
v -0.00118219 -3.23107696 4.28995323
v 0.08695716 -2.78070354 4.28995323
v 0.49986553 -3.23107696 4.28995323
v 0.44388133 -3.1750927 4.28995323
v 0.08695716 -3.1750927 4.28995323
v 0.49087203 -2.77117729 4.28995323
v -0.90068668 -2.77117729 4.28995323
v -0.50222993 -2.69256401 4.28995323
v -0.90068668 -3.1750927 4.28995323
v -0.50222993 -2.77117729 4.28995323
v -0.58084309 -2.77117729 4.28995323
v -0.55821413 -3.1750927 4.28995323
v -0.50222993 -3.23107696 4.28995323
v -0.50222993 -3.1750927 4.28995323
v -0.90068668 -0.61190844 4.28995323
v -0.50222993 -0.53851283 4.28995323
v -0.90818596 -0.63360453 4.28995323
v -0.90068668 -1.01582336 4.28995323
v -0.90818596 -0.98193395 4.28995323
v -0.50222993 -0.61190844 4.28995323
v -0.57562554 -0.61190844 4.28995323
v -0.56343222 -1.01582336 4.28995323
v -0.50222993 -1.07702565 4.28995323
v -0.50222993 -1.01582336 4.28995323
v 0.08695716 -0.61190844 4.28995323
v 0.49986553 -0.53851283 4.28995323
v -0.00118219 -0.53851283 4.28995323
v -0.00118219 -1.07702565 4.28995323
v 0.08695716 -0.62665218 4.28995323
v 0.49986553 -1.07702565 4.28995323
v 0.43866321 -1.01582336 4.28995323
v 0.08695716 -1.01582336 4.28995323
v 0.49087203 -0.61190844 4.28995323
v 0.08695716 -4.92513561 4.28995323
v 0.49986553 -4.84661531 4.28995323
v -0.00118219 -4.84661531 4.28995323
v -0.00118219 -5.38512802 4.28995323
v 0.08695716 -4.93475485 4.28995323
v 0.49986553 -5.38512802 4.28995323
v 0.44378763 -5.32905006 4.28995323
v 0.08695716 -5.32905006 4.28995323
v 0.49087203 -4.92513561 4.28995323
v -0.90068668 -4.92513561 4.28995323
v -0.50222993 -4.84661531 4.28995323
v -0.90818596 -5.2900362 4.28995323
v -0.90818596 -4.94170713 4.28995323
v -0.90068668 -5.32905006 4.28995323
v -0.50222993 -4.92513561 4.28995323
v -0.58075011 -4.92513561 4.28995323
v -0.55830783 -5.32905006 4.28995323
v -0.50222993 -5.38512802 4.28995323
v -0.50222993 -5.32905006 4.28995323
v 0.08695716 1.60400343 4.28995323
v 0.49986553 1.68711281 4.28995323
v -0.00118219 1.68711281 4.28995323
v -0.00118219 1.12474191 4.28995323
v 0.08695716 1.59897351 4.28995323
v 0.49986553 1.12474191 4.28995323
v 0.42451891 1.2000885 4.28995323
v 0.08695716 1.2000885 4.28995323
v 0.49087203 1.60400343 4.28995323
v -0.90068668 1.60400343 4.28995323
v -0.50222993 1.68711281 4.28995323
v -0.90818596 1.59202111 4.28995323
v -0.90068668 1.2000885 4.28995323
v -0.90818596 1.21983361 4.28995323
v -0.50222993 1.60400343 4.28995323
v -0.58533931 1.60400343 4.28995323
v -0.57757652 1.2000885 4.28995323
v -0.50222993 1.12474191 4.28995323
v -0.50222993 1.2000885 4.28995323
v -0.40992016 1.60400343 4.28995323
v -0.40992016 1.59480309 4.28995323
v -0.49677187 1.60400343 4.28995323
v -0.0765288 1.2000885 4.28995323
v -0.40992016 1.2000885 4.28995323
v -0.00600528 1.60400343 4.28995323
v -0.40992016 -4.92513561 4.28995323
v -0.40992016 -4.93892527 4.28995323
v -0.49677187 -4.92513561 4.28995323
v -0.0572601 -5.32905006 4.28995323
v -0.40992016 -5.32905006 4.28995323
v -0.00600528 -4.92513561 4.28995323
v -0.40992016 -0.61190844 4.28995323
v -0.40992016 -0.6308226 4.28995323
v -0.49677187 -0.61190844 4.28995323
v -0.0623845 -1.01582336 4.28995323
v -0.40992016 -1.01582336 4.28995323
v -0.00600528 -0.61190844 4.28995323
v -0.40992016 -2.77117729 4.28995323
v -0.40992016 -2.78487396 4.28995323
v -0.49677187 -2.77117729 4.28995323
v -0.0571664 -3.1750927 4.28995323
v -0.40992016 -3.1750927 4.28995323
v -0.00600528 -2.77117729 4.28995323
v -0.40992016 -7.08900833 4.28995323
v -0.00118219 -7.00066662 4.28995323
v -0.40992016 -7.09297657 4.28995323
v -0.49677187 -7.08900833 4.28995323
v -0.04743869 -7.49292278 4.28995323
v -0.40992016 -7.49292278 4.28995323
v -0.00600528 -7.08900833 4.28995323
v -0.00118219 -1.61553848 4.28995323
v -0.4089652 -1.70880318 4.28995323
v -0.09444692 -1.70880318 4.28995323
v -0.40992016 -1.70880318 4.28995323
v -0.49677187 -1.70880318 4.28995323
v -0.04251583 -2.11271763 4.28995323
v -0.40992016 -2.11271763 4.28995323
v -0.00600528 -1.70880318 4.28995323
v -0.40992016 -5.99350452 4.28995323
v -0.40992016 -6.01595116 4.28995323
v -0.49677187 -5.99350452 4.28995323
v -0.06591707 -6.39741898 4.28995323
v -0.40992016 -6.39741898 4.28995323
v -0.00600528 -5.99350452 4.28995323
v -0.40992016 5.95348358 4.28995323
v -0.40992016 5.93946075 4.28995323
v -0.49677187 5.95348358 4.28995323
v -0.02991351 5.54956818 4.28995323
v -0.40992016 5.54956818 4.28995323
v -0.00600528 5.95348358 4.28995323
v -0.40992016 8.02240944 4.28995323
v -0.49677187 7.61849499 4.28995323
v -0.40992016 7.98320007 4.28995323
v -0.49677187 8.02240944 4.28995323
v -0.05510193 7.61849499 4.28995323
v -0.40992016 7.61849499 4.28995323
v -0.00600528 7.61849499 4.28995323
v -0.09627392 6.95854855 4.28995323
v -0.40992016 6.94002819 4.28995323
v -0.4071382 6.95854855 4.28995323
v -0.49677187 6.94002819 4.28995323
v -0.40992016 6.54270554 4.28995323
v -0.49677187 6.54816341 4.28995323
v -0.49677187 6.54270554 4.28995323
v -0.00600528 6.54752874 4.28995323
v -0.00600528 6.54270554 4.28995323
v -0.00600528 6.94002819 4.28995323
v -0.09627392 3.84150481 4.28995323
v -0.49677187 3.41082954 4.28995323
v -0.00118219 3.37422562 4.28995323
v -0.03778609 3.41082954 4.28995323
v -0.40992016 3.41082954 4.28995323
v -0.00600528 3.81474447 4.28995323
v -0.40992016 2.7377758 4.28995323
v -0.49677187 2.33386087 4.28995323
v -0.40992016 2.71954489 4.28995323
v -0.49677187 2.7377758 4.28995323
v -0.08555916 2.33386087 4.28995323
v -0.40992016 2.33386087 4.28995323
v -0.00600528 2.33386087 4.28995323
v -0.40992016 -3.85967731 4.28995323
v -0.00118219 -3.76958966 4.28995323
v -0.40992016 -3.86189961 4.28995323
v -0.49677187 -3.85967731 4.28995323
v -0.04569204 -4.26359272 4.28995323
v -0.40992016 -4.26359272 4.28995323
v -0.00600528 -3.85967731 4.28995323
v -0.00118219 -8.07769203 4.28995323
v -0.4098905 -8.17003155 4.28995323
v -0.09352162 -8.17003155 4.28995323
v -0.40992016 -8.17003155 4.28995323
v -0.49677187 -8.17003155 4.28995323
v -0.04344041 -8.57394695 4.28995323
v -0.40992016 -8.57394695 4.28995323
v -0.00600528 -8.17003155 4.28995323
v -0.40992016 4.98425865 4.28995323
v -0.49677187 4.58034325 4.28995323
v -0.40992016 4.91759253 4.28995323
v -0.49677187 4.98425865 4.28995323
v -0.08255772 4.58034325 4.28995323
v -0.40992016 4.58034325 4.28995323
v -0.00600528 4.58034325 4.28995323
v -0.40992016 0.47838402 4.28995323
v -0.40992016 0.47006118 4.28995323
v -0.49677187 0.47838402 4.28995323
v -0.07565128 0.07446909 4.28995323
v -0.40992016 0.07446909 4.28995323
v -0.00600528 0.47838402 4.28995323
v 0.60214382 1.60400343 4.28995323
v 0.60214382 1.2000885 4.28995323
v 0.91780388 1.60400343 4.28995323
v 0.92556667 1.2000885 4.28995323
v 1.00091326 1.2000885 4.28995323
v 0.60214382 -4.92513561 4.28995323
v 0.60214382 -5.32905006 4.28995323
v 0.92239308 -4.92513561 4.28995323
v 0.94483536 -5.32905006 4.28995323
v 1.00091326 -5.32905006 4.28995323
v 0.60214382 -0.61190844 4.28995323
v 0.60214382 -1.01582336 4.28995323
v 0.92751765 -0.61190844 4.28995323
v 0.93971097 -1.01582336 4.28995323
v 1.00091326 -1.01582336 4.28995323
v 0.60214382 -2.77117729 4.28995323
v 0.60214382 -3.1750927 4.28995323
v 0.9223001 -2.77117729 4.28995323
v 0.94492906 -3.1750927 4.28995323
v 1.00091326 -3.1750927 4.28995323
v 0.60214382 -7.08900833 4.28995323
v 0.59495723 -7.44408751 4.28995323
v 0.59495723 -7.09575844 4.28995323
v 0.60214382 -7.49292278 4.28995323
v 0.91257167 -7.08900833 4.28995323
v 0.95465678 -7.49292278 4.28995323
v 1.00091326 -7.49292278 4.28995323
v 0.60214382 -1.70880318 4.28995323
v 0.59495723 -2.05895948 4.28995323
v 0.59495723 -1.71063018 4.28995323
v 0.60214382 -2.11271763 4.28995323
v 0.90764856 -1.70880318 4.28995323
v 0.95957965 -2.11271763 4.28995323
v 1.00091326 -2.11271763 4.28995323
v 0.60214382 -5.99350452 4.28995323
v 0.59495723 -6.36706209 4.28995323
v 0.59495723 -6.01873302 4.28995323
v 0.60214382 -6.39741898 4.28995323
v 0.93105 -5.99350452 4.28995323
v 0.93617839 -6.39741898 4.28995323
v 1.00091326 -6.39741898 4.28995323
v 0.60214382 5.95348358 4.28995323
v 0.59495723 5.93667889 4.28995323
v 0.60214382 5.54956818 4.28995323
v 0.59495723 5.61592865 4.28995323
v 0.92262626 5.95348358 4.28995323
v 0.97218198 5.54956818 4.28995323
v 1.00091326 5.54956818 4.28995323
v 0.60214382 8.02240944 4.28995323
v 1.00091326 8.07551003 4.28995323
v 0.59495723 7.98041821 4.28995323
v 0.60214382 7.61849499 4.28995323
v 0.59495723 7.65966702 4.28995323
v 1.00091326 8.02240944 4.28995323
v 0.94781274 8.02240944 4.28995323
v 0.94699353 7.61849499 4.28995323
v 1.00091326 7.61849499 4.28995323
v 0.90582156 6.95854855 4.28995323
v 0.59495723 6.95854855 4.28995323
v 0.59495723 6.63779736 4.28995323
v 0.60214388 6.54270554 4.28995323
v 0.60214388 6.63779736 4.28995323
v 0.90582156 6.94002867 4.28995323
v 0.90582156 3.84150481 4.28995323
v 0.59495723 3.84150481 4.28995323
v 0.60214382 3.41082954 4.28995323
v 0.59495723 3.46931744 4.28995323
v 0.90582156 3.81474447 4.28995323
v 1.00091326 3.41082954 4.28995323
v 0.96430939 3.41082954 4.28995323
v 0.60214382 2.7377758 4.28995323
v 1.00091326 2.81185484 4.28995323
v 0.59495723 2.71676302 4.28995323
v 0.60214382 2.33386087 4.28995323
v 0.59495723 2.34457564 4.28995323
v 1.00091326 2.7377758 4.28995323
v 0.92683434 2.7377758 4.28995323
v 0.91653633 2.33386087 4.28995323
v 1.00091326 2.24948382 4.28995323
v 1.00091326 2.33386087 4.28995323
v 0.60214382 -3.85967731 4.28995323
v 0.59495723 -3.86468148 4.28995323
v 0.60214382 -4.26359272 4.28995323
v 0.59495723 -4.21301079 4.28995323
v 0.91082573 -3.85967731 4.28995323
v 0.95640343 -4.26359272 4.28995323
v 1.00091326 -4.26359272 4.28995323
v 0.60214382 -8.17003155 4.28995323
v 0.59495723 -8.17278385 4.28995323
v 0.60214382 -8.57394695 4.28995323
v 0.59495723 -8.5211134 4.28995323
v 0.90857387 -8.17003155 4.28995323
v 0.95865506 -8.57394695 4.28995323
v 1.00091326 -8.57394695 4.28995323
v 0.60214382 4.98425865 4.28995323
v 1.00091326 5.00990248 4.28995323
v 0.59495723 4.91481066 4.28995323
v 0.60214382 4.58034325 4.28995323
v 0.59495723 4.59405947 4.28995323
v 1.00091326 4.98425865 4.28995323
v 0.9752695 4.98425865 4.28995323
v 0.91953778 4.58034325 4.28995323
v 1.00091326 4.58034325 4.28995323
v 0.60214382 0.47838402 4.28995323
v 0.59495723 0.46727923 4.28995323
v 0.60214382 0.07446909 4.28995323
v 0.59495723 0.09509173 4.28995323
v 0.91692632 0.47838402 4.28995323
v 0.92644417 0.07446909 4.28995323
v 1.00091326 0.07446909 4.28995323
v 0.60214382 8.55113506 4.28995323
v 0.59495723 8.49135208 4.28995323
v 0.60214382 8.14722061 4.28995323
v 0.59495723 8.17060184 4.28995323
v 1.00091326 8.55113506 4.28995323
v 0.96560448 8.55113506 4.28995323
v 0.9292028 8.14722061 4.28995323
v 1.00091326 8.14722061 4.28995323
v -0.40992016 8.55113506 4.28995323
v -0.49677187 8.14722061 4.28995323
v -0.40992016 8.49413395 4.28995323
v -0.49677187 8.55113506 4.28995323
v -0.07289271 8.14722061 4.28995323
v -0.40992016 8.14722061 4.28995323
v -0.00600528 8.14722061 4.28995323
v -0.90068668 8.55113506 4.28995323
v -0.90818596 8.49135208 4.28995323
v -0.90006113 8.14142513 4.28995323
v -0.90068668 8.14722061 4.28995323
v -0.50222993 8.55113506 4.28995323
v -0.53753871 8.55113506 4.28995323
v -0.5739404 8.14722061 4.28995323
v -0.50222993 8.14722061 4.28995323
v 0.08695716 8.55113506 4.28995323
v 0.08695716 8.49830437 4.28995323
v 0.428155 8.14722061 4.28995323
v 0.08695716 8.14722061 4.28995323
v 0.49087203 8.14722061 4.28995323
v 0.60214388 7.473598 4.28995323
v 0.59495723 7.46948338 4.28995323
v 0.60214388 7.06968355 4.28995323
v 0.59495723 7.14873219 4.28995323
v 0.90993619 7.473598 4.28995323
v 0.98487008 7.06968355 4.28995323
v 1.00091326 7.06968355 4.28995323
v -0.40992016 7.47359753 4.28995323
v -0.49677187 7.06968307 4.28995323
v -0.40992016 7.14595032 4.28995323
v -0.49677187 7.47359753 4.28995323
v -0.01722489 7.06968307 4.28995323
v -0.40992016 7.06968307 4.28995323
v -0.00600528 7.47359753 4.28995323
v 0.08979492 7.473598 4.28995323
v 0.40888843 7.473598 4.28995323
v 0.08695716 7.1417799 4.28995323
v 0.08695716 7.473598 4.28995323
v 0.08695716 7.06968355 4.28995323
v 0.49087203 7.473598 4.28995323
v 0.49087203 7.06968355 4.28995323
v -0.90068668 7.47359753 4.28995323
v -0.90068668 7.06968307 4.28995323
v -0.50222993 7.47359753 4.28995323
v -0.59320748 7.47359753 4.28995323
v -0.51827264 7.06968307 4.28995323
v -0.50222993 7.06968307 4.28995323
v 0.60214382 6.47130871 4.28995323
v 0.60214388 6.53611422 4.28995323
v 0.60214382 6.06739426 4.28995323
v 0.99432194 6.53611422 4.28995323
v 1.00091326 6.47130871 4.28995323
v 1.00091326 6.53611422 4.28995323
v 0.96528977 6.06739426 4.28995323
v 1.00091326 6.06739426 4.28995323
v -0.49677187 6.53724766 4.28995323
v -0.40992016 6.47130871 4.28995323
v -0.40992016 6.53611326 4.28995323
v -0.00600528 6.53788233 4.28995323
v -0.40992016 6.45039558 4.28995323
v -0.49677187 6.53611326 4.28995323
v -0.49677187 6.47130871 4.28995323
v -0.03680571 6.06739426 4.28995323
v -0.40992016 6.06739426 4.28995323
v -0.00600528 6.47130871 4.28995323
v -0.00600528 6.06739426 4.28995323
v 0.08695716 6.53611326 4.28995323
v 0.08695716 6.47130871 4.28995323
v 0.42846876 6.47130871 4.28995323
v 0.08695716 6.454566 4.28995323
v 0.46424201 6.06739426 4.28995323
v 0.08695716 6.06739426 4.28995323
v 0.49087203 6.47130871 4.28995323
v -0.90068668 6.47130871 4.28995323
v -0.90068668 6.53611326 4.28995323
v -0.90068668 6.06739426 4.28995323
v -0.5088222 6.53611326 4.28995323
v -0.50222993 6.47130871 4.28995323
v -0.50222993 6.53611326 4.28995323
v -0.53785342 6.06739426 4.28995323
v -0.50222993 6.06739426 4.28995323
v 0.60214382 5.44124985 4.28995323
v 0.60214382 5.03733492 4.28995323
v 0.9213264 5.44124985 4.28995323
v 0.97348088 5.03733492 4.28995323
v 1.00091326 5.03733492 4.28995323
v -0.40992016 5.44124985 4.28995323
v -0.40992016 5.42852688 4.28995323
v -0.49677187 5.44124985 4.28995323
v -0.02861461 5.03733492 4.28995323
v -0.40992016 5.03733492 4.28995323
v -0.00600528 5.44124985 4.28995323
v -0.90068668 5.44124985 4.28995323
v -0.90818596 5.42574501 4.28995323
v -0.90068668 5.03733492 4.28995323
v -0.90818596 5.1049943 4.28995323
v -0.50222993 5.44124985 4.28995323
v -0.58181679 5.44124985 4.28995323
v -0.52966231 5.03733492 4.28995323
v -0.50222993 5.03733492 4.28995323
v 0.08695716 5.44124985 4.28995323
v 0.08695716 5.4326973 4.28995323
v 0.47243312 5.03733492 4.28995323
v 0.08695716 5.03733492 4.28995323
v 0.49087203 5.44124985 4.28995323
v 0.60214382 4.41534424 4.28995323
v 0.59495723 4.40387583 4.28995323
v 0.60214382 4.01142979 4.28995323
v 0.59495723 4.03168821 4.28995323
v 0.91728997 4.41534424 4.28995323
v 0.92607999 4.01142979 4.28995323
v 1.00091326 4.01142979 4.28995323
v -0.40992016 4.41534424 4.28995323
v -0.40992016 4.4066577 4.28995323
v -0.49677187 4.41534424 4.28995323
v -0.07601546 4.01142979 4.28995323
v -0.40992016 4.01142979 4.28995323
v -0.00600528 4.41534424 4.28995323
v 0.08695716 4.41534424 4.28995323
v 0.08695716 4.41082811 4.28995323
v 0.42503226 4.01142979 4.28995323
v 0.08695716 4.01142979 4.28995323
v 0.49087203 4.41534424 4.28995323
v -0.90068668 4.41534424 4.28995323
v -0.90068668 4.01142979 4.28995323
v -0.50222993 4.41534424 4.28995323
v -0.58585322 4.41534424 4.28995323
v -0.5770632 4.01142979 4.28995323
v -0.50222993 4.01142979 4.28995323
v 0.60214382 3.29199481 4.28995323
v 0.60214382 2.88807988 4.28995323
v 0.91868258 3.29199481 4.28995323
v 0.92468834 2.88807988 4.28995323
v 1.00091326 2.88807988 4.28995323
v -0.40992016 3.29199481 4.28995323
v -0.40992016 3.28191566 4.28995323
v -0.49677187 3.29199481 4.28995323
v -0.07740716 2.88807988 4.28995323
v -0.40992016 2.88807988 4.28995323
v -0.00600528 3.29199481 4.28995323
v -0.90068668 3.29199481 4.28995323
v -0.90068668 2.88807988 4.28995323
v -0.50222993 3.29199481 4.28995323
v -0.58446062 3.29199481 4.28995323
v -0.57845485 2.88807988 4.28995323
v -0.50222993 2.88807988 4.28995323
v 0.08695716 3.29199481 4.28995323
v 0.08695716 2.89999437 4.28995323
v 0.08695716 3.28608608 4.28995323
v 0.42364055 2.88807988 4.28995323
v 0.08695716 2.88807988 4.28995323
v 0.49087203 3.29199481 4.28995323
v 0.60214382 2.17126226 4.28995323
v 0.59495723 2.154392 4.28995323
v 0.60214382 1.76734781 4.28995323
v 0.59495723 1.78220451 4.28995323
v 1.00091326 2.17126226 4.28995323
v 0.92269182 2.17126226 4.28995323
v 0.92067826 1.76734781 4.28995323
v 1.00091326 1.76734781 4.28995323
v -0.40992016 2.17126226 4.28995323
v -0.49677187 1.76734781 4.28995323
v -0.40992016 2.15717387 4.28995323
v -0.49677187 2.17126226 4.28995323
v -0.08141722 1.76734781 4.28995323
v -0.40992016 1.76734781 4.28995323
v -0.00600528 1.76734781 4.28995323
v -0.90068668 2.17126226 4.28995323
v -0.90818596 2.154392 4.28995323
v -0.90068668 1.76734781 4.28995323
v -0.90818596 1.78220451 4.28995323
v -0.50222993 2.17126226 4.28995323
v -0.58045137 2.17126226 4.28995323
v -0.58246493 1.76734781 4.28995323
v -0.50222993 1.76734781 4.28995323
v 0.08695716 2.17126226 4.28995323
v 0.08695716 2.16134429 4.28995323
v 0.4196305 1.76734781 4.28995323
v 0.08695716 1.76734781 4.28995323
v 0.49087203 1.76734781 4.28995323
v 0.60214382 1.03647041 4.28995323
v 0.59495723 1.02965021 4.28995323
v 0.60214382 0.63255548 4.28995323
v 0.59495723 0.65746272 4.28995323
v 0.91264176 1.03647041 4.28995323
v 0.93072879 0.63255548 4.28995323
v 1.00091326 0.63255548 4.28995323
v -0.40992016 1.03647041 4.28995323
v -0.40992016 1.0324322 4.28995323
v -0.49677187 1.03647041 4.28995323
v -0.0713667 0.63255548 4.28995323
v -0.40992016 0.63255548 4.28995323
v -0.00600528 1.03647041 4.28995323
v 0.08708934 1.03647041 4.28995323
v 0.411594 1.03647041 4.28995323
v 0.08695716 0.65051031 4.28995323
v 0.08695716 1.03647041 4.28995323
v 0.42968103 0.63255548 4.28995323
v 0.08695716 0.63255548 4.28995323
v 0.49087203 1.03647041 4.28995323
v -0.90068668 1.03647041 4.28995323
v -0.90818596 1.02965021 4.28995323
v -0.90068668 0.63255548 4.28995323
v -0.90818596 0.65746272 4.28995323
v -0.50222993 1.03647041 4.28995323
v -0.59050143 1.03647041 4.28995323
v -0.5724144 0.63255548 4.28995323
v -0.50222993 0.63255548 4.28995323
v 0.60214382 -0.08781147 4.28995323
v 0.59495723 -0.09509173 4.28995323
v 0.60214382 -0.4917264 4.28995323
v 0.59495723 -0.4434211 4.28995323
v 0.91310179 -0.08781147 4.28995323
v 0.95412683 -0.4917264 4.28995323
v 1.00091326 -0.4917264 4.28995323
v -0.40992016 -0.08781147 4.28995323
v -0.40992016 -0.09230977 4.28995323
v -0.49677187 -0.08781147 4.28995323
v -0.04796862 -0.4917264 4.28995323
v -0.40992016 -0.4917264 4.28995323
v -0.00600528 -0.08781147 4.28995323
v 0.08695716 -0.08781147 4.28995323
v 0.08695716 -0.08813936 4.28995323
v 0.4530791 -0.4917264 4.28995323
v 0.08695716 -0.4917264 4.28995323
v 0.49087203 -0.08781147 4.28995323
v -0.90068668 -0.08781147 4.28995323
v -0.90818596 -0.09509173 4.28995323
v -0.90068668 -0.4917264 4.28995323
v -0.90818596 -0.4434211 4.28995323
v -0.50222993 -0.08781147 4.28995323
v -0.5900414 -0.08781147 4.28995323
v -0.54901636 -0.4917264 4.28995323
v -0.50222993 -0.4917264 4.28995323
v 0.60214382 -1.16217279 4.28995323
v 0.59495723 -1.17211735 4.28995323
v 0.60214382 -1.56608772 4.28995323
v 0.59495723 -1.52044678 4.28995323
v 0.91576612 -1.16217279 4.28995323
v 0.95146251 -1.56608772 4.28995323
v 1.00091326 -1.56608772 4.28995323
v -0.40992016 -1.16217279 4.28995323
v -0.40992016 -1.16933537 4.28995323
v -0.49677187 -1.16217279 4.28995323
v -0.05063296 -1.56608772 4.28995323
v -0.40992016 -1.56608772 4.28995323
v -0.00600528 -1.16217279 4.28995323
v -0.90068668 -1.16217279 4.28995323
v -0.90818596 -1.17211735 4.28995323
v -0.90068668 -1.56608772 4.28995323
v -0.90818596 -1.52044678 4.28995323
v -0.50222993 -1.16217279 4.28995323
v -0.58737707 -1.16217279 4.28995323
v -0.55168068 -1.56608772 4.28995323
v -0.50222993 -1.56608772 4.28995323
v 0.08695716 -1.16217279 4.28995323
v 0.08695716 -1.16516495 4.28995323
v 0.45041475 -1.56608772 4.28995323
v 0.08695716 -1.56608772 4.28995323
v 0.49087203 -1.16217279 4.28995323
v 0.60214382 -2.24113178 4.28995323
v 0.59495723 -2.59747219 4.28995323
v 0.59495723 -2.24914312 4.28995323
v 0.60214382 -2.64504623 4.28995323
v 0.9138329 -2.24113178 4.28995323
v 0.95339555 -2.64504623 4.28995323
v 1.00091326 -2.64504623 4.28995323
v -0.40992016 -2.24113178 4.28995323
v -0.40992016 -2.24636126 4.28995323
v -0.49677187 -2.24113178 4.28995323
v -0.04869992 -2.64504623 4.28995323
v -0.40992016 -2.64504623 4.28995323
v -0.00600528 -2.24113178 4.28995323
v -0.90068668 -2.24113178 4.28995323
v -0.90818596 -2.59747219 4.28995323
v -0.90818596 -2.24914312 4.28995323
v -0.90068668 -2.64504623 4.28995323
v -0.50222993 -2.24113178 4.28995323
v -0.58931029 -2.24113178 4.28995323
v -0.54974765 -2.64504623 4.28995323
v -0.50222993 -2.64504623 4.28995323
v 0.08695716 -2.24113178 4.28995323
v 0.08695716 -2.24219084 4.28995323
v 0.45234779 -2.64504623 4.28995323
v 0.08695716 -2.64504623 4.28995323
v 0.49087203 -2.24113178 4.28995323
v 0.60214382 -3.31529045 4.28995323
v 0.60214382 -3.71920586 4.28995323
v 0.91669989 -3.31529045 4.28995323
v 0.95052952 -3.71920586 4.28995323
v 1.00091326 -3.71920586 4.28995323
v -0.40992016 -3.31529045 4.28995323
v -0.40992016 -3.32338691 4.28995323
v -0.49677187 -3.31529045 4.28995323
v -0.05156595 -3.71920586 4.28995323
v -0.40992016 -3.71920586 4.28995323
v -0.00600528 -3.31529045 4.28995323
v 0.08695716 -3.31529045 4.28995323
v 0.08695716 -3.31921649 4.28995323
v 0.44948179 -3.71920586 4.28995323
v 0.08695716 -3.71920586 4.28995323
v 0.49087203 -3.31529045 4.28995323
v -0.90068668 -3.31529045 4.28995323
v -0.90068668 -3.71920586 4.28995323
v -0.50222993 -3.31529045 4.28995323
v -0.58644331 -3.31529045 4.28995323
v -0.55261368 -3.71920586 4.28995323
v -0.50222993 -3.71920586 4.28995323
v 0.60214382 -4.39486027 4.28995323
v 0.60214382 -4.79877472 4.28995323
v 0.91415572 -4.39486027 4.28995323
v 0.95307273 -4.79877472 4.28995323
v 1.00091326 -4.79877472 4.28995323
v -0.40992016 -4.39486027 4.28995323
v -0.40992016 -4.40041256 4.28995323
v -0.49677187 -4.39486027 4.28995323
v -0.04902274 -4.79877472 4.28995323
v -0.40992016 -4.79877472 4.28995323
v -0.00600528 -4.39486027 4.28995323
v -0.90068668 -4.39486027 4.28995323
v -0.90818596 -4.75152349 4.28995323
v -0.90818596 -4.40319443 4.28995323
v -0.90068668 -4.79877472 4.28995323
v -0.50222993 -4.39486027 4.28995323
v -0.58898747 -4.39486027 4.28995323
v -0.55007046 -4.79877472 4.28995323
v -0.50222993 -4.79877472 4.28995323
v 0.08695716 -4.39486027 4.28995323
v 0.08695716 -4.39624214 4.28995323
v 0.452025 -4.79877472 4.28995323
v 0.08695716 -4.79877472 4.28995323
v 0.49087203 -4.39486027 4.28995323
v 0.60214382 -5.47304058 4.28995323
v 0.59495723 -5.48021984 4.28995323
v 0.60214382 -5.87695599 4.28995323
v 0.59495723 -5.82854939 4.28995323
v 0.91300082 -5.47304058 4.28995323
v 0.9542281 -5.87695599 4.28995323
v 1.00091326 -5.87695599 4.28995323
v -0.40992016 -5.47304058 4.28995323
v -0.40992016 -5.47743797 4.28995323
v -0.49677187 -5.47304058 4.28995323
v -0.04786737 -5.87695599 4.28995323
v -0.40992016 -5.87695599 4.28995323
v -0.00600528 -5.47304058 4.28995323
v 0.08695716 -5.47304058 4.28995323
v 0.08695716 -5.47326756 4.28995323
v 0.45318034 -5.87695599 4.28995323
v 0.08695716 -5.87695599 4.28995323
v 0.49087203 -5.47304058 4.28995323
v -0.90068668 -5.47304058 4.28995323
v -0.90818596 -5.48021984 4.28995323
v -0.90068668 -5.87695599 4.28995323
v -0.90818596 -5.82854939 4.28995323
v -0.50222993 -5.47304058 4.28995323
v -0.59014237 -5.47304058 4.28995323
v -0.54891509 -5.87695599 4.28995323
v -0.50222993 -5.87695599 4.28995323
v 0.60214382 -6.5548296 4.28995323
v 0.59495723 -6.9055748 4.28995323
v 0.59495723 -6.55724573 4.28995323
v 0.60214382 -6.958745 4.28995323
v 0.9082377 -6.5548296 4.28995323
v 0.95899171 -6.958745 4.28995323
v 1.00091326 -6.958745 4.28995323
v -0.40955433 -6.5548296 4.28995323
v -0.09385779 -6.5548296 4.28995323
v -0.40992016 -6.5548296 4.28995323
v -0.49677187 -6.5548296 4.28995323
v -0.04310377 -6.958745 4.28995323
v -0.40992016 -6.958745 4.28995323
v -0.00600528 -6.5548296 4.28995323
v 0.09149341 -6.5548296 4.28995323
v 0.40718994 -6.5548296 4.28995323
v 0.08695716 -6.91252708 4.28995323
v 0.08695716 -6.5548296 4.28995323
v 0.45794395 -6.958745 4.28995323
v 0.08695716 -6.958745 4.28995323
v 0.49087203 -6.5548296 4.28995323
v -0.90068668 -6.5548296 4.28995323
v -0.90818596 -6.9055748 4.28995323
v -0.90818596 -6.55724573 4.28995323
v -0.90068668 -6.958745 4.28995323
v -0.50222993 -6.5548296 4.28995323
v -0.5949055 -6.5548296 4.28995323
v -0.54415148 -6.958745 4.28995323
v -0.50222993 -6.958745 4.28995323
v 0.60214382 -7.62708759 4.28995323
v 0.59495723 -7.98260021 4.28995323
v 0.59495723 -7.63427114 4.28995323
v 0.60214382 -8.031003 4.28995323
v 0.91300511 -7.62708759 4.28995323
v 0.95422429 -8.031003 4.28995323
v 1.00091326 -8.031003 4.28995323
v -0.40992016 -7.62708759 4.28995323
v -0.40992016 -7.63148928 4.28995323
v -0.49677187 -7.62708759 4.28995323
v -0.04787118 -8.031003 4.28995323
v -0.40992016 -8.031003 4.28995323
v -0.00600528 -7.62708759 4.28995323
v -0.90068668 -7.62708759 4.28995323
v -0.90818596 -7.98260021 4.28995323
v -0.90818596 -7.63427114 4.28995323
v -0.90068668 -8.031003 4.28995323
v -0.50222993 -7.62708759 4.28995323
v -0.59013808 -7.62708759 4.28995323
v -0.5489189 -8.031003 4.28995323
v -0.50222993 -8.031003 4.28995323
v 0.08695716 -7.62708759 4.28995323
v 0.08695716 -7.62731886 4.28995323
v 0.45317653 -8.031003 4.28995323
v 0.08695716 -8.031003 4.28995323
v 0.49087203 -7.62708759 4.28995323
v -0.90818596 0.46727923 4.04573822
v -0.90068668 0.09509173 4.04573822
v -0.90068668 0.46727923 4.04573822
v -0.90818596 4.91481066 4.04573822
v -0.90068668 4.59405947 4.04573822
v -0.90068668 4.91481066 4.04573822
v -0.90818596 -8.17278385 4.04573822
v -0.90068668 -8.5211134 4.04573822
v -0.90068668 -8.17278385 4.04573822
v -0.90818596 -3.86468148 4.04573822
v -0.90068668 -4.21301079 4.04573822
v -0.90068668 -3.86468148 4.04573822
v -0.90818596 2.71676302 4.04573822
v -0.90068668 2.34457564 4.04573822
v -0.90068668 2.71676302 4.04573822
v -0.90068668 3.81474447 4.04573822
v -0.59732163 3.84150481 4.04573822
v -0.90818596 3.84150481 4.04573822
v 0.4047738 3.84150481 4.04573822
v 0.09390954 3.81474447 4.04573822
v 0.4047738 3.81474447 4.04573822
v -0.90068668 6.94002819 4.04573822
v -0.59732163 6.95854855 4.04573822
v -0.90818596 6.95854855 4.04573822
v 0.4047738 6.95854855 4.04573822
v 0.09390954 6.94002819 4.04573822
v 0.4047738 6.94002819 4.04573822
v -0.90818596 7.98041821 4.04573822
v -0.90068668 7.65966702 4.04573822
v -0.90068668 7.98041821 4.04573822
v -0.90818596 5.93667889 4.04573822
v -0.90068668 5.61592865 4.04573822
v -0.90068668 5.93667889 4.04573822
v -0.90818596 -6.01873302 4.04573822
v -0.90068668 -6.36706209 4.04573822
v -0.90068668 -6.01873302 4.04573822
v -0.90818596 -0.63360453 4.04573822
v -0.90068668 -0.98193395 4.04573822
v -0.90068668 -0.63360453 4.04573822
v -0.90818596 -4.94170713 4.04573822
v -0.90068668 -5.2900362 4.04573822
v -0.90068668 -4.94170713 4.04573822
v -0.90818596 1.59202111 4.04573822
v -0.90068668 1.21983361 4.04573822
v -0.90068668 1.59202111 4.04573822
v -0.09627392 6.95854855 4.04573822
v -0.4071382 6.94002819 4.04573822
v -0.09627392 6.94002819 4.04573822
v -0.09627392 3.84150481 4.04573822
v -0.4071382 3.81474447 4.04573822
v -0.09627392 3.81474447 4.04573822
v 0.60214382 -3.13598514 4.04573822
v 0.59495723 -7.09575844 4.04573822
v 0.60214382 -7.44408751 4.04573822
v 0.60214382 -7.09575844 4.04573822
v 0.59495723 -1.71063018 4.04573822
v 0.60214382 -2.05895948 4.04573822
v 0.60214382 -1.71063018 4.04573822
v 0.59495723 -6.01873302 4.04573822
v 0.60214382 -6.36706209 4.04573822
v 0.60214382 -6.01873302 4.04573822
v 0.59495723 5.93667889 4.04573822
v 0.60214382 5.61592865 4.04573822
v 0.60214382 5.93667889 4.04573822
v 0.59495723 7.98041821 4.04573822
v 0.60214382 7.65966702 4.04573822
v 0.60214382 7.98041821 4.04573822
v 0.60214388 6.94002867 4.04573822
v 0.90582156 6.95854855 4.04573822
v 0.59495723 6.95854855 4.04573822
v 0.60214382 3.81474447 4.04573822
v 0.90582156 3.84150481 4.04573822
v 0.59495723 3.84150481 4.04573822
v 0.59495723 2.71676302 4.04573822
v 0.60214382 2.34457564 4.04573822
v 0.60214382 2.71676302 4.04573822
v 0.59495723 -3.86468148 4.04573822
v 0.60214382 -4.21301079 4.04573822
v 0.60214382 -3.86468148 4.04573822
v 0.59495723 -8.17278385 4.04573822
v 0.60214382 -8.5211134 4.04573822
v 0.60214382 -8.17278385 4.04573822
v 0.59495723 4.91481066 4.04573822
v 0.60214382 4.59405947 4.04573822
v 0.60214382 4.91481066 4.04573822
v 0.59495723 0.46727923 4.04573822
v 0.60214382 0.09509173 4.04573822
v 0.60214382 0.46727923 4.04573822
v 0.59495723 8.49135208 4.04573822
v 0.60214382 8.17060184 4.04573822
v 0.60214382 8.49135208 4.04573822
v -0.90818596 8.17060184 4.04573822
v -0.90068668 8.49135208 4.04573822
v -0.90818596 8.49135208 4.04573822
v 0.59495723 7.46948338 4.04573822
v 0.60214388 7.14873219 4.04573822
v 0.60214388 7.46948338 4.04573822
v -0.90818596 5.42574501 4.04573822
v -0.90068668 5.1049943 4.04573822
v -0.90068668 5.42574501 4.04573822
v 0.59495723 4.40387583 4.04573822
v 0.60214382 4.03168821 4.04573822
v 0.60214382 4.40387583 4.04573822
v 0.59495723 2.154392 4.04573822
v 0.60214382 1.78220451 4.04573822
v 0.60214382 2.154392 4.04573822
v -0.90818596 2.154392 4.04573822
v -0.90068668 1.78220451 4.04573822
v -0.90068668 2.154392 4.04573822
v 0.59495723 1.02965021 4.04573822
v 0.60214382 0.65746272 4.04573822
v 0.60214382 1.02965021 4.04573822
v -0.90818596 1.02965021 4.04573822
v -0.90068668 0.65746272 4.04573822
v -0.90068668 1.02965021 4.04573822
v 0.59495723 -0.09509173 4.04573822
v 0.60214382 -0.4434211 4.04573822
v 0.60214382 -0.09509173 4.04573822
v -0.90818596 -0.09509173 4.04573822
v -0.90068668 -0.4434211 4.04573822
v -0.90068668 -0.09509173 4.04573822
v 0.59495723 -1.17211735 4.04573822
v 0.60214382 -1.52044678 4.04573822
v 0.60214382 -1.17211735 4.04573822
v -0.90818596 -1.17211735 4.04573822
v -0.90068668 -1.52044678 4.04573822
v -0.90068668 -1.17211735 4.04573822
v 0.59495723 -2.24914312 4.04573822
v 0.60214382 -2.59747219 4.04573822
v 0.60214382 -2.24914312 4.04573822
v -0.90818596 -2.24914312 4.04573822
v -0.90068668 -2.59747219 4.04573822
v -0.90068668 -2.24914312 4.04573822
v -0.90818596 -4.40319443 4.04573822
v -0.90068668 -4.75152349 4.04573822
v -0.90068668 -4.40319443 4.04573822
v 0.59495723 -5.48021984 4.04573822
v 0.60214382 -5.82854939 4.04573822
v 0.60214382 -5.48021984 4.04573822
v -0.90818596 -5.48021984 4.04573822
v -0.90068668 -5.82854939 4.04573822
v -0.90068668 -5.48021984 4.04573822
v 0.59495723 -6.55724573 4.04573822
v 0.60214382 -6.9055748 4.04573822
v 0.60214382 -6.55724573 4.04573822
v -0.90818596 -6.55724573 4.04573822
v -0.90068668 -6.9055748 4.04573822
v -0.90068668 -6.55724573 4.04573822
v 0.59495723 -7.63427114 4.04573822
v 0.60214382 -7.98260021 4.04573822
v 0.60214382 -7.63427114 4.04573822
v -0.90818596 -7.63427114 4.04573822
v -0.90068668 -7.98260021 4.04573822
v -0.90068668 -7.63427114 4.04573822
v 0.59495723 -3.13598514 4.04573822
v 0.60214382 -3.13598514 4.28995323
v 0.60214382 2.154392 4.28995323
v -0.90068668 0.46727923 4.28995323
v -0.90068668 -4.40319443 4.28995323
v 0.59495723 1.78220451 4.04573822
v 0.60214382 1.78220451 4.28995323
v -0.90068668 -0.63360453 4.28995323
v -0.90818596 0.09509173 4.04573822
v -0.90068668 0.09509173 4.28995323
v -0.90818596 -4.75152349 4.04573822
v -0.90068668 -4.75152349 4.28995323
v 0.60214382 -7.09575844 4.28995323
v -0.90818596 -0.98193395 4.04573822
v -0.90068668 -0.98193395 4.28995323
v -0.90068668 5.42574501 4.28995323
v 0.59495723 -7.44408751 4.04573822
v 0.60214382 -7.44408751 4.28995323
v -0.90818596 5.1049943 4.04573822
v -0.90068668 5.1049943 4.28995323
v 0.60214382 -1.71063018 4.28995323
v 0.59495723 -2.05895948 4.04573822
v 0.60214382 -2.05895948 4.28995323
v -0.90068668 2.154392 4.28995323
v 0.60214382 -5.48021984 4.28995323
v -0.90818596 1.78220451 4.04573822
v -0.90068668 1.78220451 4.28995323
v 0.59495723 -5.82854939 4.04573822
v 0.60214382 -5.82854939 4.28995323
v 0.60214382 -6.01873302 4.28995323
v 0.60214382 4.40387583 4.28995323
v 0.59495723 -6.36706209 4.04573822
v 0.60214382 -6.36706209 4.28995323
v -0.90068668 4.91481066 4.28995323
v 0.59495723 4.03168821 4.04573822
v 0.60214382 4.03168821 4.28995323
v -0.90068668 -4.94170713 4.28995323
v -0.90818596 4.59405947 4.04573822
v -0.90068668 4.59405947 4.28995323
v 0.60214382 5.93667889 4.28995323
v -0.90818596 -5.2900362 4.04573822
v -0.90068668 -5.2900362 4.28995323
v 0.59495723 5.61592865 4.04573822
v 0.60214382 5.61592865 4.28995323
v 0.60214382 1.02965021 4.28995323
v 0.59495723 0.65746272 4.04573822
v 0.60214382 0.65746272 4.28995323
v 0.60214382 7.98041821 4.28995323
v 0.59495723 7.65966702 4.04573822
v 0.60214382 7.65966702 4.28995323
v -0.90068668 -8.17278385 4.28995323
v -0.90068668 -5.48021984 4.28995323
v -0.90068668 1.59202111 4.28995323
v -0.90818596 -8.5211134 4.04573822
v -0.90068668 -8.5211134 4.28995323
v -0.90818596 -5.82854939 4.04573822
v -0.90068668 -5.82854939 4.28995323
v -0.90818596 1.21983361 4.04573822
v -0.90068668 1.21983361 4.28995323
v 0.59495723 6.63779736 4.04573822
v 0.60214388 6.63779736 4.04573822
v -0.90068668 -3.86468148 4.28995323
v 0.60214382 -6.55724573 4.28995323
v -0.90818596 -4.21301079 4.04573822
v -0.90068668 -4.21301079 4.28995323
v 0.59495723 -6.9055748 4.04573822
v 0.60214382 -6.9055748 4.28995323
v 0.59495723 3.46931744 4.04573822
v 0.60214382 3.46931744 4.28995323
v 0.60214382 3.46931744 4.04573822
v -0.90068668 1.02965021 4.28995323
v -0.90818596 0.65746272 4.04573822
v -0.90068668 0.65746272 4.28995323
v 0.60214382 2.71676302 4.28995323
v 0.59495723 2.34457564 4.04573822
v 0.60214382 2.34457564 4.28995323
v 0.60214382 -0.09509173 4.28995323
v 0.59495723 -0.4434211 4.04573822
v 0.60214382 -0.4434211 4.28995323
v 0.60214382 -3.86468148 4.28995323
v 0.59495723 -4.21301079 4.04573822
v 0.60214382 -4.21301079 4.28995323
v -0.90068668 2.71676302 4.28995323
v -0.90068668 -6.55724573 4.28995323
v -0.90818596 2.34457564 4.04573822
v -0.90068668 2.34457564 4.28995323
v -0.90818596 -6.9055748 4.04573822
v -0.90068668 -6.9055748 4.28995323
v 0.60214382 -8.17278385 4.28995323
v 0.59495723 -8.5211134 4.04573822
v 0.60214382 -8.5211134 4.28995323
v 0.60214382 -7.63427114 4.28995323
v -0.90818596 3.46931744 4.04573822
v -0.90068668 3.46931744 4.28995323
v -0.90068668 3.46931744 4.04573822
v 0.59495723 -7.98260021 4.04573822
v 0.60214382 -7.98260021 4.28995323
v 0.60214382 4.91481066 4.28995323
v 0.59495723 4.59405947 4.04573822
v 0.60214382 4.59405947 4.28995323
v -0.90068668 -0.09509173 4.28995323
v 0.4047738 3.81474447 4.28995323
v -0.90818596 -0.4434211 4.04573822
v -0.90068668 -0.4434211 4.28995323
v 0.09390954 3.84150481 4.04573822
v 0.60214382 0.46727923 4.28995323
v 0.59495723 0.09509173 4.04573822
v 0.60214382 0.09509173 4.28995323
v 0.60214382 -1.17211735 4.28995323
v -0.90068668 -7.63427114 4.28995323
v 0.59495723 -1.52044678 4.04573822
v 0.60214382 -1.52044678 4.28995323
v -0.90818596 6.63779736 4.04573822
v -0.90068668 6.63779736 4.04573822
v -0.90818596 -7.98260021 4.04573822
v -0.90068668 -7.98260021 4.28995323
v 0.60214382 8.49135208 4.28995323
v 0.59495723 8.17060184 4.04573822
v 0.60214382 8.17060184 4.28995323
v 0.4047738 6.94002819 4.28995323
v 0.09390954 6.95854855 4.04573822
v -0.90068668 -1.17211735 4.28995323
v -0.90818596 -1.52044678 4.04573822
v -0.90068668 -1.52044678 4.28995323
v -0.90068668 8.49135208 4.28995323
v -0.90818596 8.17060184 4.28995323
v -0.90068668 8.17060184 4.04573822
v -0.90068668 7.98041821 4.28995323
v -0.09627392 6.94002819 4.28995323
v -0.90818596 7.65966702 4.04573822
v -0.90068668 7.65966702 4.28995323
v -0.4071382 6.95854855 4.04573822
v 0.60214382 -2.24914312 4.28995323
v -0.90068668 5.93667889 4.28995323
v 0.59495723 -2.59747219 4.04573822
v 0.60214382 -2.59747219 4.28995323
v -0.4071382 3.84150481 4.28995323
v -0.09627392 3.81474447 4.28995323
v -0.90818596 5.61592865 4.04573822
v -0.90068668 5.61592865 4.28995323
v 0.60214388 7.46948338 4.28995323
v -0.4071382 3.84150481 4.04573822
v 0.59495723 7.14873219 4.04573822
v 0.60214388 7.14873219 4.28995323
v -0.90068668 -2.24914312 4.28995323
v -0.90068668 -6.01873302 4.28995323
v -0.90818596 -2.59747219 4.04573822
v -0.90068668 -2.59747219 4.28995323
v -0.90818596 -6.36706209 4.04573822
v -0.90068668 -6.36706209 4.28995323
v -0.90006113 8.14722061 4.28995323
v -0.59846854 8.14142513 4.28995323
v -0.59846854 8.14722061 4.04474163
v 0.60214388 6.54270554 4.04474163
v 0.90582156 6.94002867 4.04573822
v 1.00091326 6.94002867 4.04474163
v 1.00605869 6.54270554 4.28995323
v 1.00091326 6.53611422 4.04474163
v -0.50222993 8.55113506 4.04474163
v -0.49677187 8.55113506 4.04474163
v -0.90006113 8.14722061 4.04474163
v 0.08695716 8.16364956 4.28995323
v 0.49087203 8.55113506 4.28995323
v 0.46455672 8.55113506 4.28995323
v -0.40992016 8.16781998 4.28995323
v -0.00600528 8.55113506 4.28995323
v -0.036491 8.55113506 4.28995323
v 1.00091326 8.55113506 4.04474163
v -0.40992016 7.65688515 4.28995323
v -0.00600528 8.02240944 4.28995323
v -0.05428273 8.02240944 4.28995323
v 0.08695716 7.65271473 4.28995323
v 0.49087203 8.02240944 4.28995323
v 0.44676501 8.02240944 4.28995323
v 1.00091326 8.02240944 4.04474163
v 1.00605869 8.02240944 4.04474163
v -0.50222993 8.02240944 4.04474163
v -0.49677187 8.02240944 4.04474163
v -0.50222993 7.61849499 4.04474163
v -0.50222993 7.47359753 4.04474163
v -0.50222993 7.06968307 4.04474163
v -0.40992016 7.47226524 4.28995323
v -0.00600528 7.47359753 4.04474163
v -0.09215978 7.47359753 4.28995323
v -0.00600528 7.06968307 4.04474163
v -0.40992016 6.54270554 4.04474163
v -0.40992016 6.63501549 4.28995323
v -0.00600528 6.54270554 4.04474163
v -0.40992016 6.53611326 4.04474163
v -0.00777446 6.53611326 4.28995323
v 0.08695716 6.54270554 4.04474163
v 0.49087203 6.54270554 4.04474163
v 0.08695716 6.53611326 4.04474163
v 0.49087203 6.53611326 4.28995323
v -0.90068668 6.54270554 4.04474163
v -0.59732163 6.94002819 4.04573822
v -0.50222993 6.94002819 4.04474163
v -0.49677187 6.54270554 4.04474163
v -0.50222993 6.53611326 4.04474163
v -0.57362664 6.47130871 4.28995323
v -0.50222993 6.47130871 4.04474163
v -0.49677187 6.47130871 4.04474163
v -0.50222993 6.06739426 4.04474163
v 0.92951655 6.47130871 4.28995323
v 1.00091326 6.47130871 4.04474163
v 1.00605869 6.06739426 4.04474163
v 1.00091326 6.06739426 4.04474163
v 0.08695716 6.11991024 4.28995323
v 0.49087203 6.06739426 4.04474163
v -0.40992016 6.12408066 4.28995323
v -0.40992016 6.47130871 4.04474163
v -0.07257895 6.47130871 4.28995323
v -0.00600528 6.06739426 4.04474163
v -0.40992016 5.61314678 4.28995323
v -0.40992016 5.95348358 4.04474163
v -0.07946924 5.95348358 4.28995323
v -0.00600528 5.54956818 4.04474163
v 0.08695716 5.60897636 4.28995323
v 0.42157847 5.95348358 4.28995323
v 0.49087203 5.54956818 4.04474163
v 1.00091326 5.95348358 4.04474163
v 1.00605869 5.54956818 4.28995323
v 1.00091326 5.54956818 4.04474163
v -0.50222993 5.95348358 4.04474163
v -0.49677187 5.95348358 4.04474163
v -0.50222993 5.54956818 4.04474163
v -0.50222993 5.44124985 4.04474163
v -0.49677187 5.44124985 4.04474163
v -0.50222993 5.03733492 4.04474163
v 1.00091326 5.44124985 4.04474163
v 1.00605869 5.03733492 4.28995323
v 1.00091326 5.03733492 4.04474163
v 0.08695716 5.09804201 4.28995323
v 0.42027864 5.44124985 4.28995323
v 0.49087203 5.03733492 4.04474163
v -0.40992016 5.10221243 4.28995323
v -0.40992016 5.44124985 4.04474163
v -0.0807691 5.44124985 4.28995323
v -0.00600528 5.03733492 4.04474163
v -0.40992016 4.5912776 4.28995323
v -0.00600528 4.98425865 4.28995323
v -0.02682599 4.98425865 4.28995323
v 0.08695716 4.58710718 4.28995323
v 0.49087203 4.98425865 4.28995323
v 0.47422174 4.98425865 4.28995323
v 1.00091326 4.98425865 4.04474163
v 1.00605869 4.98425865 4.04474163
v -0.50222993 4.98425865 4.04474163
v -0.49677187 4.98425865 4.04474163
v -0.50222993 4.58034325 4.04474163
v -0.50222993 4.41534424 4.04474163
v -0.49677187 4.41534424 4.04474163
v -0.50222993 4.01142979 4.04474163
v 1.00091326 4.41534424 4.04474163
v 1.00091326 4.01142979 4.04474163
v 0.08695716 4.02473593 4.28995323
v 0.41624221 4.41534424 4.28995323
v 0.49087203 4.01142979 4.04474163
v -0.40992016 4.02890635 4.28995323
v -0.40992016 4.41534424 4.04474163
v -0.08480552 4.41534424 4.28995323
v -0.00600528 4.01142979 4.04474163
v -0.40992016 3.81474447 4.28995323
v -0.40992016 3.46653557 4.28995323
v -0.00600528 3.41082954 4.04474163
v 0.08695716 3.46236515 4.28995323
v 0.49087203 3.81474447 4.04474163
v 0.90582156 3.81474447 4.04573822
v 1.00091326 3.81474447 4.04474163
v 1.00605869 3.41082954 4.28995323
v 1.00091326 3.41082954 4.04474163
v -0.59732163 3.81474447 4.04573822
v -0.50222993 3.81474447 4.04474163
v -0.49677187 3.81474447 4.28995323
v -0.49677187 3.81474447 4.04474163
v -0.50222993 3.41082954 4.04474163
v -0.50222993 3.29199481 4.04474163
v -0.49677187 3.29199481 4.04474163
v -0.50222993 2.88807988 4.04474163
v 1.00091326 3.29199481 4.04474163
v 1.00605869 2.88807988 4.28995323
v 1.00091326 2.88807988 4.04474163
v 0.41763481 3.29199481 4.28995323
v 0.49087203 2.88807988 4.04474163
v -0.40992016 2.90416479 4.28995323
v -0.40992016 3.29199481 4.04474163
v -0.08341292 3.29199481 4.28995323
v -0.00600528 2.88807988 4.04474163
v -0.40992016 2.34179378 4.28995323
v -0.00600528 2.7377758 4.28995323
v -0.07526116 2.7377758 4.28995323
v 0.08695716 2.33762336 4.28995323
v 0.49087203 2.7377758 4.28995323
v 0.42578655 2.7377758 4.28995323
v 1.00091326 2.7377758 4.04474163
v 1.00605869 2.7377758 4.04474163
v -0.50222993 2.7377758 4.04474163
v -0.49677187 2.7377758 4.04474163
v -0.50222993 2.33386087 4.04474163
v -0.50222993 2.17126226 4.04474163
v -0.49677187 2.17126226 4.04474163
v -0.50222993 1.76734781 4.04474163
v 1.00091326 2.17126226 4.04474163
v 0.08695716 1.7752521 4.28995323
v 0.49087203 2.17126226 4.28995323
v 0.42164403 2.17126226 4.28995323
v -0.40992016 1.77942252 4.28995323
v -0.00600528 2.17126226 4.28995323
v -0.07940368 2.17126226 4.28995323
v -0.40992016 1.21705163 4.28995323
v -0.40992016 1.60400343 4.04474163
v -0.08429159 1.60400343 4.28995323
v -0.00600528 1.2000885 4.04474163
v 0.08695716 1.21288121 4.28995323
v 0.41675612 1.60400343 4.28995323
v 0.49087203 1.2000885 4.04474163
v 1.00091326 1.60400343 4.04474163
v 1.00091326 1.2000885 4.04474163
v -0.50222993 1.60400343 4.04474163
v -0.49677187 1.60400343 4.04474163
v -0.50222993 1.2000885 4.04474163
v -0.50222993 1.03647041 4.04474163
v -0.50222993 0.63255548 4.04474163
v 1.00091326 1.03647041 4.04474163
v 1.00091326 0.63255548 4.04474163
v 0.49087203 0.63255548 4.04474163
v -0.40992016 0.65468073 4.28995323
v -0.00600528 1.03647041 4.04474163
v -0.08945372 1.03647041 4.28995323
v -0.00600528 0.63255548 4.04474163
v -0.40992016 0.09230977 4.28995323
v -0.40992016 0.47838402 4.04474163
v -0.08516913 0.47838402 4.28995323
v -0.00600528 0.07446909 4.04474163
v 0.08695716 0.08813936 4.28995323
v 0.41587859 0.47838402 4.28995323
v 0.49087203 0.07446909 4.04474163
v 1.00091326 0.47838402 4.04474163
v 1.00605869 0.07446909 4.28995323
v 1.00091326 0.07446909 4.04474163
v -0.50222993 0.47838402 4.04474163
v -0.49677187 0.47838402 4.04474163
v -0.50222993 0.07446909 4.04474163
v -0.50222993 -0.08781147 4.04474163
v -0.50222993 -0.4917264 4.04474163
v 1.00091326 -0.08781147 4.04474163
v 1.00605869 -0.4917264 4.28995323
v 1.00091326 -0.4917264 4.04474163
v 0.08695716 -0.45037347 4.28995323
v 0.41205406 -0.08781147 4.28995323
v 0.49087203 -0.4917264 4.04474163
v -0.40992016 -0.44620305 4.28995323
v -0.00600528 -0.08781147 4.04474163
v -0.08899366 -0.08781147 4.28995323
v -0.00600528 -0.4917264 4.04474163
v -0.40992016 -0.98471588 4.28995323
v -0.40992016 -0.61190844 4.04474163
v -0.07457782 -0.61190844 4.28995323
v -0.00600528 -1.01582336 4.04474163
v 0.08695716 -0.9888863 4.28995323
v 0.42646989 -0.61190844 4.28995323
v 0.49087203 -1.01582336 4.04474163
v 1.00091326 -0.61190844 4.04474163
v 1.00091326 -1.01582336 4.04474163
v -0.50222993 -0.61190844 4.04474163
v -0.49677187 -0.61190844 4.04474163
v -0.50222993 -1.01582336 4.04474163
v -0.50222993 -1.16217279 4.04474163
v -0.49677187 -1.16217279 4.04474163
v -0.50222993 -1.56608772 4.04474163
v 1.00091326 -1.16217279 4.04474163
v 1.00091326 -1.56608772 4.04474163
v 0.08695716 -1.52739918 4.28995323
v 0.41471836 -1.16217279 4.28995323
v 0.49087203 -1.56608772 4.04474163
v -0.40992016 -1.52322876 4.28995323
v -0.40992016 -1.16217279 4.04474163
v -0.08632936 -1.16217279 4.28995323
v -0.00600528 -1.56608772 4.04474163
v -0.40992016 -2.06174135 4.28995323
v -0.00600528 -2.11271763 4.04474163
v -0.00600528 -1.70880318 4.04474163
v 0.49087203 -2.11271763 4.04474163
v 1.00091326 -1.70880318 4.04474163
v 1.00605869 -2.11271763 4.28995323
v 1.00091326 -2.11271763 4.04474163
v -0.50222993 -1.70880318 4.04474163
v -0.50222993 -2.11271763 4.04474163
v -0.50222993 -2.24113178 4.04474163
v -0.50222993 -2.64504623 4.04474163
v 1.00091326 -2.24113178 4.04474163
v 1.00091326 -2.64504623 4.04474163
v 0.08695716 -2.60442448 4.28995323
v 0.41278514 -2.24113178 4.28995323
v 0.49087203 -2.64504623 4.04474163
v -0.40992016 -2.60025406 4.28995323
v -0.00600528 -2.24113178 4.04474163
v -0.08826259 -2.24113178 4.28995323
v -0.00600528 -2.64504623 4.04474163
v -0.40992016 -3.138767 4.28995323
v -0.40992016 -2.77117729 4.04474163
v -0.0797954 -2.77117729 4.28995323
v -0.00600528 -3.1750927 4.04474163
v 0.08695716 -3.14293742 4.28995323
v 0.42125231 -2.77117729 4.28995323
v 0.49087203 -3.1750927 4.04474163
v 1.00091326 -2.77117729 4.04474163
v 1.00605869 -3.1750927 4.28995323
v 1.00091326 -3.1750927 4.04474163
v -0.50222993 -2.77117729 4.04474163
v -0.49677187 -2.77117729 4.04474163
v -0.50222993 -3.1750927 4.04474163
v -0.50222993 -3.31529045 4.04474163
v -0.49677187 -3.31529045 4.04474163
v -0.50222993 -3.71920586 4.04474163
v 1.00091326 -3.31529045 4.04474163
v 1.00605869 -3.71920586 4.28995323
v 1.00091326 -3.71920586 4.04474163
v 0.08695716 -3.68145013 4.28995323
v 0.41565213 -3.31529045 4.28995323
v 0.49087203 -3.71920586 4.04474163
v -0.40992016 -3.67727971 4.28995323
v -0.40992016 -3.31529045 4.04474163
v -0.0853956 -3.31529045 4.28995323
v -0.00600528 -3.71920586 4.04474163
v -0.40992016 -4.21579266 4.28995323
v -0.00600528 -3.85967731 4.04474163
v -0.09126976 -3.85967731 4.28995323
v -0.00600528 -4.26359272 4.04474163
v 0.49087203 -4.26359272 4.04474163
v 1.00091326 -3.85967731 4.04474163
v 1.00091326 -4.26359272 4.04474163
v -0.50222993 -3.85967731 4.04474163
v -0.50222993 -4.26359272 4.04474163
v -0.50222993 -4.39486027 4.04474163
v -0.50222993 -4.79877472 4.04474163
v 1.00091326 -4.39486027 4.04474163
v 1.00091326 -4.79877472 4.04474163
v 0.08695716 -4.75847578 4.28995323
v 0.41310796 -4.39486027 4.28995323
v 0.49087203 -4.79877472 4.04474163
v -0.40992016 -4.75430536 4.28995323
v -0.00600528 -4.39486027 4.04474163
v -0.08793977 -4.39486027 4.28995323
v -0.00600528 -4.79877472 4.04474163
v -0.40992016 -5.29281807 4.28995323
v -0.40992016 -4.92513561 4.04474163
v -0.07970241 -4.92513561 4.28995323
v -0.00600528 -5.32905006 4.04474163
v 0.08695716 -5.29698849 4.28995323
v 0.42134529 -4.92513561 4.28995323
v 0.49087203 -5.32905006 4.04474163
v 1.00091326 -4.92513561 4.04474163
v 1.00605869 -5.32905006 4.28995323
v 1.00091326 -5.32905006 4.04474163
v -0.50222993 -4.92513561 4.04474163
v -0.49677187 -4.92513561 4.04474163
v -0.50222993 -5.32905006 4.04474163
v -0.50222993 -5.47304058 4.04474163
v -0.50222993 -5.87695599 4.04474163
v 1.00091326 -5.47304058 4.04474163
v 1.00605869 -5.87695599 4.28995323
v 1.00091326 -5.87695599 4.04474163
v 0.08695716 -5.83550167 4.28995323
v 0.41195306 -5.47304058 4.28995323
v 0.49087203 -5.87695599 4.04474163
v -0.40992016 -5.83133125 4.28995323
v -0.00600528 -5.47304058 4.04474163
v -0.08909467 -5.47304058 4.28995323
v -0.00600528 -5.87695599 4.04474163
v -0.40992016 -6.36984396 4.28995323
v -0.40992016 -5.99350452 4.04474163
v -0.07104544 -5.99350452 4.28995323
v -0.00600528 -6.39741898 4.04474163
v 0.08695716 -6.37401438 4.28995323
v 0.43000227 -5.99350452 4.28995323
v 0.49087203 -6.39741898 4.04474163
v 1.00091326 -5.99350452 4.04474163
v 1.00091326 -6.39741898 4.04474163
v -0.50222993 -5.99350452 4.04474163
v -0.49677187 -5.99350452 4.04474163
v -0.50222993 -6.39741898 4.04474163
v -0.50222993 -6.5548296 4.04474163
v -0.50222993 -6.958745 4.04474163
v 1.00091326 -6.5548296 4.04474163
v 1.00605869 -6.958745 4.28995323
v 1.00091326 -6.958745 4.04474163
v 0.49087203 -6.958745 4.04474163
v -0.40992016 -6.90835667 4.28995323
v -0.00600528 -6.958745 4.04474163
v -0.00600528 -6.5548296 4.04474163
v -0.40992016 -7.44686937 4.28995323
v -0.00600528 -7.08900833 4.04474163
v -0.08952382 -7.08900833 4.28995323
v -0.00600528 -7.49292278 4.04474163
v 0.49087203 -7.49292278 4.04474163
v 1.00091326 -7.08900833 4.04474163
v 1.00091326 -7.49292278 4.04474163
v -0.50222993 -7.08900833 4.04474163
v -0.50222993 -7.49292278 4.04474163
v -0.50222993 -7.62708759 4.04474163
v -0.50222993 -8.031003 4.04474163
v 1.00091326 -7.62708759 4.04474163
v 1.00091326 -8.031003 4.04474163
v 0.08695716 -7.9895525 4.28995323
v 0.41195735 -7.62708759 4.28995323
v 0.49087203 -8.031003 4.04474163
v -0.40992016 -7.98538208 4.28995323
v -0.00600528 -7.62708759 4.04474163
v -0.08909038 -7.62708759 4.28995323
v -0.00600528 -8.031003 4.04474163
v -0.40992016 -8.52389526 4.28995323
v -0.00600528 -8.57394695 4.04474163
v -0.00600528 -8.17003155 4.04474163
v 0.49087203 -8.57394695 4.04474163
v 1.00091326 -8.17003155 4.04474163
v 1.00605869 -8.57394695 4.28995323
v 1.00091326 -8.57394695 4.04474163
v -0.50222993 -8.17003155 4.04474163
v -0.50222993 -8.57394695 4.04474163
v 1.00091326 7.473598 4.04474163
v 1.00091326 7.06968355 4.04474163
v 0.49087203 7.473598 4.04474163
v 0.48382238 7.06968355 4.28995323
v 1.00091326 0 4.04474163
v 1.00091326 0.56237096 4.04474163
v -0.40992016 4.98425865 4.04474163
v 1.00091326 5.00990248 4.04474163
v 0.60214382 4.98425865 4.04474163
v 1.00091326 -8.07769203 4.04474163
v 1.00091326 -3.76958966 4.04474163
v 1.00091326 -4.30810261 4.04474163
v 1.00605869 -4.26359272 4.28995323
v -0.40992016 2.7377758 4.04474163
v 1.00091326 2.81185484 4.04474163
v 0.60214382 2.7377758 4.04474163
v 1.00091326 3.37422562 4.04474163
v 1.00091326 3.93659663 4.04474163
v -0.50222993 3.37422562 4.04474163
v 1.00091326 7.05364037 4.04474163
v -0.49677187 6.94002819 4.04474163
v -0.00600528 6.94002819 4.04474163
v -0.40992016 8.02240944 4.04474163
v 0.60214382 8.02240944 4.04474163
v 1.00091326 5.52083683 4.04474163
v 1.00091326 6.03177071 4.04474163
v 1.00091326 -5.9236412 4.04474163
v 1.00091326 -6.46215391 4.04474163
v 1.00605869 -6.39741898 4.28995323
v 1.00091326 -2.1540513 4.04474163
v 1.00091326 -1.61553848 4.04474163
v 1.00091326 -7.00066662 4.04474163
v 1.00091326 -7.53917933 4.04474163
v 1.00605869 -7.49292278 4.28995323
v 1.00091326 -3.23107696 4.04474163
v 1.00091326 -2.69256401 4.04474163
v 1.00091326 -0.53851283 4.04474163
v 1.00091326 -1.07702565 4.04474163
v 1.00605869 -1.01582336 4.28995323
v 1.00091326 -5.38512802 4.04474163
v 1.00091326 -4.84661531 4.04474163
v 1.00091326 1.12474191 4.04474163
v 1.00605869 1.2000885 4.28995323
v -0.90068668 8.02240944 4.04474163
v -0.90068668 2.7377758 4.04474163
v -0.90068668 4.98425865 4.04474163
v 0.08695716 8.02240944 4.04474163
v 0.49087203 6.94002819 4.04474163
v 0.08695716 2.7377758 4.04474163
v 0.08695716 4.98425865 4.04474163
v 0.08695716 8.55113506 4.04474163
v 0.60214382 8.55113506 4.04474163
v 1.00605869 8.55113506 4.04474163
v -0.40992016 8.55113506 4.04474163
v 1.00605869 7.06968355 4.28995323
v -0.90068668 6.53611326 4.04474163
v -0.49677187 6.53611326 4.04474163
v 1.00605869 6.53611422 4.04474163
v 1.00605869 6.06739426 4.28995323
v 0.60214388 6.53611422 4.04474163
v 1.00605869 4.01142979 4.28995323
v 0.08695716 2.17126226 4.04474163
v -0.90068668 2.17126226 4.04474163
v 0.60214382 2.17126226 4.04474163
v 1.00605869 2.17126226 4.04474163
v -0.40992016 2.17126226 4.04474163
v 1.00605869 0.63255548 4.28995323
v 1.00605869 -1.56608772 4.28995323
v 1.00605869 -2.64504623 4.28995323
v 1.00605869 -4.79877472 4.28995323
v 1.00605869 -8.031003 4.28995323
v 0.49087203 0.07446909 4.28995323
v 0.49087203 -8.57394695 4.28995323
v 0.49087203 -4.26359272 4.28995323
v 0.09390954 3.81474447 4.28995323
v 0.49087203 3.41082954 4.28995323
v 0.09390954 6.94002819 4.28995323
v 0.49087203 5.54956818 4.28995323
v 0.49087203 -6.39741898 4.28995323
v 0.49087203 -2.11271763 4.28995323
v 0.49087203 -7.49292278 4.28995323
v 0.49087203 -3.1750927 4.28995323
v 0.49087203 -1.01582336 4.28995323
v 0.49087203 -5.32905006 4.28995323
v 0.49087203 1.2000885 4.28995323
v -0.49677187 1.2000885 4.28995323
v -0.00600528 1.2000885 4.28995323
v -0.49677187 -5.32905006 4.28995323
v -0.00600528 -5.32905006 4.28995323
v -0.49677187 -1.01582336 4.28995323
v -0.00600528 -1.01582336 4.28995323
v -0.49677187 -3.1750927 4.28995323
v -0.00600528 -3.1750927 4.28995323
v -0.49677187 -7.49292278 4.28995323
v -0.00600528 -7.49292278 4.28995323
v -0.49677187 -2.11271763 4.28995323
v -0.00600528 -2.11271763 4.28995323
v -0.49677187 -6.39741898 4.28995323
v -0.00600528 -6.39741898 4.28995323
v -0.49677187 5.54956818 4.28995323
v -0.00600528 5.54956818 4.28995323
v -0.4071382 6.94002819 4.28995323
v -0.4071382 3.81474447 4.28995323
v -0.00600528 3.41082954 4.28995323
v -0.49677187 -4.26359272 4.28995323
v -0.00600528 -4.26359272 4.28995323
v -0.49677187 -8.57394695 4.28995323
v -0.00600528 -8.57394695 4.28995323
v -0.49677187 0.07446909 4.28995323
v -0.00600528 0.07446909 4.28995323
v -0.59846854 8.14722061 4.28995323
v -0.90068668 8.17060184 4.28995323
v -0.00600528 7.06968307 4.28995323
v -0.49677187 6.06739426 4.28995323
v -0.00600528 6.53611326 4.28995323
v 0.49087203 6.06739426 4.28995323
v -0.49677187 5.03733492 4.28995323
v -0.00600528 5.03733492 4.28995323
v 0.49087203 5.03733492 4.28995323
v -0.49677187 4.01142979 4.28995323
v -0.00600528 4.01142979 4.28995323
v 0.49087203 4.01142979 4.28995323
v -0.49677187 2.88807988 4.28995323
v -0.00600528 2.88807988 4.28995323
v 0.49087203 2.88807988 4.28995323
v -0.49677187 0.63255548 4.28995323
v -0.00600528 0.63255548 4.28995323
v 0.49087203 0.63255548 4.28995323
v -0.49677187 -0.4917264 4.28995323
v -0.00600528 -0.4917264 4.28995323
v 0.49087203 -0.4917264 4.28995323
v -0.49677187 -1.56608772 4.28995323
v -0.00600528 -1.56608772 4.28995323
v 0.49087203 -1.56608772 4.28995323
v -0.49677187 -2.64504623 4.28995323
v -0.00600528 -2.64504623 4.28995323
v 0.49087203 -2.64504623 4.28995323
v -0.49677187 -3.71920586 4.28995323
v -0.00600528 -3.71920586 4.28995323
v 0.49087203 -3.71920586 4.28995323
v -0.49677187 -4.79877472 4.28995323
v -0.00600528 -4.79877472 4.28995323
v 0.49087203 -4.79877472 4.28995323
v -0.49677187 -5.87695599 4.28995323
v -0.00600528 -5.87695599 4.28995323
v 0.49087203 -5.87695599 4.28995323
v -0.49677187 -6.958745 4.28995323
v -0.00600528 -6.958745 4.28995323
v 0.49087203 -6.958745 4.28995323
v -0.49677187 -8.031003 4.28995323
v -0.00600528 -8.031003 4.28995323
v 0.49087203 -8.031003 4.28995323
vn -0.70711 0 0.7071
vn -0.57735 0.57735 -0.57735
vn -0.7071 0 -0.70712
vn 0 0.70711 0.7071
vn 0.57734 0.57737 -0.57735
vn 0 0.70709 -0.70712
vn 0.70711 0 0.70711
vn 0.57735 -0.57735 -0.57735
vn 0.70709 0 -0.70712
vn 0 -0.70711 0.7071
vn -0.57734 -0.57737 -0.57735
vn 0 -0.70709 -0.70712
vn 0 -0.70711 -0.7071
vn 0 0 -1
vn -0.70709 0 0.70712
vn 0 0 1
vn 0 -0.70709 0.70712
vn 0 0 1
vn 0 0 -1
vn -0.70711 0 -0.7071
vn 0 -0.70709 -0.70712
vn -0.57734 0.57737 0.57735
vn 0 0.70711 -0.7071
vn 0.57734 -0.57737 0.57735
vn 0 0 1
vn 0 -0.70709 -0.70712
vn 0 0 -1
vn 0 0.70709 0.70712
vn 0 0.70709 -0.70712
vn 0.30152 -0.30153 -0.90453
vn 0.30152 0.30153 -0.90453
vn 0 0 -1
vn 0 0 1
vn 0 -0.70711 0.70711
vn -0.30151 -0.30151 0.90453
vn 0 0 -1
vn -0.70711 0 -0.70711
vn -0.70711 0 -0.70711
vn -0.70711 0 0.70711
vn 0 0 1
vn 0 0 1
vn 0.70711 0 -0.70711
vn -0.30151 0.30151 -0.90454
vn -0.30151 -0.30151 -0.90453
vn 0.70711 0 0.70711
vn 0.70711 0 -0.70711
vn -0.7071 0 0.70711
vn -0.7071 0 -0.70711
vn 0.30152 0.30151 0.90453
vn 0.57736 -0.57734 0.57735
vn 0.30152 -0.30152 0.90453
vn 0 0 -1
vn -0.30151 -0.3015 -0.90454
vn 0 0 -1
vn 0.30152 0.30152 -0.90453
vn 0 0 -1
vn -0.30151 0.30151 -0.90453
vn 0 0.70709 0.70712
vn 0 0.70709 -0.70712
vn 0 0.70709 -0.70712
vn 0 0 -1
vn 0 0 -1
vn 0 -0.70709 0.70712
vn 0 -0.70709 -0.70712
vn 0 0 1
vn 0 0 1
vn 0 0 -1
vn -0.30151 0.3015 -0.90454
vn -0.30151 -0.30151 -0.90453
vn 0.30152 0.30152 -0.90453
vn 0 0 -1
vn -0.30151 0.30151 -0.90453
vn 0.7071 0 0.70712
vn 0.70712 0 -0.7071
vn 0.7071 0 -0.70712
vn 0 0 -1
vn 0 0.7071 -0.70712
vn -0.30151 0.30151 -0.90453
vn -0.7071 0 0.70711
vn 0 0 1
vn 0 0 1
vn 0.57735 0.57736 0.57735
vn 0.57735 0.57736 0.57735
vn 0.90453 0.30151 0.30151
vn 0 0 -1
vn -0.7071 0 -0.70711
vn -0.7071 0 -0.70711
vn -0.30151 0.30151 0.90453
vn -0.30151 -0.30152 0.90453
vn 0.30152 0.30153 -0.90453
vn 0 0 -1
vn 0 0 -1
vn -0.7071 0 0.70711
vn -0.7071 0 -0.70711
vn 0 0 -1
vn 0.7071 0 0.70712
vn 0.57735 0.57735 0.57735
vn 0 0.70709 0.70712
vn 0 0 1
vn 0 0 1
vn 0 0 -1
vn 0.70711 0 -0.70711
vn 0 0.70709 0.70712
vn 0 0 1
vn 0 0 -1
vn -0.7071 0 0.70711
vn -0.7071 0 -0.70711
vn -0.30151 0.30151 -0.90453
vn 0.30151 0.30152 -0.90453
vn 0.30152 -0.3015 -0.90454
vn -0.30151 -0.30151 -0.90453
vn -0.57735 -0.57735 0.57735
vn 0.30149 -0.30153 -0.90453
vn 0.30151 0.30151 -0.90453
vn 0 0 1
vn 0 -0.70711 0.70711
vn -0.30151 -0.30151 0.90453
vn 0 0 -1
vn -0.7071 0 -0.70711
vn 0.30152 0.30151 0.90453
vn 0.57736 -0.57734 0.57735
vn 0.30152 -0.30152 0.90453
vn -0.7071 0 0.70711
vn 0 0 1
vn -0.30151 0.30151 -0.90453
vn -0.30151 -0.30151 -0.90453
vn 0.70711 0 0.70711
vn 0.70711 0 -0.70711
vn 0.70711 0 0.7071
vn 0.70711 0 -0.70711
vn 0.70711 0 -0.7071
vn -0.30151 0.30151 -0.90454
vn -0.30151 -0.30151 -0.90453
vn -0.7071 0 0.70711
vn 0 0 1
vn 0 0 1
vn 0.90453 -0.30151 0.30151
vn 0.57735 -0.57735 0.57735
vn 0 0 -1
vn -0.7071 0 -0.70711
vn -0.7071 0 -0.70711
vn 0 0 1
vn 0 -0.70711 0.70711
vn -0.30151 -0.30151 0.90453
vn 0.30151 -0.30153 -0.90453
vn 0.30151 0.30152 -0.90453
vn 0 0 -1
vn -0.30151 0.30151 -0.90453
vn 0.30151 0.30152 -0.90453
vn 0 0 -1
vn 0.30152 -0.30152 -0.90453
vn -0.30151 -0.30151 -0.90453
vn -0.7071 0 0.70711
vn -0.7071 0 -0.70711
vn -0.7071 0 0.70711
vn -0.7071 0 -0.70711
vn -0.70711 0 -0.70711
vn 0 0 -1
vn -0.30151 0.3015 -0.90454
vn -0.30151 -0.3015 -0.90454
vn 0.30152 0.30152 -0.90453
vn 0 0 -1
vn -0.30151 0.30151 -0.90453
vn 0.7071 0 0.70711
vn 0.70711 0 -0.70711
vn 0.7071 0 -0.70711
vn 0 0 -1
vn 0 0.7071 -0.70712
vn -0.30151 0.30151 -0.90453
vn -0.7071 0 0.70711
vn 0 0 1
vn 0 0 1
vn 0 0 -1
vn -0.7071 0 -0.70711
vn -0.30151 0.30151 0.90453
vn -0.30151 -0.30151 0.90454
vn 0.30152 0.30153 -0.90453
vn 0 0 -1
vn 0 0 -1
vn 0.30151 -0.30152 -0.90453
vn 0.30151 0.30151 -0.90453
vn 0 0 -1
vn 0 0 1
vn 0 -0.70711 0.70711
vn -0.30151 -0.30151 0.90453
vn 0 0 -1
vn -0.7071 0 -0.70711
vn 0.90453 -0.30151 0.30151
vn 0.57735 -0.57735 0.57735
vn 0 0 1
vn 0 0 1
vn 0.70711 0 -0.70711
vn -0.30151 0.30151 -0.90453
vn -0.30151 -0.30151 -0.90454
vn 0.70711 0 0.70711
vn 0.70711 0 -0.70711
vn -0.30151 0.30152 -0.90453
vn 0.30152 -0.3015 -0.90454
vn 0.3015 0.30152 -0.90453
vn 0 0 -1
vn -0.30151 -0.30151 -0.90453
vn -0.7071 0 0.70711
vn -0.7071 0 -0.70711
vn -0.7071 0 -0.70711
vn 0.30151 -0.30152 -0.90453
vn 0 0 -1
vn 0 0 -1
vn 0 0 1
vn 0 -0.7071 0.70711
vn -0.30151 -0.30151 0.90453
vn 0 0 -1
vn -0.7071 0 -0.70711
vn -0.7071 0 0.70711
vn 0 0 1
vn 0 0 1
vn 0.70711 0 -0.70711
vn -0.70711 0 -0.7071
vn -0.30151 -0.30151 -0.90453
vn 0.70711 0 0.70711
vn 0.70711 0 -0.70711
vn 0.30153 -0.3015 -0.90453
vn 0 0 -1
vn 0 0 -1
vn 0 0 -1
vn -0.30151 0.30151 -0.90454
vn -0.30151 -0.30151 -0.90454
vn 0.30152 0.30152 -0.90453
vn 0 0 -1
vn -0.30151 0.30151 -0.90453
vn 0.70711 0 0.70711
vn 0.70711 0 -0.7071
vn 0.70711 0 -0.70711
vn 0 0 -1
vn 0 0.7071 -0.70711
vn -0.30151 0.30151 -0.90453
vn 0 0 1
vn 0 0 1
vn 0.57735 0.57735 0.57735
vn 0.57735 0.57735 0.57735
vn 0.90453 0.30151 0.30152
vn 0 0 -1
vn -0.7071 0 -0.70711
vn -0.30151 0.30151 0.90454
vn -0.30151 -0.30151 0.90454
vn 0.30152 0.30152 -0.90453
vn 0 0 -1
vn 0 0 -1
vn -0.7071 0 -0.70711
vn 0.30152 -0.30152 -0.90453
vn 0.30151 0.30151 -0.90453
vn 0 0 -1
vn 0 0 1
vn 0 -0.70711 0.70711
vn -0.30151 -0.30151 0.90453
vn 0 0 -1
vn 0 0 1
vn 0 0 1
vn 0.70711 0 -0.70711
vn -0.30151 0.30152 -0.90453
vn -0.30151 -0.30151 -0.90453
vn 0.70711 0 0.70711
vn 0.70711 0 -0.70711
vn 0.30152 0.30151 0.90453
vn 0.57736 -0.57734 0.57735
vn 0.30152 -0.30152 0.90453
vn 0 0 -1
vn -0.30151 -0.3015 -0.90454
vn 0 0 -1
vn 0.3015 0.30152 -0.90453
vn 0 0 -1
vn -0.30151 0.30151 -0.90453
vn -0.7071 0 0.70711
vn -0.7071 0 -0.70711
vn -0.7071 0 -0.70711
vn 0.70711 0 0.70711
vn 0.70711 0 -0.7071
vn 0.70711 0 -0.70711
vn -0.30151 0.30151 -0.90454
vn -0.30151 -0.30151 -0.90454
vn -0.7071 0 0.70711
vn 0 0 1
vn 0 0 1
vn 0 0 -1
vn -0.7071 0 -0.70711
vn 0 0 1
vn 0 -0.70711 0.70711
vn -0.30151 -0.30151 0.90453
vn 0.30152 -0.30152 -0.90453
vn 0.30152 0.30152 -0.90453
vn 0 0 -1
vn 0 0 -1
vn -0.30151 -0.3015 -0.90454
vn 0 0 -1
vn 0.30152 0.30152 -0.90453
vn 0 0 -1
vn -0.30151 0.30151 -0.90453
vn 0.57735 0.57735 0.57735
vn 0.57735 0.57735 0.57735
vn 0.90453 0.30151 0.30151
vn -0.30151 0.30151 -0.90453
vn 0.30151 0.30152 -0.90453
vn 0 0 -1
vn 0.30152 -0.30152 -0.90453
vn -0.30151 -0.30151 -0.90453
vn 0.30151 -0.30153 -0.90453
vn 0.30151 0.30151 -0.90453
vn 0 0 -1
vn 0 0 1
vn 0 -0.70711 0.70711
vn -0.30151 -0.30151 0.90453
vn 0 0 -1
vn -0.7071 0 -0.70711
vn -0.7071 0 -0.70711
vn 0.30152 0.30151 0.90453
vn 0.57736 -0.57734 0.57735
vn 0.30152 -0.30152 0.90453
vn -0.7071 0 0.70711
vn 0 0 1
vn 0 0 1
vn 0.70711 0 -0.70711
vn -0.30151 0.30151 -0.90453
vn -0.30151 -0.30151 -0.90453
vn 0.70711 0 0.70711
vn 0.70711 0 -0.70711
vn -0.7071 0 0.70711
vn -0.7071 0 -0.70711
vn -0.7071 0 -0.70711
vn 0.70711 0 0.70711
vn 0.70711 0 -0.70711
vn 0.70711 0 -0.70711
vn -0.30151 0.30151 -0.90454
vn -0.30151 -0.30151 -0.90453
vn 0 0 1
vn 0 0 1
vn 0.90453 -0.30151 0.30151
vn 0.57735 -0.57735 0.57735
vn 0 0 -1
vn 0 0 1
vn 0 -0.70711 0.70711
vn -0.30151 -0.30151 0.90453
vn 0.30152 -0.30153 -0.90453
vn 0.30151 0.30152 -0.90453
vn 0 0 -1
vn -0.30151 0.30151 -0.90453
vn 0.30151 0.30152 -0.90453
vn 0 0 -1
vn 0.30152 -0.30152 -0.90453
vn -0.30151 -0.30151 -0.90453
vn -0.7071 0 -0.70711
vn 0 0 -1
vn -0.30151 -0.3015 -0.90454
vn 0 0 -1
vn 0.30152 0.30152 -0.90453
vn 0 0 -1
vn -0.30151 0.30151 -0.90453
vn 0.30152 -0.30152 -0.90453
vn 0.30152 0.30152 -0.90453
vn 0 0 -1
vn 0 0 1
vn 0 -0.70711 0.70711
vn -0.30151 -0.30151 0.90453
vn 0 0 -1
vn 0 0 1
vn 0 0 1
vn 0.70711 0 -0.70711
vn -0.30151 0.30151 -0.90454
vn -0.30151 -0.30151 -0.90453
vn 0.70711 0 0.70711
vn 0.70711 0 -0.70711
vn 0.70711 0 0.70711
vn 0.70711 0 -0.7071
vn 0.70711 0 -0.70711
vn -0.30151 0.30151 -0.90454
vn -0.30151 -0.30151 -0.90454
vn 0 0 1
vn 0 0 1
vn 0.90453 -0.30151 0.30151
vn 0.57735 -0.57735 0.57735
vn 0 0 -1
vn -0.7071 0 -0.70711
vn 0 0 1
vn 0 -0.70711 0.70711
vn -0.30151 -0.30151 0.90453
vn 0.30152 -0.30152 -0.90453
vn 0.30152 0.30152 -0.90453
vn 0 0 -1
vn 0 0 -1
vn -0.30151 -0.3015 -0.90454
vn 0 0 -1
vn 0.30152 0.30152 -0.90453
vn 0 0 -1
vn -0.30151 0.30151 -0.90453
vn 0.57735 0.57735 0.57735
vn 0.57735 0.57735 0.57735
vn 0.90453 0.30151 0.30151
vn 0 0 -1
vn -0.30151 -0.3015 -0.90454
vn 0 0 -1
vn 0.30152 0.30152 -0.90453
vn 0 0 -1
vn -0.30151 0.30151 -0.90453
vn 0.30152 -0.30152 -0.90453
vn 0.30152 0.30152 -0.90453
vn 0 0 -1
vn 0 0 1
vn 0 -0.70711 0.70711
vn -0.30151 -0.30151 0.90453
vn 0 0 -1
vn -0.7071 0 -0.70711
vn 0.30152 0.30151 0.90453
vn 0.57736 -0.57734 0.57735
vn 0.30151 -0.30151 0.90453
vn 0 0 1
vn 0 0 1
vn 0.70711 0 -0.7071
vn -0.30151 0.30151 -0.90454
vn -0.30151 -0.30151 -0.90453
vn 0.70711 0 0.70711
vn 0.70711 0 -0.70711
vn -0.7071 0 -0.70711
vn 0 0 -1
vn -0.30151 -0.3015 -0.90454
vn 0 0 -1
vn 0.30152 0.30152 -0.90453
vn 0 0 -1
vn -0.30151 0.30151 -0.90453
vn 0.70712 0 0.7071
vn 0.70711 0 -0.70711
vn 0.70712 0 -0.7071
vn -0.30151 0.30151 -0.90454
vn -0.30151 -0.30151 -0.90453
vn 0 0 1
vn 0 0 1
vn 0.57735 0.57736 0.57735
vn 0.57735 0.57736 0.57735
vn 0.90453 0.30151 0.30151
vn 0 0 -1
vn 0 0 1
vn 0 -0.70711 0.70711
vn -0.30151 -0.30151 0.90453
vn 0.30153 -0.30153 -0.90452
vn 0.30152 0.30153 -0.90453
vn 0 0 -1
vn 0.30153 -0.30153 -0.90452
vn 0.30152 0.30153 -0.90453
vn 0 0 -1
vn 0.30152 0.30152 0.90453
vn 0.57735 -0.57735 0.57735
vn 0.30152 -0.30152 0.90453
vn 0.30152 -0.30152 -0.90453
vn 0.30152 0.30152 -0.90453
vn 0 0 -1
vn 0.30152 -0.30152 -0.90453
vn 0.30152 0.30152 -0.90453
vn 0 0 -1
vn 0.90453 -0.30152 0.30151
vn 0.57735 -0.57735 0.57735
vn 0.57735 0.57736 0.57735
vn 0.57735 0.57736 0.57735
vn 0.90453 0.30151 0.30152
vn 0.30152 -0.30152 -0.90453
vn 0.30152 0.30152 -0.90453
vn 0 0 -1
vn 0.30152 -0.30153 -0.90453
vn 0.30151 0.30152 -0.90453
vn 0 0 -1
vn 0.30152 0.30151 0.90453
vn 0.57736 -0.57734 0.57735
vn 0.30152 -0.30152 0.90453
vn 0.30151 -0.30153 -0.90453
vn 0.30151 0.30151 -0.90453
vn 0 0 -1
vn 0.30152 -0.30152 -0.90453
vn 0.30152 0.30152 -0.90453
vn 0 0 -1
vn 0.90453 -0.30152 0.30151
vn 0.57735 -0.57735 0.57735
vn 0.30152 -0.30153 -0.90453
vn 0.30151 0.30151 -0.90453
vn 0 0 -1
vn 0.57735 0.57735 0.57735
vn 0.57735 0.57735 0.57735
vn 0.90453 0.30151 0.30151
vn 0.30152 0.30152 -0.90453
vn 0 0 -1
vn 0.30151 -0.30152 -0.90453
vn 0 0 -1
vn 0.30152 0.30151 0.90453
vn 0.57736 -0.57734 0.57735
vn 0.30152 -0.30152 0.90453
vn 0.30151 -0.30152 -0.90453
vn 0.30151 0.30151 -0.90453
vn 0 0 -1
vn 0.90453 -0.30151 0.30151
vn 0.57735 -0.57735 0.57735
vn 0.30152 0.30153 -0.90453
vn 0 0 -1
vn 0.30151 -0.30153 -0.90453
vn 0.30151 0.30152 -0.90453
vn 0 0 -1
vn 0.30149 -0.30153 -0.90453
vn 0.30151 0.30152 -0.90453
vn 0 0 -1
vn 0 0 1
vn 0.90453 -0.30151 0.30151
vn 0.57735 -0.57735 0.57735
vn 0.30152 0.30153 -0.90453
vn 0 0 -1
vn 0.30152 -0.30153 -0.90453
vn 0.30152 0.30153 -0.90453
vn 0 0 -1
vn 0.57735 0.57736 0.57735
vn 0.57735 0.57736 0.57735
vn 0.90453 0.30151 0.30152
vn 0 -0.70709 0.70712
vn -0.30151 -0.3015 -0.90454
vn 0 0 -1
vn 0.30152 -0.30152 -0.90453
vn 0.30152 0.30152 -0.90453
vn -0.30151 -0.3015 -0.90454
vn 0 0 -1
vn 0.30152 -0.30152 -0.90453
vn 0.30152 0.30152 -0.90453
vn 0.30152 0.30151 0.90453
vn 0.57736 -0.57734 0.57735
vn 0.30151 -0.30152 0.90453
vn -0.30151 -0.3015 -0.90454
vn 0 0 -1
vn 0.30152 -0.30152 -0.90453
vn 0.30152 0.30152 -0.90453
vn -0.30151 -0.3015 -0.90454
vn 0 0 -1
vn 0.30152 -0.30152 -0.90453
vn 0.30151 0.30152 -0.90453
vn -0.30151 -0.3015 -0.90454
vn 0 0 -1
vn 0.30152 -0.30154 -0.90452
vn 0.30151 0.30152 -0.90453
vn 0 0 -1
vn -0.30151 -0.3015 -0.90454
vn 0 0 -1
vn 0.30152 -0.30153 -0.90453
vn 0.3015 0.30151 -0.90453
vn 0 0 -1
vn 0.90453 -0.30152 0.30151
vn 0.57735 -0.57735 0.57735
vn -0.30151 -0.3015 -0.90454
vn 0 0 -1
vn 0.30152 -0.30152 -0.90453
vn 0.30152 0.30152 -0.90453
vn -0.30151 -0.3015 -0.90454
vn 0 0 -1
vn 0.30152 -0.30152 -0.90453
vn 0.3015 0.30151 -0.90454
vn -0.30151 0.30151 -0.90454
vn -0.30151 -0.30151 -0.90454
vn 0 0 -1
vn 0.30152 0.30152 -0.90453
vn 0.30153 -0.30151 -0.90453
vn 0.3015 0.30151 -0.90454
vn -0.30151 0.30151 -0.90454
vn 0.30152 -0.30151 -0.90453
vn 0 0 -1
vn -0.30151 0.3015 -0.90454
vn -0.30151 -0.3015 -0.90454
vn 0 0 -1
vn 0.30152 0.30152 -0.90453
vn 0.57735 0.57735 0.57735
vn 0.57735 0.57735 0.57735
vn 0.90453 0.30151 0.30151
vn -0.30151 -0.3015 -0.90454
vn 0 0 -1
vn 0.30152 -0.30152 -0.90453
vn 0.30151 0.30152 -0.90453
vn 0 0 -1
vn -0.30151 -0.3015 -0.90454
vn 0 0 -1
vn 0.30152 -0.30153 -0.90453
vn 0.30151 0.30152 -0.90453
vn 0.30152 0.30152 0.90453
vn 0.57735 -0.57735 0.57735
vn 0.30151 -0.30152 0.90453
vn 0 0 1
vn 0 0 -1
vn -0.30151 0.3015 -0.90454
vn -0.30151 -0.30151 -0.90454
vn 0 0 -1
vn 0.30152 0.30152 -0.90453
vn 0 -0.70709 0.70712
vn 0.57735 0.57736 0.57735
vn 0.57735 0.57736 0.57735
vn 0.90453 0.30151 0.30152
vn -0.30151 -0.3015 -0.90454
vn 0 0 -1
vn 0.30152 -0.30152 -0.90453
vn 0.30152 0.30152 -0.90453
vn -0.30151 0.3015 -0.90454
vn -0.30151 -0.30151 -0.90454
vn 0.30152 0.30152 -0.90453
vn 0.30151 -0.30151 -0.90453
vn 0.30152 0.30151 -0.90453
vn -0.30151 0.30151 -0.90454
vn 0 0.7071 -0.70712
vn 0 0 -1
vn 0.30152 0.30153 -0.90453
vn 0.30152 0.30151 0.90453
vn 0.57736 -0.57734 0.57735
vn 0.30151 -0.30152 0.90453
vn 0.30152 0.30152 -0.90453
vn -0.30151 0.30151 0.90454
vn -0.30151 -0.30152 0.90453
vn 0.90453 -0.30152 0.30151
vn 0.57735 -0.57735 0.57735
vn 0 0 -1
vn 0 0.7071 -0.70712
vn -0.30151 0.30151 -0.90453
vn -0.30151 0.3015 -0.90454
vn -0.30151 -0.30151 -0.90453
vn 0.30152 0.30152 -0.90453
vn -0.30151 0.30151 -0.90453
vn -0.7071 0 0.70711
vn 0.3015 0.30151 -0.90454
vn -0.30151 0.30151 -0.90453
vn 0.30152 -0.30152 -0.90453
vn 0.3015 -0.30153 -0.90453
vn 0.30151 0.30151 -0.90453
vn -0.7071 0 0.70711
vn -0.30151 0.30151 -0.90453
vn 0.3015 0.30152 -0.90454
vn 0.30152 -0.30152 -0.90453
vn -0.30151 -0.30151 -0.90453
vn 0.90453 -0.30152 0.30151
vn 0.57735 -0.57735 0.57735
vn 0.70711 0 0.7071
vn -0.30151 0.30151 -0.90453
vn -0.30151 -0.30151 -0.90453
vn 0.57735 0.57735 0.57735
vn 0.57735 0.57735 0.57735
vn 0.90453 0.30151 0.30151
vn 0 0 1
vn 0 -0.70711 0.70711
vn -0.30151 -0.30151 0.90453
vn 0.3015 -0.30153 -0.90453
vn 0.30151 0.30151 -0.90453
vn -0.30151 -0.3015 -0.90454
vn -0.30151 0.30151 -0.90453
vn 0.30152 -0.30152 -0.90453
vn 0.3015 0.30151 -0.90454
vn 0.30152 0.30152 0.90453
vn 0.57735 -0.57735 0.57735
vn 0.30152 -0.30152 0.90453
vn 0.30151 -0.30152 -0.90453
vn 0.30151 0.30151 -0.90453
vn -0.30151 -0.3015 -0.90454
vn -0.30151 0.30151 -0.90453
vn 0 0 -1
vn 0.30151 0.30152 -0.90453
vn 0 0 -1
vn -0.30151 0.30151 -0.90453
vn 0.70711 0 0.70711
vn -0.30151 -0.30151 -0.90453
vn -0.30151 0.30151 0.90453
vn -0.30151 -0.30152 0.90453
vn 0.30151 -0.30152 -0.90453
vn 0.30151 0.30151 -0.90453
vn -0.7071 0 0.70711
vn -0.30151 -0.3015 -0.90454
vn 0.30152 -0.30152 -0.90453
vn 0.3015 0.30151 -0.90454
vn 0.30152 -0.30152 -0.90453
vn 0.30151 0.30151 -0.90453
vn -0.70711 0 0.70711
vn 0.30152 -0.30152 -0.90453
vn 0.30151 0.30151 -0.90453
vn 0 0 1
vn 0 -0.70711 0.70711
vn -0.30151 -0.30151 0.90453
vn 0.90453 -0.30152 0.30151
vn 0.57735 -0.57735 0.57735
vn -0.30151 0.30152 -0.90453
vn -0.30151 -0.30151 -0.90453
vn 0.70711 0 0.70711
vn -0.30151 -0.3015 -0.90454
vn 0.3015 0.30152 -0.90453
vn 0 0 -1
vn -0.30151 0.30151 -0.90453
vn -0.30151 -0.3015 -0.90454
vn 0.30152 -0.30152 -0.90453
vn 0.30152 0.30152 -0.90453
vn 0.30152 -0.30153 -0.90453
vn 0.30152 0.30153 -0.90453
vn -0.30151 -0.3015 -0.90454
vn 0.30152 0.30152 -0.90453
vn 0 0 -1
vn -0.30151 0.30151 -0.90453
vn 0.70712 0 0.7071
vn -0.30151 0.30151 -0.90454
vn -0.30151 -0.30151 -0.90453
vn 0.57735 0.57736 0.57735
vn 0.57735 0.57736 0.57735
vn 0.90453 0.30151 0.30152
vn 0 0 1
vn 0 -0.70711 0.70711
vn -0.30151 -0.30151 0.90453
vn 0.30152 -0.30153 -0.90453
vn 0.30152 0.30153 -0.90453
vn -0.7071 0 0.70711
vn -0.30151 -0.3015 -0.90454
vn 0.30152 -0.30152 -0.90453
vn 0.30152 0.30152 -0.90453
vn 0.30152 -0.30153 -0.90453
vn 0.30152 0.30153 -0.90453
vn 0.30152 0.30151 0.90453
vn 0.57736 -0.57734 0.57735
vn 0.30152 -0.30152 0.90453
vn -0.7071 0 0.70711
vn 0.30152 -0.30153 -0.90453
vn 0.30152 0.30153 -0.90453
vn 0 0 1
vn 0 -0.70711 0.70711
vn -0.30151 -0.30151 0.90453
vn -0.30151 0.30151 -0.90454
vn -0.30151 -0.30151 -0.90453
vn 0.70711 0 0.70711
vn -0.30151 -0.3015 -0.90454
vn 0 0 -1
vn 0.30152 0.30152 -0.90453
vn 0 0 -1
vn -0.30151 0.30151 -0.90453
vn -0.30151 0.3015 -0.90454
vn -0.30151 -0.3015 -0.90454
vn 0.30152 0.30152 -0.90453
vn 0.30152 0.30153 -0.90453
vn 0.30152 0.30153 -0.90453
vn -0.30151 0.30151 0.90453
vn 0.70711 0 0.70711
vn -0.30151 -0.30151 0.90454
vn 0.90453 -0.30151 0.30151
vn 0.57735 -0.57735 0.57735
vn 0 0 -1
vn 0 0.7071 -0.70712
vn -0.30151 0.30151 -0.90453
vn 0.57735 0.57736 0.57735
vn 0.57735 0.57736 0.57735
vn 0.90453 0.30151 0.30151
vn -0.30151 0.3015 -0.90454
vn -0.30151 -0.3015 -0.90454
vn 0.30152 0.30152 -0.90453
vn 0 0 -1
vn -0.30151 0.30151 -0.90453
vn -0.70711 0 0.70711
vn -0.30151 -0.3015 -0.90454
vn 0.30152 -0.30154 -0.90452
vn 0.30152 0.30152 -0.90453
vn 0.30152 0.30152 0.90453
vn 0.57735 -0.57735 0.57735
vn 0.30151 -0.30152 0.90453
vn 0.30151 -0.30153 -0.90453
vn 0.30152 0.30152 -0.90453
vn -0.7071 0 0.70711
vn -0.30151 0.30151 -0.90453
vn 0.30152 0.30152 -0.90453
vn 0 0 -1
vn 0.30151 -0.30152 -0.90453
vn -0.30151 -0.30151 -0.90453
vn 0.70711 0 0.70711
vn -0.30151 0.30151 -0.90454
vn -0.30151 -0.30151 -0.90453
vn 0.57735 0.57735 0.57735
vn 0.57735 0.57735 0.57735
vn 0.90453 0.30151 0.30152
vn 0 0 1
vn 0 -0.70711 0.70711
vn -0.30151 -0.30151 0.90453
vn 0.30151 -0.30153 -0.90453
vn 0.30152 0.30152 -0.90453
vn -0.30151 -0.3015 -0.90454
vn 0.30152 -0.30152 -0.90453
vn 0.30151 0.30152 -0.90453
vn 0.30152 0.30151 0.90453
vn 0.57736 -0.57734 0.57735
vn 0.30152 -0.30152 0.90453
vn 0.30151 -0.30153 -0.90453
vn 0.30151 0.30152 -0.90453
vn 0.90453 -0.30152 0.30151
vn 0.57735 -0.57735 0.57735
vn -0.30151 0.30151 -0.90453
vn 0.30151 0.30152 -0.90453
vn 0 0 -1
vn 0.30152 -0.30152 -0.90453
vn -0.30151 -0.30151 -0.90453
vn 0.30151 -0.30153 -0.90453
vn 0.30151 0.30152 -0.90453
vn 0 0 1
vn 0 -0.70711 0.70711
vn -0.30151 -0.30151 0.90453
vn -0.30151 0.30151 -0.90454
vn -0.30151 -0.30151 -0.90453
vn 0.70711 0 0.7071
vn -0.7071 0 0.70711
vn -0.30151 -0.3015 -0.90454
vn 0.30152 -0.30152 -0.90453
vn 0.30151 0.30152 -0.90453
vn 0 0 -1
vn 0.30152 -0.30153 -0.90453
vn 0.30151 0.30152 -0.90453
vn -0.7071 0 0.70711
vn 0.70711 0 0.7071
vn -0.30151 0.30151 -0.90454
vn -0.30151 -0.30151 -0.90453
vn 0.90453 -0.30151 0.30151
vn 0.57735 -0.57735 0.57735
vn 0 0 1
vn 0 -0.70711 0.70711
vn -0.30151 -0.30151 0.90453
vn 0.30152 -0.30153 -0.90453
vn 0.30151 0.30152 -0.90453
vn -0.30151 -0.3015 -0.90454
vn 0.30151 0.30152 -0.90453
vn 0 0 -1
vn -0.30151 0.30151 -0.90453
vn -0.30151 -0.3015 -0.90454
vn 0.30152 -0.30152 -0.90453
vn 0.30151 0.30152 -0.90453
vn 0.30152 -0.30153 -0.90453
vn 0.30151 0.30152 -0.90453
vn 0.70711 0 0.70711
vn -0.30151 0.30151 -0.90454
vn -0.30151 -0.30151 -0.90453
vn 0 0 1
vn 0 -0.70711 0.70711
vn -0.30151 -0.30151 0.90453
vn 0.30152 -0.30153 -0.90453
vn 0.30151 0.30152 -0.90453
vn -0.30151 0.30151 -0.90453
vn 0.30151 0.30152 -0.90453
vn 0 0 -1
vn 0.30152 -0.30152 -0.90453
vn -0.30151 -0.30151 -0.90453
vn 0.57735 0.57735 0.57735
vn 0.57735 0.57735 0.57735
vn 0.90453 0.30151 0.30151
vn -0.7071 0 0.70711
vn -0.30151 -0.3015 -0.90454
vn 0.30152 -0.30152 -0.90453
vn 0.30151 0.30152 -0.90453
vn 0 0 -1
vn 0.30152 0.30151 0.90453
vn 0.57736 -0.57734 0.57735
vn 0.30151 -0.30152 0.90453
vn 0.30152 -0.30153 -0.90453
vn 0.30151 0.30152 -0.90453
vn -0.7071 0 0.70711
vn -0.30151 -0.3015 -0.90454
vn 0.30151 0.30152 -0.90453
vn 0 0 -1
vn -0.30151 0.30151 -0.90453
vn 0.30152 -0.30153 -0.90453
vn 0.30151 0.30152 -0.90453
vn 0 0 1
vn 0 -0.70711 0.70711
vn -0.30151 -0.30151 0.90453
vn -0.30151 0.30151 -0.90454
vn -0.30151 -0.30151 -0.90453
vn 0.70711 0 0.70711
vn 0.90453 -0.30152 0.30151
vn 0.57735 -0.57735 0.57735
vn -0.30151 -0.3015 -0.90454
vn 0.30152 -0.30152 -0.90453
vn 0.30151 0.30152 -0.90453
vn 0.30152 -0.30153 -0.90453
vn 0.30151 0.30152 -0.90453
vn 0.57735 0.57736 0.57735
vn 0.57735 0.57736 0.57735
vn 0.90453 0.30152 0.30152
vn 0.70711 0 0.70711
vn -0.30151 0.30151 -0.90454
vn -0.30151 -0.30151 -0.90453
vn 0.30152 0.30151 0.90453
vn 0.57736 -0.57734 0.57735
vn 0.30151 -0.30152 0.90453
vn 0 0 1
vn 0 -0.70711 0.70711
vn -0.30151 -0.30151 0.90453
vn 0.30152 -0.30153 -0.90453
vn 0.30151 0.30152 -0.90453
vn -0.30151 0.30151 -0.90453
vn 0.30151 0.30152 -0.90453
vn 0 0 -1
vn 0.30152 -0.30152 -0.90453
vn -0.30151 -0.30151 -0.90453
vn -0.7071 0 0.70711
vn -0.30151 -0.3015 -0.90454
vn 0.30152 -0.30152 -0.90453
vn 0.30151 0.30152 -0.90453
vn 0.30151 -0.30153 -0.90453
vn 0.30151 0.30152 -0.90453
vn -0.7071 0 0.70711
vn 0.90453 -0.30151 0.30151
vn 0.57735 -0.57735 0.57735
vn -0.30151 0.30151 -0.90453
vn 0.30151 0.30152 -0.90453
vn 0 0 -1
vn 0.30152 -0.30152 -0.90453
vn -0.30151 -0.30151 -0.90453
vn 0.30151 -0.30153 -0.90453
vn 0.30151 0.30152 -0.90453
vn 0 0 1
vn 0 -0.70711 0.70711
vn -0.30151 -0.30151 0.90453
vn -0.30151 0.30151 -0.90454
vn -0.30151 -0.30151 -0.90453
vn 0.70711 0 0.7071
vn -0.30151 -0.3015 -0.90454
vn 0.30152 -0.30153 -0.90453
vn 0.30151 0.30151 -0.90453
vn 0 0 -1
vn 0.3015 -0.30153 -0.90453
vn 0.30151 0.30151 -0.90453
vn -0.30151 0.30151 -0.90453
vn 0.30151 0.30152 -0.90453
vn 0 0 -1
vn 0.30152 -0.30152 -0.90453
vn -0.30151 -0.30151 -0.90453
vn 0.3015 -0.30153 -0.90453
vn 0.30151 0.30151 -0.90453
vn 0 0 1
vn 0 -0.70711 0.70711
vn -0.30151 -0.30151 0.90453
vn -0.30151 0.30151 -0.90453
vn -0.30151 -0.30151 -0.90453
vn 0.70711 0 0.7071
vn -0.7071 0 0.70711
vn -0.30151 -0.3015 -0.90454
vn 0.30151 -0.30153 -0.90453
vn 0.30151 0.30152 -0.90453
vn 0 0 -1
vn 0.30151 -0.30153 -0.90453
vn 0.30151 0.30152 -0.90453
vn 0.70711 0 0.70711
vn -0.30151 0.30151 -0.90454
vn -0.30151 -0.30151 -0.90453
vn 0 0 1
vn 0 -0.70711 0.70711
vn -0.30151 -0.30151 0.90453
vn 0.30151 -0.30153 -0.90453
vn 0.30151 0.30152 -0.90453
vn -0.30151 0.30151 -0.90453
vn 0.30151 0.30152 -0.90453
vn 0 0 -1
vn 0.30152 -0.30152 -0.90453
vn -0.30151 -0.30151 -0.90453
vn 0.30152 -0.30152 0.90453
vn 0 0 1
vn 0.30151 -0.30152 0.90453
vn 0.30152 0.30152 0.90453
vn 0.30152 0.30152 0.90453
vn 0 -0.70711 0.70711
vn 0 -0.7071 0.70711
vn 0 0.7071 0.70711
vn 0 0 1
vn 0 0.70711 0.7071
vn 0.30152 -0.30152 0.90453
vn 0 0 1
vn 0 0 1
vn 0 0 1
vn 0.70711 0 0.70711
vn 0 0 1
vn 0 0.7071 0.70711
vn 0.30152 0.30152 0.90453
vn -0.30151 -0.30151 0.90453
vn 0.30151 -0.30151 0.90454
vn 0 0 1
vn 0 0 1
vn 0 0 1
vn 0.7071 0 0.70711
vn 0 0 1
vn 0 0.7071 0.70711
vn 0.30152 0.30152 0.90453
vn -0.30151 0.30151 0.90453
vn 0.3015 -0.30151 0.90454
vn 0 0 1
vn 0.30151 -0.30151 0.90453
vn 0.30152 0.30152 0.90453
vn 0.30153 0.30152 0.90453
vn 0 -0.70711 0.70711
vn 0 -0.70711 0.7071
vn 0 0.7071 0.70711
vn 0 0 1
vn 0 0.70711 0.7071
vn 0 0 1
vn 0 -0.70711 0.70711
vn 0 -0.7071 0.70711
vn 0.70711 0 0.70711
vn 0.30152 -0.30152 0.90453
vn 0 0.70711 0.70711
vn 0.30151 0.30151 0.90453
vn -0.30151 -0.30151 0.90453
vn 0.30152 -0.30152 0.90453
vn 0 0 1
vn 0.30151 -0.30152 0.90453
vn 0.30151 0.30151 0.90454
vn 0.30152 0.30151 0.90453
vn 0 -0.70711 0.70711
vn 0 -0.7071 0.70711
vn 0 0.70711 0.70711
vn 0 0.70711 0.7071
vn 0.30152 -0.30152 0.90453
vn 0 0 1
vn 0.30151 -0.30152 0.90453
vn 0.30151 0.30151 0.90453
vn 0.30152 0.30151 0.90453
vn 0 -0.70711 0.70711
vn 0 -0.7071 0.70711
vn 0 0.70711 0.70711
vn 0 0 1
vn 0 0.70711 0.7071
vn 0 0 1
vn 0 -0.70711 0.70711
vn 0 -0.7071 0.70711
vn 0 0 1
vn 0.70711 0 0.70711
vn 0.30152 -0.30152 0.90453
vn 0 0 1
vn 0 0.70711 0.70711
vn 0.30151 0.30151 0.90453
vn -0.30151 -0.30151 0.90453
vn 0.30152 -0.30152 0.90453
vn 0 0 1
vn 0 0 1
vn 0 0 1
vn 0.70711 0 0.7071
vn 0 0 1
vn 0 0.7071 0.70711
vn 0.30152 0.30152 0.90453
vn -0.30151 0.30151 0.90453
vn 0.30152 -0.30152 0.90453
vn 0 0 1
vn 0.30152 -0.30152 0.90453
vn 0.30152 0.30152 0.90453
vn 0.30152 0.30151 0.90453
vn 0 -0.70711 0.70711
vn 0 -0.7071 0.70711
vn 0 0.7071 0.70711
vn 0 0 1
vn 0 0.70711 0.7071
vn -0.30152 -0.30152 0.90453
vn 0 0 1
vn 0.30151 -0.30153 0.90453
vn 0.3015 0.30151 0.90454
vn 0.30151 0.30151 0.90453
vn 0 -0.70711 0.70711
vn -0.57735 -0.57735 0.57735
vn 0 0 1
vn 0 0.70711 0.7071
vn 0 0.70711 0.70711
vn 0 0 1
vn -0.30152 -0.30152 0.90453
vn 0 0 1
vn 0.30151 -0.30152 0.90453
vn 0.30152 -0.30153 0.90453
vn 0 0 1
vn 0 0.70711 0.7071
vn 0.30151 0.30151 0.90454
vn -0.30151 -0.3015 0.90454
vn -0.30151 -0.30151 0.90453
vn 0 0 1
vn 0.30151 -0.30153 0.90453
vn 0.30152 0.30151 0.90453
vn 0.7071 0 0.70712
vn 0.57735 0.57736 0.57735
vn 0 -0.7071 0.70711
vn -0.57736 -0.57735 0.57735
vn 0 0 1
vn -0.30151 -0.30151 0.90453
vn 0 0 1
vn 0.30152 -0.30152 0.90453
vn 0.30152 -0.30152 0.90453
vn 0 0 1
vn -0.70711 0 0.7071
vn -0.70711 0 0.70711
vn 0 0 1
vn 0.70711 0 0.7071
vn 0.7071 0 0.70711
vn -0.30151 -0.3015 0.90454
vn 0.30151 -0.30151 0.90453
vn 0 0 1
vn 0 0 1
vn 0 0 1
vn 0.70711 0 0.70711
vn 0 0 1
vn 0 0.70711 0.70711
vn 0.30151 0.30151 0.90453
vn -0.30151 0.30151 0.90453
vn 0.30151 -0.30151 0.90453
vn 0 0 1
vn 0.30151 -0.30152 0.90453
vn 0.30151 0.30151 0.90453
vn 0.30152 0.30151 0.90453
vn 0 -0.70711 0.70711
vn 0 -0.7071 0.70711
vn 0 0.7071 0.70711
vn 0 0 1
vn 0 0.70711 0.7071
vn 0.30152 -0.30152 0.90453
vn 0 0 1
vn 0.30152 -0.30152 0.90453
vn 0.3015 0.30151 0.90454
vn 0.30152 0.30151 0.90453
vn 0 -0.70711 0.70711
vn 0 -0.7071 0.70711
vn 0 0.70711 0.7071
vn 0 0 1
vn 0 0.70711 0.7071
vn 0.30152 -0.30152 0.90453
vn 0 0 1
vn 0 0 1
vn 0 0 1
vn 0.70711 0 0.70711
vn 0 0 1
vn 0 0.70711 0.7071
vn 0.30151 0.30151 0.90454
vn -0.30151 -0.30151 0.90453
vn 0.30152 -0.30152 0.90453
vn 0 0 1
vn 0.30152 0.30151 0.90453
vn 0.30152 -0.30152 0.90453
vn 0.30152 0.30152 0.90453
vn 0 -0.70711 0.70711
vn 0 -0.7071 0.70711
vn 0 0.7071 0.70711
vn 0 0 1
vn 0 0.70711 0.7071
vn 0.30152 -0.30152 0.90453
vn 0 0 1
vn 0 0 1
vn 0 0 1
vn 0.70711 0 0.70711
vn 0 0 1
vn 0 0.7071 0.70711
vn 0.30152 0.30152 0.90453
vn -0.30151 -0.30151 0.90453
vn 0 0 1
vn 0 -0.70711 0.70711
vn 0 -0.7071 0.70711
vn 0 0 1
vn 0.70711 0 0.70711
vn 0.30152 -0.30152 0.90453
vn 0 0 1
vn 0 0.70711 0.70711
vn 0.30151 0.30151 0.90453
vn -0.30151 -0.30151 0.90453
vn 0.30152 -0.30151 0.90453
vn 0 0 1
vn 0.3015 0.30151 0.90454
vn 0 -0.70711 0.70711
vn 0 -0.7071 0.70711
vn 0 0.70711 0.70711
vn 0 0 1
vn 0 0.70711 0.7071
vn 0.30151 -0.30151 0.90453
vn 0 0 1
vn 0.30151 0.30151 0.90453
vn 0 -0.70711 0.70711
vn 0 -0.7071 0.70711
vn 0 0.70711 0.70711
vn 0 0 1
vn 0 0.70711 0.7071
vn 0 0 1
vn 0 -0.70711 0.70711
vn 0 -0.7071 0.70711
vn 0 0 1
vn 0.70711 0 0.70711
vn 0.30152 -0.30152 0.90453
vn 0 0 1
vn 0 0.70711 0.70711
vn 0.30151 0.30151 0.90453
vn -0.30151 -0.30151 0.90453
vn 0.30152 -0.30152 0.90453
vn 0 0 1
vn 0 0 1
vn 0 0 1
vn 0.70711 0 0.70711
vn 0 0 1
vn 0 0.70711 0.70711
vn 0.30151 0.30151 0.90453
vn -0.30151 -0.30151 0.90453
vn 0.30152 -0.30152 0.90453
vn 0 0 1
vn 0.30151 0.30152 0.90453
vn 0 -0.70711 0.70711
vn 0 -0.7071 0.70711
vn 0 0.7071 0.70711
vn 0 0 1
vn 0 0.70711 0.7071
vn 0.30152 -0.30152 0.90453
vn 0 0 1
vn 0.30152 -0.30152 0.90453
vn 0.30152 0.30152 0.90453
vn 0.30152 0.30151 0.90453
vn 0 -0.70711 0.70711
vn 0 -0.7071 0.70711
vn 0 0.7071 0.70711
vn 0 0 1
vn 0 0.70711 0.7071
vn 0.30152 -0.30152 0.90453
vn 0 0 1
vn 0 0 1
vn 0 0 1
vn 0.70711 0 0.70711
vn 0 0 1
vn 0 0.7071 0.70711
vn 0.30152 0.30152 0.90453
vn -0.30151 -0.30151 0.90453
vn 0.30152 -0.30152 0.90453
vn 0 0 1
vn 0 0 1
vn 0 0 1
vn 0.70711 0 0.70711
vn 0 0 1
vn 0 0.70711 0.70711
vn 0.30151 0.30151 0.90453
vn -0.30151 -0.30151 0.90453
vn 0.30152 -0.30152 0.90453
vn 0 0 1
vn 0.30152 0.30151 0.90453
vn 0.30152 -0.30152 0.90453
vn 0.30151 0.30152 0.90453
vn 0 -0.70711 0.70711
vn 0 -0.7071 0.70711
vn 0 0.7071 0.70711
vn 0 0 1
vn 0 0.70711 0.7071
vn 0.30152 -0.30152 0.90453
vn 0 0 1
vn 0 0 1
vn 0 0 1
vn 0.70711 0 0.70711
vn 0 0 1
vn 0 0.7071 0.70711
vn 0.30152 0.30152 0.90453
vn -0.30151 -0.30151 0.90453
vn 0.30152 -0.30152 0.90453
vn 0 0 1
vn 0.30151 -0.30152 0.90453
vn 0.30152 0.30152 0.90453
vn 0.30152 0.30152 0.90453
vn 0 -0.70711 0.70711
vn 0 -0.7071 0.70711
vn 0 0.7071 0.70711
vn 0 0 1
vn 0 0.70711 0.7071
vn 0.30152 -0.30152 0.90453
vn 0.7071 0 0.70711
vn -0.30151 -0.30152 0.90453
vn 0 0.7071 0.70711
vn 0.30152 0.30152 0.90453
vn -0.30151 -0.30151 0.90453
vn 0.30152 -0.30152 0.90453
vn 0.7071 0 0.70711
vn -0.30151 -0.30152 0.90453
vn 0 0.7071 0.70711
vn 0.30151 0.30151 0.90453
vn -0.30151 -0.30151 0.90453
vn 0.30152 -0.30152 0.90453
vn 0.7071 0 0.70711
vn -0.30151 -0.30151 0.90453
vn 0 0.7071 0.70711
vn 0.30152 0.30152 0.90453
vn -0.30151 -0.30151 0.90453
vn 0.30152 -0.30152 0.90453
vn 0.7071 0 0.70711
vn -0.30151 -0.30152 0.90453
vn 0 0.7071 0.70711
vn 0.30151 0.30151 0.90453
vn -0.30151 -0.30151 0.90453
vn 0.30152 -0.30152 0.90453
vn 0 0 1
vn 0.7071 0 0.70711
vn -0.30151 -0.30152 0.90453
vn 0 0.70711 0.70711
vn 0.30151 0.30151 0.90453
vn -0.30151 -0.30151 0.90453
vn 0 0 1
vn 0 -0.70711 0.70711
vn 0 -0.7071 0.70711
vn 0.30151 -0.30151 0.90453
vn -0.30151 -0.30152 0.90453
vn 0 0.70711 0.70711
vn 0.30151 0.30151 0.90453
vn -0.30151 -0.30151 0.90453
vn 0.30152 -0.30152 0.90453
vn 0.7071 0 0.70711
vn -0.30151 -0.30151 0.90453
vn 0 0.7071 0.70711
vn 0.30152 0.30152 0.90453
vn -0.30151 -0.30151 0.90453
vn 0.30152 -0.30152 0.90453
vn 0.7071 0 0.70711
vn -0.30151 -0.30152 0.90453
vn 0 0.70711 0.7071
vn 0.30151 0.30151 0.90454
vn -0.30151 -0.30151 0.90453
vn 0.30151 -0.30151 0.90453
vn -0.30151 0.30151 0.90454
vn 0.70711 0 0.7071
vn -0.30151 -0.30151 0.90453
vn 0 0.7071 0.70711
vn 0.30151 0.30151 0.90453
vn -0.30151 0.30151 0.90453
vn -0.30151 -0.30151 0.90453
vn 0.30151 -0.30151 0.90453
vn 0.30152 -0.30153 0.90453
vn -0.30151 -0.30152 0.90453
vn 0.7071 0 0.70711
vn -0.70709 0 0.70712
vn -0.70711 0 0.70711
vn -0.70711 0 0.7071
vn -0.70711 0 0.70711
vn -0.30151 -0.3015 0.90454
vn -0.30152 -0.30152 0.90453
vn -0.30151 0.30151 0.90453
vn 0 0 1
vn 0 0.70711 0.7071
vn 0.30151 0.30151 0.90454
vn -0.30152 -0.3015 0.90454
vn 0.30152 -0.30152 0.90453
vn -0.30151 0.30151 0.90453
vn 0.70711 0 0.70711
vn -0.30151 -0.30151 0.90454
vn 0 0.7071 0.70711
vn 0.30152 0.30152 0.90453
vn -0.30151 0.30151 0.90453
vn 0.30152 -0.30152 0.90453
vn 0 0 1
vn 0.7071 0 0.70711
vn -0.30151 -0.30152 0.90453
vn 0 0.70711 0.70711
vn 0.30151 0.30151 0.90453
vn -0.30151 -0.30151 0.90453
vn 0 0 1
vn 0 -0.70711 0.70711
vn 0 -0.7071 0.70711
vn 0.30151 -0.30151 0.90453
vn -0.30151 -0.30152 0.90453
vn 0 0.70711 0.70711
vn 0.30151 0.30151 0.90453
vn -0.30151 -0.30151 0.90453
vn 0.30151 -0.30151 0.90454
vn -0.30151 0.30151 0.90453
vn 0.7071 0 0.70711
vn -0.30151 -0.30152 0.90453
vn 0 0.7071 0.70711
vn 0.30152 0.30152 0.90453
vn -0.30151 0.30151 0.90453
vn 0.30152 -0.30152 0.90453
vn 0.7071 0 0.70711
vn -0.30151 -0.30152 0.90453
vn 0 0.7071 0.70711
vn 0.30152 0.30152 0.90453
vn -0.30151 -0.30151 0.90453
vn 0.30152 -0.30152 0.90453
vn 0.30152 0.30152 0.90453
vn 0 -0.7071 0.70711
vn 0 0.7071 0.70711
vn 0 0.70711 0.7071
vn 0.30152 -0.30152 0.90453
vn 0.30151 0.30151 0.90453
vn 0 -0.7071 0.70711
vn 0 0.7071 0.70711
vn 0 0.70711 0.7071
vn 0.30152 -0.30152 0.90453
vn 0.30152 0.30152 0.90453
vn 0 -0.7071 0.70711
vn 0 0.7071 0.70711
vn 0 0.70711 0.7071
vn 0.30152 -0.30152 0.90453
vn 0.30151 0.30151 0.90453
vn 0 -0.7071 0.70711
vn 0 0.7071 0.70711
vn 0 0.70711 0.7071
vn 0.30151 -0.30151 0.90453
vn 0.30152 0.30151 0.90453
vn 0.30151 -0.30152 0.90453
vn 0.30151 0.30151 0.90453
vn 0 -0.7071 0.70711
vn 0 0.70711 0.70711
vn 0 0.70711 0.7071
vn 0.30152 -0.30151 0.90453
vn 0.30152 0.30151 0.90453
vn 0.30151 -0.30152 0.90453
vn 0.3015 0.30151 0.90454
vn 0 -0.7071 0.70711
vn 0 0.70711 0.70711
vn 0 0.70711 0.7071
vn 0.30152 -0.30152 0.90453
vn 0.30152 0.30151 0.90453
vn 0.30152 -0.30152 0.90453
vn 0.30152 0.30152 0.90453
vn 0 -0.7071 0.70711
vn 0 0.7071 0.70711
vn 0 0.70711 0.7071
vn 0.30152 -0.30152 0.90453
vn 0.30152 -0.30152 0.90453
vn 0.3015 0.30151 0.90454
vn 0.30152 0.30151 0.90453
vn 0 -0.7071 0.70711
vn 0 0.70711 0.7071
vn 0 0.70711 0.7071
vn 0.30151 -0.30151 0.90453
vn 0 0 1
vn 0.30151 -0.30151 0.90453
vn 0.30151 0.30151 0.90453
vn 0.30152 0.30151 0.90453
vn 0 -0.70711 0.70711
vn 0 -0.7071 0.70711
vn 0 0.7071 0.70711
vn 0 0.70711 0.7071
vn -0.30151 -0.30151 0.90453
vn 0.30151 -0.30153 0.90453
vn 0.30152 0.30151 0.90453
vn 0.7071 0 0.70712
vn 0.57735 0.57735 0.57735
vn -0.57736 -0.57735 0.57735
vn -0.30152 -0.30152 0.90453
vn 0.30151 -0.30153 0.90453
vn 0.3015 0.30151 0.90454
vn 0.30151 0.30151 0.90453
vn -0.57735 -0.57735 0.57735
vn 0 0.70711 0.7071
vn 0 0.70711 0.70711
vn 0.30152 -0.30152 0.90453
vn 0 0 1
vn 0.30152 -0.30152 0.90453
vn 0.30152 0.30152 0.90453
vn 0.30152 0.30151 0.90453
vn 0 -0.70711 0.70711
vn 0 -0.7071 0.70711
vn 0 0.7071 0.70711
vn 0 0 1
vn 0 0.70711 0.7071
vn 0.30152 -0.30151 0.90453
vn 0.30151 -0.30152 0.90453
vn 0.30151 0.30151 0.90453
vn 0.30152 0.30151 0.90453
vn 0 -0.7071 0.70711
vn 0 0.70711 0.70711
vn 0 0.70711 0.7071
vn 0.30152 -0.30152 0.90453
vn 0.30151 -0.30152 0.90453
vn 0.30151 0.30151 0.90454
vn 0.30152 0.30151 0.90453
vn 0 -0.7071 0.70711
vn 0 0.70711 0.70711
vn 0 0.70711 0.7071
vn 0.3015 -0.30151 0.90454
vn 0 0 1
vn 0.30151 -0.30151 0.90453
vn 0.30152 0.30152 0.90453
vn 0.30153 0.30152 0.90453
vn 0 -0.70711 0.70711
vn 0 -0.70711 0.7071
vn 0 0.7071 0.70711
vn 0 0.70711 0.7071
vn 0.30152 -0.30152 0.90453
vn 0.30151 -0.30152 0.90453
vn 0.30152 0.30152 0.90453
vn 0.30152 0.30152 0.90453
vn 0 -0.7071 0.70711
vn 0 0.7071 0.70711
vn 0 0.70711 0.7071
vn 0.3015 -0.30151 0.90454
vn 0.30151 -0.30151 0.90453
vn 0.30152 0.30152 0.90453
vn 0.30153 0.30152 0.90453
vn 0 -0.70711 0.70711
vn 0 -0.70711 0.70711
vn 0 0.7071 0.70711
vn 0 0.70711 0.7071
vn 0.30151 -0.30151 0.90454
vn -0.30151 0.30151 0.90453
vn 0.7071 0 0.70711
vn -0.30151 -0.30151 0.90453
vn 0 0.7071 0.70711
vn 0.30152 0.30152 0.90453
vn -0.30151 0.30151 0.90453
vn 0.3015 -0.30151 0.90454
vn 0.30151 -0.30151 0.90453
vn 0.30152 0.30152 0.90453
vn 0.30151 0.30152 0.90453
vn 0 -0.70711 0.70711
vn 0 -0.70711 0.70711
vn 0 0.7071 0.70711
vn 0 0.70711 0.7071
vn 0.30151 -0.30151 0.90454
vn 0.7071 0 0.70711
vn 0 0.7071 0.70711
vn 0.30152 0.30152 0.90453
vn -0.30151 0.30151 0.90453
vn 0.30152 -0.30152 0.90453
vn 0.30151 -0.30152 0.90453
vn 0.3015 0.30151 0.90454
vn 0.30152 0.30151 0.90453
vn 0 -0.7071 0.70711
vn 0 0.70711 0.7071
vn 0 0.70711 0.70711
vn 0.30152 -0.30152 0.90453
vn -0.30151 0.30151 0.90453
vn 0.7071 0 0.70711
vn -0.30151 -0.30152 0.90453
vn 0 0.70711 0.7071
vn 0.30151 0.30151 0.90453
vn -0.30151 -0.30151 0.90453
vn 0 -0.70711 0.70711
vn 0 -0.7071 0.70711
vn 0.7071 0 0.70711
vn 0.30152 -0.30152 0.90453
vn 0.30151 0.30151 0.90453
vn -0.30151 -0.30151 0.90453
vn -0.30151 0.30151 0.90453
vn 0.30152 -0.30152 0.90453
vn 0.3015 0.30151 0.90454
vn 0 -0.70711 0.70711
vn 0 -0.7071 0.70711
vn 0 0.70711 0.7071
vn 0 0.70711 0.7071
vn 0.30151 -0.30151 0.90453
vn 0.30151 0.30151 0.90453
vn 0.3015 0.30151 0.90454
vn 0 0.7071 0.70712
vn 0 -0.7071 0.70711
vn 0 0.70711 0.7071
vn 0 0.70711 0.70711
vn 0 0.70711 0.7071
vn -0.7071 0 0.70711
vn 0.30151 -0.30151 0.90453
vn 0.30151 0.30151 0.90453
vn -0.70711 0 0.7071
vn 0.7071 0 0.70711
vn -0.30151 0.30151 0.90453
vn -0.30151 -0.30152 0.90453
vn 0 0.70711 0.7071
vn 0.30151 0.30151 0.90454
vn -0.30151 -0.30151 0.90454
vn -0.30151 0.30151 0.90453
vn 0.30151 0.30151 0.90453
vn 0.30151 -0.30151 0.90453
vn 0 -0.7071 0.70711
vn 0.70711 0 0.70711
vn 0 0.70711 0.7071
vn 0.30151 0.30151 0.90454
vn -0.30151 -0.30151 0.90453
vn 0.30151 -0.30151 0.90453
vn 0.30151 0.30151 0.90453
vn 0.3015 0.30151 0.90454
vn 0 0.7071 0.70712
vn 0 -0.7071 0.70711
vn 0 0.70711 0.7071
vn 0 0.70711 0.70711
vn 0 0.70711 0.7071
vn 0.30152 -0.30152 0.90453
vn 0.3015 0.30151 0.90454
vn 0 -0.7071 0.70711
vn 0 0.70711 0.7071
vn 0 0.70711 0.7071
vn 0.30152 -0.30152 0.90453
vn 0.7071 0 0.70711
vn -0.30151 -0.30152 0.90453
vn 0 0.70711 0.7071
vn 0.30151 0.30151 0.90454
vn -0.30151 -0.30151 0.90453
vn 0.30152 -0.30152 0.90453
vn 0.30152 -0.30152 0.90453
vn 0.3015 0.30151 0.90454
vn 0.30152 0.30151 0.90453
vn 0 -0.70711 0.70711
vn 0 -0.7071 0.70711
vn 0 0.70711 0.7071
vn 0 0.70711 0.7071
vn 0.30152 -0.30152 0.90453
vn 0.70711 0 0.70711
vn 0 0.70711 0.7071
vn 0.30151 0.30151 0.90454
vn -0.30151 -0.30151 0.90453
vn 0.30152 -0.30152 0.90453
vn 0.30151 -0.30152 0.90453
vn 0.30152 0.30152 0.90453
vn 0.30152 0.30152 0.90453
vn 0 -0.7071 0.70711
vn 0 0.7071 0.70711
vn 0 0.70711 0.7071
vn 0.30152 -0.30152 0.90453
vn 0.7071 0 0.70711
vn -0.30151 -0.30152 0.90453
vn 0 0.7071 0.70711
vn 0.30152 0.30152 0.90453
vn -0.30151 -0.30151 0.90453
vn 0.30152 -0.30152 0.90453
vn 0.70711 0 0.70711
vn 0 0.7071 0.70711
vn 0.30152 0.30152 0.90453
vn -0.30151 -0.30151 0.90453
vn 0.30152 -0.30152 0.90453
vn 0.30152 0.30152 0.90453
vn 0 -0.70711 0.70711
vn 0 -0.7071 0.70711
vn 0 0.7071 0.70711
vn 0 0.70711 0.7071
vn 0.30152 -0.30152 0.90453
vn 0.30152 0.30152 0.90453
vn 0 -0.7071 0.70711
vn 0 0.7071 0.70711
vn 0 0.70711 0.7071
vn 0.30152 -0.30152 0.90453
vn 0.7071 0 0.70711
vn -0.30151 -0.30152 0.90453
vn 0 0.7071 0.70711
vn 0.30152 0.30152 0.90453
vn -0.30151 -0.30151 0.90453
vn 0.30152 -0.30152 0.90453
vn 0.30152 0.30152 0.90453
vn 0 -0.70711 0.70711
vn 0 -0.7071 0.70711
vn 0 0.7071 0.70711
vn 0 0.70711 0.7071
vn 0.30152 -0.30152 0.90453
vn 0.70711 0 0.7071
vn 0.70711 0 0.70711
vn 0 0.7071 0.70711
vn 0.30152 0.30152 0.90453
vn -0.30151 -0.30151 0.90453
vn 0.30152 -0.30152 0.90453
vn 0.30152 -0.30152 0.90453
vn 0.30152 0.30152 0.90453
vn 0.30152 0.30152 0.90453
vn 0 -0.70711 0.70711
vn 0 -0.7071 0.70711
vn 0 0.7071 0.70711
vn 0 0.70711 0.7071
vn 0.30152 -0.30152 0.90453
vn -0.30151 0.30151 0.90453
vn 0.7071 0 0.70711
vn -0.30151 -0.30151 0.90454
vn 0 0.7071 0.70711
vn 0.30152 0.30152 0.90453
vn -0.30151 0.30151 0.90453
vn 0.30152 -0.30152 0.90453
vn 0.30152 -0.30152 0.90453
vn 0.30152 0.30152 0.90453
vn 0.30152 0.30152 0.90453
vn 0 -0.70711 0.70711
vn 0 -0.7071 0.70711
vn 0 0.7071 0.70711
vn 0 0.70711 0.7071
vn 0.30152 -0.30152 0.90453
vn 0.70711 0 0.7071
vn 0 0.7071 0.70711
vn 0.30152 0.30152 0.90453
vn -0.30151 0.30151 0.90453
vn 0.30151 -0.30151 0.90453
vn 0.30151 -0.30152 0.90453
vn 0.30152 0.30152 0.90453
vn 0.30152 0.30152 0.90453
vn 0 -0.7071 0.70711
vn 0 0.7071 0.70711
vn 0 0.70711 0.7071
vn 0.30152 -0.30152 0.90453
vn 0.7071 0 0.70711
vn -0.30151 -0.30152 0.90453
vn 0 0.7071 0.70711
vn 0.30152 0.30152 0.90453
vn -0.30151 -0.30151 0.90453
vn 0 -0.70711 0.70711
vn 0 -0.7071 0.70711
vn 0.70711 0 0.7071
vn 0.30152 -0.30152 0.90453
vn 0 0.7071 0.70711
vn 0.30152 0.30152 0.90453
vn -0.30151 -0.30151 0.90453
vn 0.30151 -0.30151 0.90453
vn 0.30151 -0.30152 0.90453
vn 0.30152 0.30152 0.90453
vn 0.30152 0.30152 0.90453
vn 0 -0.70711 0.70711
vn 0 -0.7071 0.70711
vn 0 0.7071 0.70711
vn 0 0.70711 0.7071
vn 0.30151 -0.30151 0.90453
vn 0.30151 -0.30151 0.90453
vn 0.30151 0.30151 0.90453
vn 0.30152 0.30151 0.90453
vn 0 -0.7071 0.70711
vn 0 0.70711 0.70711
vn 0 0.70711 0.7071
vn 0.30152 -0.30152 0.90453
vn 0.7071 0 0.70711
vn -0.30151 -0.30152 0.90453
vn 0 0.70711 0.70711
vn 0.30151 0.30151 0.90453
vn -0.30151 -0.30151 0.90453
vn 0.30152 -0.30152 0.90453
vn 0.70711 0 0.70711
vn 0 0.70711 0.70711
vn 0.30151 0.30151 0.90453
vn -0.30151 -0.30151 0.90453
vn 0.30151 -0.30151 0.90453
vn 0.30151 -0.30152 0.90453
vn 0.30151 0.30151 0.90453
vn 0.30152 0.30151 0.90453
vn 0 -0.70711 0.70711
vn 0 -0.7071 0.70711
vn 0 0.70711 0.70711
vn 0 0.70711 0.7071
vn 0.30152 -0.30152 0.90453
vn 0.30151 -0.30151 0.90453
vn 0.30151 0.30151 0.90453
vn 0.30152 0.30151 0.90453
vn 0 -0.7071 0.70711
vn 0 0.70711 0.70711
vn 0 0.70711 0.7071
vn 0.30152 -0.30152 0.90453
vn 0.7071 0 0.70711
vn -0.30151 -0.30152 0.90453
vn 0 0.70711 0.70711
vn 0.30151 0.30151 0.90453
vn -0.30151 -0.30151 0.90453
vn 0.30152 -0.30151 0.90453
vn 0.30151 -0.30151 0.90453
vn 0.30151 0.30151 0.90453
vn 0.30152 0.30151 0.90453
vn 0 -0.70711 0.70711
vn 0 -0.7071 0.70711
vn 0 0.70711 0.70711
vn 0 0.70711 0.7071
vn 0.30152 -0.30152 0.90453
vn 0.70711 0 0.70711
vn 0 0.70711 0.70711
vn 0.30151 0.30151 0.90453
vn -0.30151 -0.30151 0.90453
vn 0.30152 -0.30151 0.90453
vn 0.30152 0.30151 0.90453
vn 0.30151 -0.30151 0.90453
vn 0.30151 0.30151 0.90453
vn 0 -0.7071 0.70711
vn 0 0.70711 0.70711
vn 0 0.70711 0.7071
vn 0.30152 -0.30152 0.90453
vn 0.7071 0 0.70711
vn -0.30151 -0.30152 0.90453
vn 0 0.70711 0.70711
vn 0.30151 0.30151 0.90453
vn -0.30151 -0.30151 0.90453
vn 0.30151 -0.30151 0.90453
vn 0.30152 0.30151 0.90453
vn 0.30151 -0.30151 0.90453
vn 0.30151 0.30151 0.90453
vn 0 -0.70711 0.70711
vn 0 -0.7071 0.70711
vn 0 0.70711 0.70711
vn 0 0.70711 0.7071
vn 0.30152 -0.30152 0.90453
vn 0.70711 0 0.70711
vn 0 0.70711 0.70711
vn 0.30151 0.30151 0.90453
vn -0.30151 -0.30151 0.90453
vn 0.30152 -0.30152 0.90453
vn 0.30151 0.30151 0.90453
vn 0 -0.7071 0.70711
vn 0 0.70711 0.70711
vn 0 0.70711 0.7071
vn 0.30152 -0.30152 0.90453
vn 0.7071 0 0.70711
vn -0.30151 -0.30152 0.90453
vn 0 0.70711 0.70711
vn 0.30151 0.30151 0.90453
vn -0.30151 -0.30151 0.90453
vn 0.30152 -0.30152 0.90453
vn 0.70711 0 0.70711
vn 0 0.70711 0.70711
vn 0.30151 0.30151 0.90453
vn -0.30151 -0.30151 0.90453
vn 0.30152 -0.30152 0.90453
vn 0.30151 0.30151 0.90453
vn 0 -0.70711 0.70711
vn 0 -0.7071 0.70711
vn 0 0.70711 0.70711
vn 0 0.70711 0.7071
vn 0.30152 -0.30151 0.90453
vn 0.30151 0.30151 0.90453
vn 0 -0.7071 0.70711
vn 0 0.70711 0.70711
vn 0 0.70711 0.7071
vn 0.30152 -0.30152 0.90453
vn 0.7071 0 0.70711
vn -0.30151 -0.30152 0.90453
vn 0 0.70711 0.70711
vn 0.30151 0.30151 0.90453
vn -0.30151 -0.30151 0.90453
vn 0.30152 -0.30151 0.90453
vn 0.30152 0.30151 0.90453
vn 0.30151 -0.30151 0.90453
vn 0.30151 0.30151 0.90453
vn 0 -0.70711 0.70711
vn 0 -0.7071 0.70711
vn 0 0.70711 0.70711
vn 0 0.70711 0.7071
vn 0.30152 -0.30152 0.90453
vn 0.70711 0 0.70711
vn 0 0.70711 0.70711
vn 0.30151 0.30151 0.90453
vn -0.30151 -0.30151 0.90453
vn 0.30151 -0.30151 0.90453
vn 0.30151 -0.30151 0.90453
vn 0.30151 0.30151 0.90453
vn 0.30152 0.30151 0.90453
vn 0 -0.7071 0.70711
vn 0 0.70711 0.70711
vn 0 0.70711 0.7071
vn 0.30152 -0.30152 0.90453
vn 0.7071 0 0.70711
vn -0.30151 -0.30152 0.90453
vn 0 0.70711 0.70711
vn 0.30151 0.30151 0.90453
vn -0.30151 -0.30151 0.90453
vn 0.30152 -0.30152 0.90453
vn 0.70711 0 0.70711
vn 0 0.70711 0.70711
vn 0.30151 0.30151 0.90453
vn -0.30151 -0.30151 0.90453
vn 0.30151 -0.30151 0.90453
vn 0.30151 -0.30152 0.90453
vn 0.30151 0.30151 0.90453
vn 0.30152 0.30151 0.90453
vn 0 -0.70711 0.70711
vn 0 -0.7071 0.70711
vn 0 0.70711 0.70711
vn 0 0.70711 0.7071
vn 0.30152 -0.30152 0.90453
vn 0.30152 0.30151 0.90453
vn 0.30151 -0.30152 0.90453
vn 0.3015 0.30151 0.90454
vn 0 -0.7071 0.70711
vn 0 0.70711 0.70711
vn 0 0.70711 0.7071
vn 0 -0.70711 0.70711
vn 0 -0.7071 0.70711
vn 0.30151 -0.30151 0.90453
vn -0.30151 -0.30152 0.90453
vn 0 0.70711 0.70711
vn 0.30151 0.30151 0.90453
vn -0.30151 -0.30151 0.90453
vn 0 -0.70711 0.70711
vn 0 -0.7071 0.70711
vn 0.70711 0 0.70711
vn 0.30152 -0.30152 0.90453
vn 0 0.70711 0.70711
vn 0.30151 0.30151 0.90453
vn -0.30151 -0.30151 0.90453
vn 0.30152 -0.30152 0.90453
vn 0.30152 0.30151 0.90453
vn 0.30151 -0.30152 0.90453
vn 0.30151 0.30151 0.90454
vn 0 -0.70711 0.70711
vn 0 -0.7071 0.70711
vn 0 0.70711 0.70711
vn 0 0.70711 0.7071
vn 0.30151 -0.30151 0.90453
vn 0.30152 0.30151 0.90453
vn 0.30151 -0.30151 0.90453
vn 0.30151 0.30151 0.90453
vn 0 -0.7071 0.70711
vn 0 0.70711 0.70711
vn 0 0.70711 0.7071
vn 0.30152 -0.30152 0.90453
vn 0.7071 0 0.70711
vn -0.30151 -0.30152 0.90453
vn 0 0.70711 0.70711
vn 0.30151 0.30151 0.90453
vn -0.30151 -0.30151 0.90453
vn 0.30151 -0.30151 0.90453
vn 0.30152 0.30151 0.90453
vn 0.30151 -0.30152 0.90453
vn 0.30151 0.30151 0.90453
vn 0 -0.70711 0.70711
vn 0 -0.7071 0.70711
vn 0 0.70711 0.70711
vn 0 0.70711 0.7071
vn 0.30152 -0.30152 0.90453
vn 0.70711 0 0.70711
vn 0 0.70711 0.70711
vn 0.30151 0.30151 0.90453
vn -0.30151 -0.30151 0.90453
vn 0.57735 -0.57735 0.57735
vn 0.90453 0.30151 0.30151
vn 0.90453 -0.30152 0.30151
vn 0.57736 -0.57734 0.57735
vn 0.90453 0.30151 0.30152
vn 0.90453 -0.30152 0.30151
vn 0.57736 -0.57734 0.57735
vn 0.90453 0.30151 0.30152
vn 0.90454 -0.30151 0.30151
vn 0.57736 -0.57734 0.57735
vn 0.90453 0.30151 0.30152
vn 0.90453 -0.30151 0.30151
vn 0.57735 -0.57735 0.57735
vn 0.90453 0.30151 0.30152
vn 0.90453 -0.30151 0.30151
vn 0.30151 -0.30151 0.90453
vn -0.57734 -0.57736 0.57735
vn 0.57736 -0.57736 0.57733
vn -0.57734 -0.57736 0.57735
vn 0.30151 -0.90453 0.30152
vn -0.30152 -0.90453 0.30152
vn 0.30151 -0.30151 0.90454
vn -0.57735 -0.57736 0.57735
vn 0.57737 -0.57735 0.57732
vn -0.57735 -0.57736 0.57735
vn 0.30152 -0.90453 0.30152
vn -0.30152 -0.90453 0.30152
vn 0.57736 -0.57734 0.57735
vn 0.90453 0.30151 0.30151
vn 0.90453 -0.30152 0.30151
vn 0.57736 -0.57734 0.57735
vn 0.90453 0.30151 0.30152
vn 0.90453 -0.30151 0.30151
vn 0.57736 -0.57734 0.57735
vn 0.90453 0.30151 0.30151
vn 0.90453 -0.30151 0.30151
vn 0.57736 -0.57734 0.57735
vn 0.90453 0.30151 0.30151
vn 0.90453 -0.30151 0.30151
vn 0.57736 -0.57734 0.57735
vn 0.90453 0.30151 0.30151
vn 0.90453 -0.30151 0.30151
vn 0.57735 -0.57735 0.57735
vn 0.90454 0.30151 0.30151
vn 0.90453 -0.30152 0.30151
vn -0.57735 -0.57736 0.57735
vn 0.30151 -0.90453 0.30151
vn -0.30152 -0.90453 0.30152
vn -0.57734 -0.57736 0.57735
vn 0.30151 -0.90453 0.30151
vn -0.30152 -0.90453 0.30152
vn 0.90453 0.30151 0.30151
vn 0.57736 -0.57734 0.57735
vn 0.90453 0.30151 0.30152
vn 0.90453 -0.30152 0.30151
vn 0.57736 -0.57734 0.57735
vn 0.90453 0.30151 0.30152
vn 0.90453 -0.30151 0.30151
vn 0.57736 -0.57734 0.57735
vn 0.90453 0.30151 0.30151
vn 0.90453 -0.30151 0.30151
vn 0.57736 -0.57734 0.57735
vn 0.90453 0.30151 0.30152
vn 0.90453 -0.30151 0.30151
vn 0.57736 -0.57734 0.57735
vn 0.90453 0.30151 0.30151
vn 0.90453 -0.30151 0.30151
vn 0.30151 -0.30151 0.90454
vn -0.57735 -0.57736 0.57735
vn 0.57737 -0.57735 0.57732
vn 0.30151 -0.30151 0.90453
vn -0.57734 -0.57736 0.57735
vn 0.57736 -0.57736 0.57733
vn 0.57735 -0.57735 0.57735
vn 0.90453 0.30151 0.30152
vn 0.90453 -0.30151 0.30151
vn 0.57736 -0.57734 0.57735
vn 0.90453 0.30151 0.30152
vn 0.90453 -0.30151 0.30151
vn 0.57736 -0.57734 0.57735
vn 0.90453 0.30151 0.30152
vn 0.90454 -0.30151 0.30151
vn 0.57736 -0.57734 0.57735
vn 0.90453 0.30151 0.30152
vn 0.90453 -0.30152 0.30151
vn 0.57735 -0.57735 0.57735
vn 0.90453 0.30151 0.30151
vn 0.90453 -0.30152 0.30151
vn 0.57736 -0.57734 0.57735
vn 0.90453 0.30151 0.30151
vn 0.90453 -0.30152 0.30151
vn 0.57735 0.57735 0.57735
vn 0.90453 -0.30152 0.30152
vn 0.57736 -0.57734 0.57734
vn 0.57736 -0.57734 0.57735
vn 0.90453 0.30152 0.30152
vn 0.90453 -0.30151 0.30151
vn 0.57736 -0.57734 0.57735
vn 0.90453 0.30151 0.30152
vn 0.90453 -0.30152 0.30151
vn 0.57735 -0.57735 0.57735
vn 0.90453 0.30151 0.30151
vn 0.90453 -0.30152 0.30151
vn 0.57735 -0.57735 0.57735
vn 0.90453 0.30151 0.30152
vn 0.90453 -0.30151 0.30151
vn 0.57735 -0.57735 0.57735
vn 0.90453 0.30151 0.30151
vn 0.90453 -0.30152 0.30151
vn 0.57735 -0.57735 0.57735
vn 0.90453 0.30151 0.30151
vn 0.90453 -0.30152 0.30151
vn 0.57735 -0.57735 0.57735
vn 0.90453 0.30151 0.30151
vn 0.90453 -0.30152 0.30151
vn 0.57736 -0.57734 0.57735
vn 0.90453 0.30151 0.30151
vn 0.90453 -0.30152 0.30151
vn 0.57736 -0.57734 0.57735
vn 0.90453 0.30151 0.30151
vn 0.90453 -0.30152 0.30151
vn 0.57736 -0.57734 0.57735
vn 0.90453 0.30151 0.30151
vn 0.90453 -0.30152 0.30151
vn 0.57736 -0.57734 0.57735
vn 0.90453 0.30151 0.30151
vn 0.90453 -0.30152 0.30151
vn 0.57736 -0.57734 0.57735
vn 0.90453 0.30151 0.30152
vn 0.90453 -0.30152 0.30151
vn 0.57736 -0.57734 0.57735
vn 0.90453 0.30151 0.30152
vn 0.90453 -0.30152 0.30151
vn 0.57736 -0.57734 0.57735
vn 0.90453 0.30151 0.30151
vn 0.90453 -0.30152 0.30151
vn 0.57736 -0.57734 0.57735
vn 0.90453 0.30151 0.30152
vn 0.90453 -0.30152 0.30151
vn 0.57736 -0.57734 0.57735
vn 0.90453 0.30151 0.30152
vn 0.90453 -0.30152 0.30151
vn 0.57736 -0.57734 0.57735
vn 0.90453 0.30151 0.30152
vn 0.90454 -0.30151 0.30151
vn 0.57736 -0.57734 0.57735
vn 0.90453 0.30151 0.30152
vn 0.90454 -0.30151 0.30151
vn 0.57736 -0.57734 0.57735
vn 0.90453 0.30151 0.30151
vn 0.90453 -0.30152 0.30151
vn 0.57736 -0.57734 0.57735
vn 0.90453 0.30151 0.30152
vn 0.90453 -0.30152 0.30151
vn 0.57735 0.57735 0.57735
vn 0.57735 0.57735 0.57735
vn 0.57735 -0.57735 0.57735
vn 0.57735 -0.57735 0.57735
vn 0.57735 -0.57735 0.57735
vn 0.57735 0.57735 0.57735
vn 0.57735 0.57735 0.57735
vn 0.57735 -0.57735 0.57735
vn 0.57735 0.57736 0.57735
vn 0.57735 0.57736 0.57735
vn 0.57735 0.57736 0.57735
vn 0.57735 0.57736 0.57735
vn 0.57735 -0.57735 0.57735
vn 0.57735 0.57736 0.57735
vn 0.57735 0.57736 0.57735
vn 0.57735 -0.57735 0.57735
vn 0.57735 0.57735 0.57735
vn 0.57735 0.57735 0.57735
vn 0.57735 0.57736 0.57735
vn 0.57735 0.57736 0.57735
vn 0.57735 -0.57735 0.57735
vn 0.57735 0.57735 0.57735
vn 0.57735 0.57735 0.57735
vn 0.57735 -0.57735 0.57735
vn 0.57735 -0.57735 0.57735
vn 0.57735 0.57736 0.57735
vn 0.57735 0.57736 0.57735
vn 0.57735 0.57735 0.57735
vn 0.57735 0.57735 0.57735
vn 0.57735 -0.57735 0.57735
vn 0.57735 -0.57735 0.57735
vn 0.57735 0.57735 0.57735
vn 0.57735 0.57735 0.57735
vn 0.57735 -0.57735 0.57735
vn 0.57735 0.57735 0.57735
vn 0.57735 0.57735 0.57735
vn 0.57735 -0.57735 0.57735
vn 0.57735 0.57736 0.57735
vn 0.57735 0.57736 0.57735
vn 0.57735 -0.57735 0.57735
vn 0.57735 0.57736 0.57735
vn 0.57735 0.57736 0.57735
vn 0.57735 0.57735 0.57735
vn 0.57735 0.57735 0.57735
vn 0.57735 -0.57735 0.57735
vn 0.57735 0.57735 0.57735
vn 0.57735 0.57735 0.57735
vn 0.57735 -0.57735 0.57735
vn 0.57735 0.57735 0.57735
vn 0.57735 0.57735 0.57735
vn 0.57735 -0.57735 0.57735
vn 0.57735 -0.57735 0.57735
vn 0.57735 -0.57735 0.57735
vn 0.57735 0.57736 0.57735
vn 0.57735 0.57736 0.57735
vn 0.57735 0.57736 0.57735
vn 0.57735 0.57736 0.57735
vn 0.57735 0.57736 0.57735
vn 0.57735 0.57736 0.57735
vn 0.57735 0.57735 0.57735
vn 0.90453 0.30152 0.30152
vn 0.57735 -0.57735 0.57735
vn 0.57735 -0.57735 0.57735
vn 0.57735 0.57736 0.57735
vn 0.57735 0.57736 0.57735
vn 0.57735 0.57735 0.57735
vn 0.57735 0.57735 0.57735
vn 0.57735 0.57735 0.57735
vn 0.57735 0.57735 0.57735
vn 0.90453 0.30151 0.30151
vn 0.57735 -0.57735 0.57735
vn 0.57735 0.57736 0.57735
vn 0.57735 0.57736 0.57735
vn 0.57735 -0.57735 0.57735
vn 0.57735 0.57735 0.57735
vn 0.57735 0.57735 0.57735
vn 0.57735 -0.57735 0.57735
vn 0.57735 0.57735 0.57735
vn 0.57735 0.57735 0.57735
vn 0.57735 -0.57735 0.57735
vn 0.57735 0.57735 0.57735
vn 0.57735 0.57735 0.57735
vn 0.57735 -0.57735 0.57735
vn 0.57735 -0.57735 0.57735
vn 0.57735 0.57736 0.57735
vn 0.57735 0.57736 0.57735
vn 0.57735 0.57736 0.57735
vn 0.57735 0.57736 0.57735
vn 0.57735 -0.57735 0.57735
vn 0.57735 0.57735 0.57735
vn 0.57735 0.57735 0.57735
vn 0.57735 -0.57735 0.57735
vn 0.57735 0.57735 0.57735
vn 0.57735 0.57736 0.57735
vn 0.90453 0.30151 0.30151
vn 0.57735 0.57735 0.57735
vn 0.57735 0.57735 0.57735
vn 0.57735 -0.57735 0.57735
vn 0.57735 0.57735 0.57735
vn 0.57735 0.57735 0.57735
vn 0.57735 -0.57735 0.57735
vn -0.57735 -0.57735 0.57735
vn 0.57735 0.57736 0.57735
vn 0.57735 0.57736 0.57735
vn 0.57735 -0.57735 0.57735
vn 0.57735 -0.57735 0.57735
vn 0.57735 0.57735 0.57735
vn 0.57735 0.57735 0.57735
vn 0.57735 -0.57735 0.57735
vn 0.57735 -0.57735 0.57735
vn 0.57735 0.57735 0.57735
vn 0.57735 0.57735 0.57735
vn 0.57735 0.57735 0.57735
vn 0.90453 0.30152 0.30152
vn 0.57735 0.57736 0.57735
vn 0.57735 0.57736 0.57735
vn 0.57735 -0.57735 0.57735
vn 0.57735 0.57735 0.57735
vn 0.57735 0.57735 0.57735
vn -0.57736 -0.57735 0.57735
vn 0.57735 -0.57735 0.57735
vn 0.57735 -0.57735 0.57735
vn 0.57735 0.57736 0.57735
vn 0.57735 0.57736 0.57735
vn 0.57735 -0.57735 0.57735
vn 0.30153 0.30152 0.90453
vn 0.90453 0.30151 0.30151
vn 0.57735 -0.57735 0.57735
vn -0.57736 -0.57735 0.57735
vn 0.57735 0.57736 0.57735
vn 0.57735 0.57736 0.57735
vn 0.57735 -0.57735 0.57735
vn 0.57735 -0.57735 0.57735
vn 0.57735 -0.57735 0.57735
vn 0.57735 0.57735 0.57735
vn 0.57735 0.57735 0.57735
vn 0.30152 -0.30153 0.90453
vn -0.57735 -0.57735 0.57735
vn 0.57735 0.57736 0.57735
vn 0.57735 0.57736 0.57735
vn 0.57735 -0.57735 0.57735
vn 0.57735 -0.57735 0.57735
vn 0.57735 0.57735 0.57735
vn 0.57735 0.57735 0.57735
vn 0.57735 -0.57735 0.57735
vn 0.57735 -0.57735 0.57735
vn 0.57735 0.57736 0.57735
vn 0.57735 0.57736 0.57735
vn 0.57735 0.57736 0.57735
vn 0.57735 0.57736 0.57735
vn 0.57735 0.57735 0.57735
vn -0.30151 0.30152 0.90453
vn -0.57735 0.57735 -0.57735
vn 0.70711 0 -0.70711
vn -0.30152 -0.90453 0.30152
vn 0 -0.70711 -0.7071
vn -0.70711 0 0.70711
vn 0 0.70711 -0.70711
vn 0 -0.70711 -0.70711
vn -0.30151 -0.30151 -0.90453
vn 0.57735 0.57736 -0.57735
vn 0.70711 0 0.70711
vn -0.30151 -0.30151 0.90454
vn 0 -0.70711 0.7071
vn 0.7071 0 0.70711
vn -0.30151 -0.30151 0.90453
vn 0 -0.70711 0.7071
vn 0 -0.70711 -0.70711
vn 0.7071 0 0.70711
vn -0.30151 -0.30151 0.90453
vn 0 -0.70711 0.70711
vn 0.70711 0 0.70711
vn -0.30151 -0.30151 0.90453
vn 0 -0.70711 0.70711
vn 0 -0.7071 -0.70711
vn -0.30151 -0.30151 -0.90454
vn 0 -0.7071 -0.70711
vn -0.30151 -0.30151 -0.90453
vn 0 0.7071 -0.70711
vn 0 -0.7071 -0.70711
vn 0 0.70711 -0.7071
vn 0.7071 0 0.70711
vn -0.30151 -0.3015 -0.90454
vn 0 -0.7071 0.70711
vn -0.30151 0.30151 -0.90454
vn 0.70709 0 -0.70712
vn 0.7071 0 0.70711
vn -0.70711 0 -0.7071
vn 0.30152 0.30151 -0.90453
vn 0 0.70709 0.70712
vn 0.7071 0 -0.70712
vn -0.70711 0 -0.7071
vn 0.30152 0.30151 -0.90453
vn -0.30151 0.30151 0.90454
vn 0.70711 0 -0.70711
vn -0.30152 -0.90453 0.30152
vn 0 -0.70711 -0.7071
vn -0.70712 0 -0.7071
vn 0 0.70711 -0.7071
vn 0 -0.7071 0.70711
vn 0 -0.7071 -0.70711
vn -0.30151 -0.30151 -0.90453
vn 0 0.70711 -0.70711
vn 0 -0.7071 0.70711
vn 0 -0.7071 -0.70711
vn -0.30151 0.30152 -0.90453
vn 0 0.70711 -0.70711
vn 0.7071 0 0.70711
vn -0.30151 0.30151 -0.90454
vn 0.7071 0 0.70711
vn 0.30151 -0.30152 -0.90453
vn 0 -0.7071 0.70711
vn -0.30151 0.30151 -0.90453
vn 0.7071 0 0.70711
vn 0.30152 -0.30152 -0.90453
vn 0 -0.7071 0.70711
vn -0.30151 0.30151 -0.90453
vn 0.7071 0 0.70711
vn 0 -0.7071 0.70711
vn -0.30151 0.30151 -0.90454
vn 0 -0.7071 -0.70711
vn -0.30152 0.30152 0.90453
vn 0 0.70711 -0.70711
vn 0 -0.7071 -0.70711
vn -0.30151 -0.30151 -0.90453
vn 0 0.70711 -0.70711
vn 0 -0.7071 -0.70711
vn -0.30151 -0.30151 -0.90453
vn 0 0.70711 -0.70711
vn 0 -0.7071 -0.70711
vn -0.30152 0.30152 0.90453
vn 0 0.70711 -0.70711
vn 0.7071 0 0.70711
vn 0 -0.7071 0.70711
vn -0.30151 0.30151 -0.90454
vn 0.7071 0 0.70711
vn 0.30152 -0.30152 -0.90453
vn 0 -0.7071 0.70711
vn -0.30151 0.30151 -0.90453
vn 0.7071 0 0.70711
vn -0.30151 -0.30151 0.90454
vn 0 -0.70711 0.7071
vn 0.70711 0 0.70711
vn -0.30151 -0.30151 0.90454
vn 0 -0.70711 0.7071
vn 0 -0.70711 -0.7071
vn -0.30152 -0.30152 -0.90453
vn 0 -0.70711 -0.7071
vn -0.30151 -0.30151 -0.90453
vn 0 0.7071 -0.70712
vn 0 -0.7071 -0.70711
vn -0.30151 -0.30151 -0.90453
vn 0 0.7071 -0.70712
vn 0 -0.7071 -0.70711
vn 0 0.7071 -0.70712
vn 0.70711 0 0.7071
vn 0 -0.7071 0.70711
vn -0.30151 0.3015 -0.90454
vn 0.70711 0 0.70711
vn 0.30151 -0.30152 -0.90453
vn 0 -0.7071 0.70711
vn -0.30151 0.3015 -0.90454
vn 0.30151 -0.30151 0.90453
vn 0.7071 0 0.70711
vn -0.30151 0.30151 -0.90453
vn 0.7071 0 0.70711
vn -0.30151 -0.30151 -0.90453
vn -0.30152 -0.90453 0.30152
vn 0 -0.70711 -0.7071
vn -0.30151 0.30151 0.90453
vn 0 0.70711 -0.70711
vn -0.30152 -0.90453 0.30152
vn 0 -0.70711 -0.7071
vn -0.30151 -0.30152 0.90453
vn -0.30151 -0.30151 -0.90453
vn 0 0.70711 -0.70711
vn 0 -0.7071 -0.70711
vn -0.30151 -0.30151 -0.90453
vn 0 0.7071 -0.70712
vn 0 -0.7071 -0.70711
vn -0.30151 0.30151 0.90454
vn 0 0.7071 -0.70712
vn 0 -0.7071 0.70711
vn -0.30151 0.3015 -0.90454
vn 0.7071 0 0.70711
vn 0.30151 -0.30152 -0.90453
vn 0 -0.7071 0.70711
vn -0.30151 0.3015 -0.90454
vn 0.7071 0 0.70711
vn -0.30151 -0.30151 0.90453
vn 0 -0.7071 0.70711
vn 0.70711 0 0.70711
vn -0.30151 -0.30151 0.90453
vn 0 -0.7071 0.70711
vn 0 -0.7071 -0.70711
vn -0.30151 -0.30151 -0.90454
vn 0 -0.7071 -0.70711
vn -0.30151 -0.30151 -0.90453
vn 0 0.7071 -0.70712
vn 0 -0.7071 -0.70711
vn -0.30151 -0.30151 -0.90453
vn 0 0.7071 -0.70712
vn 0 -0.7071 -0.70711
vn 0.70711 0 0.70711
vn -0.30151 -0.30151 0.90453
vn 0 -0.7071 0.70711
vn 0.7071 0 0.70711
vn -0.30151 -0.30151 0.90453
vn 0 -0.7071 0.70711
vn 0.7071 0 0.70711
vn 0.30151 -0.30152 -0.90453
vn 0 -0.7071 0.70711
vn -0.30151 0.3015 -0.90454
vn 0.70711 0 0.7071
vn 0 -0.7071 0.70711
vn -0.30151 0.3015 -0.90454
vn 0 -0.7071 -0.70711
vn 0 0.7071 -0.70712
vn 0 -0.7071 -0.70711
vn -0.30151 -0.30151 -0.90453
vn 0 0.7071 -0.70712
vn 0 -0.7071 -0.70711
vn 0 0.7071 -0.70712
vn 0 -0.7071 -0.70711
vn 0 0.7071 -0.70712
vn -0.30151 0.3015 -0.90454
vn 0.70711 0 0.7071
vn -0.30151 -0.3015 -0.90454
vn 0 -0.7071 0.70711
vn -0.30151 0.3015 -0.90454
vn 0.70711 0 0.70711
vn 0.30151 -0.30152 -0.90453
vn 0 -0.7071 0.70711
vn -0.30151 0.3015 -0.90454
vn 0.70711 0 0.7071
vn 0 -0.7071 0.70711
vn -0.30151 0.3015 -0.90454
vn 0 -0.7071 -0.70711
vn -0.30151 0.30151 0.90454
vn 0 0.7071 -0.70712
vn 0 -0.7071 -0.70711
vn -0.30151 -0.30151 -0.90453
vn 0 0.7071 -0.70712
vn 0 -0.7071 -0.70711
vn 0 0.7071 -0.70711
vn 0 -0.7071 -0.70711
vn -0.30151 0.30151 0.90454
vn 0 0.7071 -0.70711
vn 0.70711 0 0.70711
vn 0 -0.7071 0.70711
vn -0.30151 0.30151 -0.90454
vn 0.70711 0 0.7071
vn -0.30151 -0.3015 -0.90454
vn 0 -0.7071 0.70711
vn -0.30151 0.30151 -0.90453
vn 0.70712 0 0.7071
vn 0.30152 -0.30152 -0.90453
vn 0 -0.7071 0.70711
vn -0.30151 0.3015 -0.90454
vn 0.70711 0 0.7071
vn 0 -0.7071 0.70711
vn -0.30151 0.3015 -0.90454
vn 0 -0.7071 -0.70711
vn 0 0.7071 -0.70711
vn 0 -0.7071 -0.70711
vn -0.30151 -0.30151 -0.90453
vn 0 0.7071 -0.70711
vn 0 -0.7071 -0.70711
vn -0.30151 -0.30151 -0.90453
vn 0 0.7071 -0.70711
vn 0 -0.7071 -0.70711
vn 0 0.7071 -0.70711
vn 0.70711 0 0.70711
vn 0 -0.7071 0.70711
vn -0.30151 0.30151 -0.90454
vn 0.70711 0 0.7071
vn 0.30152 -0.30152 -0.90453
vn 0 -0.7071 0.70711
vn -0.30151 0.30151 -0.90453
vn 0.70711 0 0.70711
vn -0.30151 0.30151 -0.90453
vn -0.30151 -0.3015 -0.90454
vn -0.30151 0.30151 -0.90454
vn 0 -0.7071 -0.70711
vn -0.30151 0.30151 0.90454
vn 0 0.7071 -0.70711
vn 0 -0.7071 -0.70711
vn 0 0.7071 -0.70711
vn 0 -0.7071 -0.70711
vn 0 0.7071 -0.70711
vn 0 -0.7071 -0.70711
vn 0 0.7071 -0.70711
vn 0.70711 0 0.70711
vn 0 -0.7071 0.70711
vn -0.30151 0.30151 -0.90454
vn 0.70711 0 0.7071
vn -0.30151 -0.3015 -0.90454
vn 0 -0.7071 0.70711
vn -0.30151 0.30151 -0.90453
vn 0.70711 0 0.7071
vn 0.30152 -0.30152 -0.90453
vn 0 -0.7071 0.70711
vn -0.30151 0.30151 -0.90454
vn 0.70711 0 0.70711
vn 0 -0.7071 0.70711
vn -0.30151 0.30151 -0.90454
vn 0 -0.7071 -0.70711
vn -0.30151 0.30151 0.90454
vn 0 0.7071 -0.70711
vn 0 -0.7071 -0.70711
vn -0.30151 -0.30151 -0.90453
vn 0 0.7071 -0.70711
vn 0 -0.7071 -0.70711
vn -0.30151 -0.30151 -0.90453
vn 0 0.7071 -0.70711
vn 0 -0.7071 -0.70711
vn -0.30151 0.30151 0.90454
vn 0 0.7071 -0.70711
vn 0.70711 0 0.70711
vn 0 -0.7071 0.70711
vn -0.30151 0.30151 -0.90454
vn 0.70711 0 0.7071
vn 0.30152 -0.30152 -0.90453
vn 0 -0.7071 0.70711
vn -0.30151 0.30151 -0.90454
vn 0.70711 0 0.70711
vn -0.30151 -0.3015 -0.90454
vn 0 -0.7071 0.70711
vn -0.30151 0.30151 -0.90453
vn -0.30151 0.30151 -0.90454
vn 0 -0.7071 -0.70711
vn 0 0.7071 -0.70711
vn 0 -0.7071 -0.70711
vn 0 0.7071 -0.70711
vn 0 -0.7071 -0.70711
vn 0 0.7071 -0.70711
vn 0 -0.7071 -0.70711
vn 0 0.7071 -0.70711
vn 0.70711 0 0.70711
vn 0 -0.7071 0.70711
vn -0.30151 0.30151 -0.90454
vn 0.70711 0 0.7071
vn -0.30151 -0.3015 -0.90454
vn 0 -0.7071 0.70711
vn -0.30151 0.30151 -0.90453
vn 0.70711 0 0.7071
vn 0.30152 -0.30152 -0.90453
vn 0 -0.7071 0.70711
vn -0.30151 0.30151 -0.90454
vn 0.70711 0 0.70711
vn 0 -0.7071 0.70711
vn -0.30151 0.30151 -0.90454
vn 0 -0.7071 -0.70711
vn -0.30151 0.30151 0.90454
vn 0 0.7071 -0.70711
vn 0 -0.7071 -0.70711
vn -0.30151 -0.30151 -0.90453
vn 0 0.7071 -0.70711
vn 0 -0.7071 -0.70711
vn 0 0.7071 -0.70711
vn 0 -0.7071 -0.70711
vn -0.30151 0.30151 0.90454
vn 0 0.7071 -0.70711
vn 0.70711 0 0.70711
vn 0 -0.7071 0.70711
vn -0.30151 0.30151 -0.90454
vn 0.70711 0 0.7071
vn -0.30151 -0.3015 -0.90454
vn 0 -0.7071 0.70711
vn -0.30151 0.30151 -0.90453
vn 0.70712 0 0.7071
vn 0.30152 -0.30152 -0.90453
vn 0 -0.7071 0.70711
vn -0.30151 0.3015 -0.90454
vn 0.70711 0 0.7071
vn 0 -0.7071 0.70711
vn -0.30151 0.3015 -0.90454
vn 0 -0.7071 -0.70711
vn 0 0.7071 -0.70711
vn 0 -0.7071 -0.70711
vn -0.30151 -0.30151 -0.90453
vn 0 0.7071 -0.70711
vn 0 -0.7071 -0.70711
vn 0 0.7071 -0.70711
vn 0 -0.7071 -0.70711
vn -0.30151 0.30151 0.90454
vn 0 0.7071 -0.70711
vn -0.30151 0.30151 -0.90454
vn 0.70711 0 0.70711
vn -0.30151 0.30151 -0.90453
vn -0.30151 -0.3015 -0.90454
vn 0.70711 0 0.70711
vn -0.30151 -0.3015 -0.90454
vn 0 -0.7071 0.70711
vn -0.30151 0.30151 -0.90453
vn -0.30151 0.30151 -0.90454
vn 0 -0.7071 -0.70711
vn 0 0.7071 -0.70711
vn 0 -0.7071 -0.70711
vn 0 0.7071 -0.70711
vn 0 -0.7071 -0.70711
vn 0 0.7071 -0.70711
vn 0 -0.7071 -0.70711
vn 0 0.7071 -0.70711
vn 0.70711 0 0.70711
vn 0 -0.7071 0.70711
vn -0.30151 0.30151 -0.90454
vn 0.70711 0 0.7071
vn -0.30151 -0.3015 -0.90454
vn 0 -0.7071 0.70711
vn -0.30151 0.30151 -0.90453
vn 0.70711 0 0.70711
vn -0.30151 0.30151 -0.90453
vn -0.30151 -0.3015 -0.90454
vn -0.30151 0.30151 -0.90454
vn 0 -0.7071 -0.70711
vn -0.30151 0.30151 0.90454
vn 0 0.7071 -0.70711
vn 0 -0.7071 -0.70711
vn 0 0.7071 -0.70711
vn 0 -0.7071 -0.70711
vn 0 0.70711 -0.7071
vn -0.30151 -0.3015 -0.90454
vn 0 0.70711 0.7071
vn 0 0 -1
vn 0 0 -1
vn 0.3015 -0.30152 -0.90454
vn 0 0 -1
vn 0.30151 -0.30151 -0.90453
vn 0 0 -1
vn 0 0 -1
vn 0 0 -1
vn -0.30151 0.30151 0.90454
vn 0.30152 -0.30152 -0.90453
vn 0 0 -1
vn 0.30152 -0.30153 -0.90453
vn 0 0 -1
vn 0 0 -1
vn 0 0 -1
vn 0 0 -1
vn -0.30151 -0.30151 -0.90453
vn -0.30151 -0.30151 -0.90453
vn 0.30151 -0.30152 -0.90453
vn 0.30152 -0.30152 -0.90453
vn 0 0 -1
vn 0 0 -1
vn 0 0 -1
vn 0 0 -1
vn -0.30151 0.30151 0.90454
vn 0 0 -1
vn 0 0 -1
vn 0 0 -1
vn 0 0 -1
vn -0.30151 0.30151 0.90454
vn 0 0 -1
vn 0 0 -1
vn 0 0 -1
vn 0 0 -1
vn -0.30151 0.30151 0.90454
vn 0 0 -1
vn 0 0 -1
vn 0 0 -1
vn -0.30151 0.30151 0.90454
vn 0.30152 -0.30152 -0.90453
vn 0.30152 -0.30153 -0.90453
vn 0.30151 -0.30151 -0.90453
vn 0.30151 -0.30152 -0.90453
vn -0.30151 -0.30151 -0.90453
vn 0.30152 -0.30152 -0.90453
vn 0.3015 -0.30151 -0.90454
vn 0.3015 -0.30151 -0.90454
vn 0.30151 -0.30151 -0.90453
vn -0.30151 -0.30151 -0.90453
vn 0.3015 -0.30152 -0.90453
vn -0.30151 0.30152 0.90453
vn 0.30152 0.30151 -0.90453
vn -0.30151 0.30151 -0.90454
vn -0.30151 0.30151 -0.90453
vn -0.30151 0.30151 0.90453
vn 0.30152 0.30151 -0.90453
vn -0.30151 0.30151 0.90454
vn 0.30152 -0.30152 -0.90453
vn 0.30152 -0.30153 -0.90453
vn 0.30152 -0.30153 -0.90453
vn -0.30151 -0.30151 -0.90454
vn 0.30152 -0.30152 -0.90453
vn -0.30151 0.30151 0.90454
vn -0.30151 0.30151 0.90454
vn -0.30151 0.30151 0.90454
vn -0.30151 0.30151 0.90454
vn -0.30151 0.30151 0.90454
vn -0.30151 0.30151 0.90453
vn -0.30151 0.30151 0.90454
vn -0.30151 0.30151 0.90454
vn 0.57735 -0.57735 0.57735
vn -0.30151 0.30151 0.90454
vn 0.57735 -0.57735 0.57735
vn -0.30151 0.30151 0.90454
vn -0.30151 0.30151 0.90453
vn -0.30151 0.30151 0.90454
vn -0.30151 0.30151 0.90454
vn -0.30151 0.30151 0.90453
vn -0.30151 0.30151 0.90453
vn -0.30151 0.30151 0.90453
vn -0.30151 0.30151 0.90453
vn -0.30151 0.30151 0.90454
vn -0.30151 0.30151 0.90453
vn -0.30151 0.30151 0.90453
vn -0.30151 0.30151 0.90453
vn -0.30151 0.30151 0.90454
vn -0.30151 0.30151 0.90453
vn -0.30151 0.30151 0.90453
vn -0.30151 0.30151 0.90453
vn -0.30151 0.30151 0.90453
vn -0.30151 0.30151 0.90453
vn -0.30151 0.30151 0.90453
vn -0.30151 0.30151 0.90453
vn -0.30151 0.30151 0.90454
vn -0.30151 0.30151 0.90453
vn -0.30151 0.30151 0.90453
vn -0.30151 0.30151 0.90453
vn 0.57735 -0.57735 0.57735
vn 0.57735 -0.57735 0.57735
vn -0.30151 0.30151 0.90453
vn -0.30151 0.30151 0.90453
vn -0.30151 0.30151 0.90453
vn -0.30151 0.30151 0.90453
vn -0.30151 0.30151 0.90453
vn -0.30151 0.30151 0.90454
vn -0.30151 0.30151 0.90453
vn -0.57735 0.57735 0.57735
vn 0.57735 0.57735 0.57735
vn -0.30151 0.30151 0.90454
vn -0.30151 0.30151 0.90453
vn -0.30151 0.30151 0.90453
vn -0.30151 0.30151 0.90454
vn -0.30151 0.30151 0.90453
vn -0.30151 0.30151 0.90453
vn -0.30151 0.30151 0.90454
vn -0.30151 0.30151 0.90454
vn -0.30151 0.30151 0.90453
vn -0.30151 0.30151 0.90453
vn -0.30151 0.30151 0.90454
vn -0.30151 0.30151 0.90453
vn -0.30151 0.30151 0.90453
vn -0.30151 0.30151 0.90454
vn -0.30151 0.30151 0.90453
vn -0.30151 0.30151 0.90453
vn -0.30151 0.30151 0.90453
vn -0.30151 0.30151 0.90453
vn -0.30151 0.30151 0.90454
vn -0.30151 0.30151 0.90453
vn -0.30151 0.30151 0.90453
vn -0.30151 0.30151 0.90453
vn -0.30151 0.30151 0.90453
vn -0.30151 0.30151 0.90453
vn -0.30151 0.30151 0.90454
vn -0.30151 0.30151 0.90453
vn -0.30151 0.30151 0.90453
vn -0.30151 0.30151 0.90453
vn -0.30151 0.30151 0.90453
vn -0.30151 0.30151 0.90453
vn -0.30151 0.30151 0.90454
vn -0.30151 0.30151 0.90453
vn -0.30151 0.30151 0.90453
vn -0.30151 0.30151 0.90454
vn -0.30151 0.30151 0.90453
vn -0.30151 0.30151 0.90453
vn -0.30151 0.30151 0.90454
vn -0.30151 0.30151 0.90453
vn -0.30151 0.30151 0.90453
vn -0.30151 0.30151 0.90454
vt 0.625 0.24428
vt 0.375 0.25
vt 0.375 0.24428
vt 0.625 0.47321
vt 0.375 0.5
vt 0.375 0.47321
vt 0.625 0.7447
vt 0.375 0.75
vt 0.375 0.7447
vt 0.625 0.97321
vt 0.375 1
vt 0.375 0.97321
vt 0.34821 0.75
vt 0.34821 0.7447
vt 0.875 0.7447
vt 0.84821 0.75
vt 0.84821 0.7447
vt 0.79911 0.75
vt 0.79911 0.7447
vt 0.15179 0.7447
vt 0.125 0.75
vt 0.125 0.7447
vt 0.625 0.92411
vt 0.375 0.92411
vt 0.625 0.25
vt 0.375 0.27679
vt 0.625 0.75
vt 0.375 0.77679
vt 0.65179 0.7447
vt 0.29911 0.75
vt 0.29911 0.7447
vt 0.625 0.42411
vt 0.375 0.42411
vt 0.30913 0.61835
vt 0.30913 0.62397
vt 0.29911 0.625
vt 0.65179 0.61719
vt 0.65179 0.61835
vt 0.65128 0.61835
vt 0.15179 0.61719
vt 0.125 0.625
vt 0.125 0.61719
vt 0.875 0.61719
vt 0.84821 0.625
vt 0.84821 0.61719
vt 0.375 0.625
vt 0.34872 0.62397
vt 0.34872 0.61835
vt 0.625 0.61719
vt 0.375 0.61719
vt 0.625 0.11752
vt 0.375 0.125
vt 0.375 0.11752
vt 0.69157 0.66857
vt 0.69157 0.66373
vt 0.25 0.625
vt 0.24953 0.61835
vt 0.25 0.61719
vt 0.20994 0.62397
vt 0.20089 0.625
vt 0.20143 0.62397
vt 0.625 0.32589
vt 0.375 0.375
vt 0.375 0.32589
vt 0.25 0.7447
vt 0.20089 0.75
vt 0.20089 0.7447
vt 0.625 0.82589
vt 0.375 0.875
vt 0.375 0.82589
vt 0.75 0.7447
vt 0.70089 0.75
vt 0.70089 0.7447
vt 0.25 0.5554
vt 0.24953 0.56137
vt 0.24953 0.55576
vt 0.20994 0.56137
vt 0.20089 0.5625
vt 0.20143 0.56137
vt 0.625 0.5554
vt 0.375 0.5625
vt 0.375 0.5554
vt 0.34821 0.5625
vt 0.34821 0.56137
vt 0.34872 0.56137
vt 0.875 0.5554
vt 0.84821 0.5625
vt 0.84821 0.5554
vt 0.83889 0.66857
vt 0.83816 0.66857
vt 0.15179 0.5554
vt 0.125 0.5625
vt 0.125 0.5554
vt 0.65128 0.56137
vt 0.65128 0.55576
vt 0.30913 0.56137
vt 0.29911 0.5625
vt 0.29911 0.5554
vt 0.625 0.17969
vt 0.375 0.1875
vt 0.375 0.17969
vt 0.34821 0.5
vt 0.29911 0.50572
vt 0.29911 0.5
vt 0.65179 0.5
vt 0.625 0.50572
vt 0.625 0.5
vt 0.15179 0.5
vt 0.125 0.50572
vt 0.125 0.5
vt 0.84821 0.5
vt 0.79911 0.50572
vt 0.79911 0.5
vt 0.875 0.5
vt 0.84821 0.50572
vt 0.34821 0.50572
vt 0.375 0.50572
vt 0.75 0.5
vt 0.70089 0.50572
vt 0.70089 0.5
vt 0.25 0.5
vt 0.20089 0.50572
vt 0.20089 0.5
vt 0.625 0.23719
vt 0.375 0.23719
vt 0.20143 0.74411
vt 0.20994 0.74411
vt 0.20994 0.7385
vt 0.20143 0.7385
vt 0.625 0
vt 0.375 0.0053
vt 0.375 0
vt 0.30913 0.7385
vt 0.30913 0.74411
vt 0.65179 0.73722
vt 0.65179 0.7385
vt 0.65128 0.7385
vt 0.15179 0.73722
vt 0.125 0.73722
vt 0.83889 0.66373
vt 0.875 0.73722
vt 0.84821 0.73722
vt 0.34872 0.74411
vt 0.34872 0.7385
vt 0.625 0.73722
vt 0.375 0.73722
vt 0.625 0.67737
vt 0.375 0.68485
vt 0.375 0.67737
vt 0.34872 0.68423
vt 0.34872 0.67862
vt 0.875 0.67737
vt 0.84821 0.68485
vt 0.84821 0.67737
vt 0.69087 0.66373
vt 0.69087 0.66373
vt 0.15179 0.67737
vt 0.125 0.68485
vt 0.125 0.67737
vt 0.65179 0.67737
vt 0.65179 0.67862
vt 0.65128 0.67862
vt 0.30913 0.67862
vt 0.30913 0.68423
vt 0.29911 0.68485
vt 0.20143 0.68423
vt 0.20994 0.68423
vt 0.20089 0.68485
vt 0.20994 0.67862
vt 0.20143 0.67862
vt 0.625 0.05767
vt 0.375 0.06515
vt 0.375 0.05767
vt 0.625 0.14844
vt 0.375 0.15625
vt 0.375 0.14844
vt 0.25 0.58594
vt 0.24953 0.59258
vt 0.24953 0.58697
vt 0.20994 0.59258
vt 0.20089 0.59375
vt 0.20143 0.59258
vt 0.625 0.58594
vt 0.375 0.59375
vt 0.375 0.58594
vt 0.34821 0.59375
vt 0.34821 0.59258
vt 0.34872 0.59258
vt 0.875 0.58594
vt 0.84821 0.59375
vt 0.84821 0.58594
vt 0.15179 0.58594
vt 0.125 0.59375
vt 0.125 0.58594
vt 0.65128 0.59258
vt 0.65128 0.58697
vt 0.30913 0.59258
vt 0.29911 0.59375
vt 0.29911 0.58594
vt 0.30913 0.57201
vt 0.30913 0.57762
vt 0.29911 0.57812
vt 0.65179 0.57031
vt 0.65179 0.57201
vt 0.65128 0.57201
vt 0.15179 0.57031
vt 0.125 0.57812
vt 0.125 0.57031
vt 0.83816 0.66373
vt 0.875 0.57031
vt 0.84821 0.57812
vt 0.84821 0.57031
vt 0.375 0.57812
vt 0.34872 0.57762
vt 0.34872 0.57201
vt 0.625 0.57031
vt 0.375 0.57031
vt 0.20143 0.57762
vt 0.20994 0.57201
vt 0.20994 0.57762
vt 0.25 0.57031
vt 0.24953 0.57201
vt 0.625 0.16406
vt 0.375 0.17188
vt 0.375 0.16406
vt 0.625 0.20879
vt 0.375 0.21589
vt 0.375 0.20879
vt 0.30913 0.52859
vt 0.29911 0.53411
vt 0.29911 0.52701
vt 0.65179 0.52701
vt 0.65179 0.52859
vt 0.65128 0.52859
vt 0.15179 0.52701
vt 0.125 0.53411
vt 0.125 0.52701
vt 0.875 0.52701
vt 0.84821 0.53411
vt 0.84821 0.52701
vt 0.375 0.53411
vt 0.34872 0.53411
vt 0.34872 0.52859
vt 0.625 0.52701
vt 0.375 0.52701
vt 0.20994 0.52859
vt 0.20089 0.52701
vt 0.25 0.52701
vt 0.25 0.51281
vt 0.24953 0.51916
vt 0.24953 0.51355
vt 0.20994 0.51916
vt 0.20089 0.51991
vt 0.20143 0.51916
vt 0.625 0.51281
vt 0.375 0.51991
vt 0.375 0.51281
vt 0.34821 0.51991
vt 0.34821 0.51916
vt 0.34872 0.51916
vt 0.875 0.51281
vt 0.84821 0.51991
vt 0.84821 0.51281
vt 0.69157 0.55408
vt 0.69087 0.55408
vt 0.69087 0.55408
vt 0.15179 0.51281
vt 0.125 0.51991
vt 0.125 0.51281
vt 0.65128 0.51916
vt 0.65128 0.51355
vt 0.30913 0.51916
vt 0.29911 0.51991
vt 0.29911 0.51281
vt 0.625 0.22299
vt 0.375 0.23009
vt 0.375 0.22299
vt 0.625 0.1946
vt 0.375 0.2017
vt 0.375 0.1946
vt 0.30913 0.54229
vt 0.30913 0.5479
vt 0.29911 0.5483
vt 0.65179 0.54121
vt 0.65179 0.54229
vt 0.65128 0.54229
vt 0.15179 0.54121
vt 0.125 0.5483
vt 0.125 0.54121
vt 0.875 0.54121
vt 0.84821 0.5483
vt 0.84821 0.54121
vt 0.375 0.5483
vt 0.34872 0.5479
vt 0.34872 0.54229
vt 0.625 0.54121
vt 0.375 0.54121
vt 0.69157 0.54963
vt 0.25 0.5483
vt 0.24953 0.54229
vt 0.25 0.54121
vt 0.20994 0.5479
vt 0.20089 0.5483
vt 0.20143 0.5479
vt 0.625 0.02775
vt 0.375 0.03523
vt 0.375 0.02775
vt 0.625 0.70729
vt 0.375 0.71477
vt 0.375 0.70729
vt 0.34872 0.71387
vt 0.34872 0.70826
vt 0.875 0.70729
vt 0.84821 0.71477
vt 0.84821 0.70729
vt 0.15179 0.70729
vt 0.125 0.71477
vt 0.125 0.70729
vt 0.65179 0.70729
vt 0.65179 0.70826
vt 0.65128 0.70826
vt 0.30913 0.70826
vt 0.30913 0.71387
vt 0.29911 0.71477
vt 0.25 0.71477
vt 0.24953 0.70826
vt 0.25 0.70729
vt 0.20994 0.71387
vt 0.20089 0.71477
vt 0.20143 0.71387
vt 0.69157 0.63864
vt 0.69087 0.63864
vt 0.69087 0.63864
vt 0.20143 0.65435
vt 0.20994 0.65435
vt 0.20089 0.65492
vt 0.20994 0.64874
vt 0.20143 0.64874
vt 0.30913 0.64874
vt 0.30913 0.65435
vt 0.29911 0.65492
vt 0.65179 0.64744
vt 0.65179 0.64874
vt 0.65128 0.64874
vt 0.15179 0.64744
vt 0.125 0.65492
vt 0.125 0.64744
vt 0.69157 0.6338
vt 0.875 0.64744
vt 0.84821 0.65492
vt 0.84821 0.64744
vt 0.375 0.65492
vt 0.34872 0.65435
vt 0.34872 0.64874
vt 0.625 0.64744
vt 0.375 0.64744
vt 0.625 0.08759
vt 0.375 0.09508
vt 0.375 0.08759
vt 0.625 0.01278
vt 0.375 0.02027
vt 0.375 0.01278
vt 0.625 0.72225
vt 0.375 0.72973
vt 0.375 0.72225
vt 0.34872 0.72909
vt 0.34872 0.72348
vt 0.875 0.72225
vt 0.84821 0.72973
vt 0.84821 0.72225
vt 0.69087 0.54963
vt 0.69087 0.54963
vt 0.15179 0.72225
vt 0.125 0.72973
vt 0.125 0.72225
vt 0.65179 0.72225
vt 0.65179 0.72348
vt 0.65128 0.72348
vt 0.30913 0.72348
vt 0.30913 0.72909
vt 0.29911 0.72973
vt 0.20143 0.72909
vt 0.20994 0.72909
vt 0.20089 0.72973
vt 0.20994 0.72348
vt 0.20143 0.72348
vt 0.625 0.07263
vt 0.375 0.08011
vt 0.375 0.07263
vt 0.25 0.66989
vt 0.24953 0.6635
vt 0.25 0.66241
vt 0.20994 0.66911
vt 0.20089 0.66989
vt 0.20143 0.66911
vt 0.30913 0.6635
vt 0.30913 0.66911
vt 0.29911 0.66989
vt 0.65179 0.66241
vt 0.65179 0.6635
vt 0.65128 0.6635
vt 0.15179 0.66241
vt 0.125 0.66989
vt 0.125 0.66241
vt 0.875 0.66241
vt 0.84821 0.66989
vt 0.84821 0.66241
vt 0.375 0.66989
vt 0.34872 0.66911
vt 0.34872 0.6635
vt 0.625 0.66241
vt 0.375 0.66241
vt 0.625 0.63248
vt 0.375 0.63996
vt 0.375 0.63248
vt 0.34872 0.63911
vt 0.34872 0.6335
vt 0.875 0.63248
vt 0.84821 0.63996
vt 0.84821 0.63248
vt 0.69087 0.6338
vt 0.69087 0.6338
vt 0.15179 0.63248
vt 0.125 0.63996
vt 0.125 0.63248
vt 0.65179 0.63248
vt 0.65179 0.6335
vt 0.65128 0.6335
vt 0.30913 0.6335
vt 0.30913 0.63911
vt 0.29911 0.63996
vt 0.25 0.63996
vt 0.24953 0.6335
vt 0.25 0.63248
vt 0.20994 0.63911
vt 0.20089 0.63996
vt 0.20143 0.63911
vt 0.69157 0.69101
vt 0.69087 0.69101
vt 0.69087 0.69101
vt 0.625 0.10256
vt 0.375 0.11004
vt 0.375 0.10256
vt 0.25 0.69981
vt 0.24953 0.69342
vt 0.25 0.69233
vt 0.20994 0.69903
vt 0.20089 0.69981
vt 0.20143 0.69903
vt 0.30913 0.69342
vt 0.30913 0.69903
vt 0.29911 0.69981
vt 0.65179 0.69233
vt 0.65179 0.69342
vt 0.65128 0.69342
vt 0.15179 0.69233
vt 0.125 0.69981
vt 0.125 0.69233
vt 0.69157 0.68617
vt 0.875 0.69233
vt 0.84821 0.69981
vt 0.84821 0.69233
vt 0.375 0.69981
vt 0.34872 0.69903
vt 0.34872 0.69342
vt 0.625 0.69233
vt 0.375 0.69233
vt 0.625 0.04271
vt 0.375 0.05019
vt 0.375 0.04271
vt 0.625 0.13281
vt 0.375 0.14062
vt 0.375 0.13281
vt 0.25 0.60938
vt 0.24953 0.60272
vt 0.25 0.60156
vt 0.20994 0.60833
vt 0.20089 0.60938
vt 0.20143 0.60833
vt 0.625 0.60156
vt 0.375 0.60938
vt 0.375 0.60156
vt 0.34872 0.60833
vt 0.34872 0.60272
vt 0.875 0.60156
vt 0.84821 0.60938
vt 0.84821 0.60156
vt 0.83889 0.58462
vt 0.83816 0.58462
vt 0.83816 0.58462
vt 0.15179 0.60156
vt 0.125 0.60938
vt 0.125 0.60156
vt 0.65179 0.60156
vt 0.65179 0.60272
vt 0.65128 0.60272
vt 0.30913 0.60272
vt 0.30913 0.60833
vt 0.29911 0.60938
vt 0.16184 0.60272
vt 0.16184 0.60833
vt 0.15179 0.60938
vt 0.83889 0.57945
vt 0.16184 0.69342
vt 0.16184 0.69903
vt 0.15179 0.69981
vt 0.16184 0.6335
vt 0.16184 0.63911
vt 0.15179 0.63996
vt 0.69087 0.68617
vt 0.69087 0.68617
vt 0.83889 0.53989
vt 0.83816 0.53989
vt 0.16184 0.6635
vt 0.16184 0.66911
vt 0.15179 0.66989
vt 0.16184 0.72348
vt 0.16184 0.72909
vt 0.15179 0.72973
vt 0.83889 0.53543
vt 0.16184 0.64874
vt 0.16184 0.65435
vt 0.15179 0.65492
vt 0.16184 0.70826
vt 0.16184 0.71387
vt 0.15179 0.71477
vt 0.83816 0.57945
vt 0.16184 0.54229
vt 0.16184 0.5479
vt 0.15179 0.5483
vt 0.69157 0.69849
vt 0.69087 0.69849
vt 0.69087 0.69849
vt 0.16184 0.51916
vt 0.15179 0.51991
vt 0.16184 0.52859
vt 0.15179 0.53411
vt 0.69157 0.69365
vt 0.16184 0.57201
vt 0.16184 0.57762
vt 0.15179 0.57812
vt 0.83816 0.53543
vt 0.16184 0.59258
vt 0.15179 0.59375
vt 0.16184 0.67862
vt 0.16184 0.68423
vt 0.15179 0.68485
vt 0.16184 0.7385
vt 0.16184 0.74411
vt 0.15179 0.50572
vt 0.75 0.50572
vt 0.69087 0.69365
vt 0.69087 0.69365
vt 0.16184 0.56137
vt 0.15179 0.5625
vt 0.15179 0.75
vt 0.625 0.27679
vt 0.16184 0.61835
vt 0.16184 0.62397
vt 0.15179 0.625
vt 0.83889 0.67605
vt 0.83816 0.67605
vt 0.625 0.875
vt 0.75 0.75
vt 0.29823 0.60272
vt 0.29911 0.60156
vt 0.25864 0.60272
vt 0.25864 0.60833
vt 0.29823 0.69342
vt 0.29911 0.69233
vt 0.25864 0.69342
vt 0.25864 0.69903
vt 0.83889 0.67121
vt 0.29823 0.6335
vt 0.29911 0.63248
vt 0.25864 0.6335
vt 0.25864 0.63911
vt 0.29823 0.6635
vt 0.29911 0.66241
vt 0.25864 0.6635
vt 0.25864 0.66911
vt 0.29823 0.72348
vt 0.29911 0.72225
vt 0.25864 0.72348
vt 0.25864 0.72909
vt 0.25 0.72973
vt 0.29823 0.64874
vt 0.29911 0.64744
vt 0.25864 0.64874
vt 0.25864 0.65435
vt 0.25 0.65492
vt 0.83816 0.67121
vt 0.29823 0.70826
vt 0.29911 0.70729
vt 0.25864 0.70826
vt 0.25864 0.71387
vt 0.29823 0.54229
vt 0.29911 0.54121
vt 0.25864 0.54229
vt 0.25864 0.5479
vt 0.29823 0.51916
vt 0.29823 0.51355
vt 0.25 0.51991
vt 0.25864 0.51916
vt 0.25864 0.52859
vt 0.25864 0.57762
vt 0.29823 0.57762
vt 0.25864 0.57201
vt 0.29911 0.57031
vt 0.29823 0.59258
vt 0.29823 0.58697
vt 0.25 0.59375
vt 0.25864 0.59258
vt 0.69157 0.60805
vt 0.69087 0.60805
vt 0.69087 0.60805
vt 0.29823 0.67862
vt 0.29911 0.67737
vt 0.25864 0.67862
vt 0.25864 0.68423
vt 0.25 0.68485
vt 0.29823 0.7385
vt 0.29911 0.73722
vt 0.25864 0.7385
vt 0.25864 0.74411
vt 0.69157 0.60288
vt 0.65179 0.50572
vt 0.25 0.50572
vt 0.29823 0.56137
vt 0.29823 0.55576
vt 0.25 0.5625
vt 0.25864 0.56137
vt 0.65179 0.75
vt 0.625 0.77679
vt 0.83889 0.72841
vt 0.83816 0.72841
vt 0.29823 0.61835
vt 0.29911 0.61719
vt 0.25864 0.61835
vt 0.25864 0.62397
vt 0.625 0.375
vt 0.25 0.75
vt 0.29823 0.51182
vt 0.29823 0.50621
vt 0.25864 0.51182
vt 0.16184 0.50621
vt 0.16184 0.51182
vt 0.19146 0.5119
vt 0.20089 0.51182
vt 0.20089 0.51281
vt 0.1619 0.5119
vt 0.83889 0.72357
vt 0.30913 0.51182
vt 0.65128 0.51182
vt 0.65128 0.50621
vt 0.69087 0.60288
vt 0.69087 0.60288
vt 0.875 0.50572
vt 0.34821 0.51281
vt 0.34821 0.51182
vt 0.34872 0.51182
vt 0.24953 0.51182
vt 0.24953 0.50621
vt 0.20994 0.51182
vt 0.20143 0.51182
vt 0.625 0.23009
vt 0.25864 0.52679
vt 0.29823 0.52679
vt 0.25864 0.52118
vt 0.16184 0.52118
vt 0.16184 0.52679
vt 0.625 0.21589
vt 0.20143 0.52679
vt 0.20994 0.52679
vt 0.20994 0.52118
vt 0.20143 0.52118
vt 0.83816 0.72357
vt 0.83816 0.72357
vt 0.625 0.51991
vt 0.34872 0.52679
vt 0.34872 0.52118
vt 0.875 0.51991
vt 0.69157 0.58462
vt 0.69087 0.58462
vt 0.69087 0.58462
vt 0.65179 0.51991
vt 0.65179 0.52118
vt 0.65128 0.52118
vt 0.30913 0.52118
vt 0.30913 0.52679
vt 0.29823 0.5351
vt 0.29823 0.5342
vt 0.25864 0.5351
vt 0.25864 0.54071
vt 0.69157 0.57945
vt 0.16184 0.5351
vt 0.16184 0.54071
vt 0.24953 0.5351
vt 0.24953 0.5342
vt 0.25 0.53411
vt 0.20994 0.54071
vt 0.20089 0.54121
vt 0.20143 0.54071
vt 0.625 0.53411
vt 0.34872 0.5351
vt 0.875 0.53411
vt 0.65128 0.5342
vt 0.65128 0.5351
vt 0.30913 0.5351
vt 0.30913 0.54071
vt 0.625 0.2017
vt 0.29823 0.54941
vt 0.25864 0.54941
vt 0.25864 0.55502
vt 0.16184 0.54941
vt 0.16184 0.55502
vt 0.625 0.1875
vt 0.30913 0.54941
vt 0.30913 0.55502
vt 0.65179 0.5483
vt 0.65179 0.54941
vt 0.65128 0.54941
vt 0.69087 0.57945
vt 0.69087 0.57945
vt 0.875 0.5483
vt 0.34872 0.55502
vt 0.34872 0.54941
vt 0.625 0.5483
vt 0.24953 0.54941
vt 0.20994 0.55502
vt 0.20089 0.5554
vt 0.20143 0.55502
vt 0.29823 0.56366
vt 0.25864 0.56366
vt 0.25864 0.56927
vt 0.16184 0.56366
vt 0.16184 0.56927
vt 0.24953 0.56366
vt 0.20994 0.56927
vt 0.20089 0.57031
vt 0.20143 0.56927
vt 0.625 0.5625
vt 0.34872 0.56927
vt 0.34872 0.56366
vt 0.875 0.5625
vt 0.83889 0.6536
vt 0.83816 0.6536
vt 0.65179 0.5625
vt 0.65179 0.56366
vt 0.65128 0.56366
vt 0.30913 0.56366
vt 0.30913 0.56927
vt 0.625 0.17188
vt 0.29823 0.57927
vt 0.25864 0.57927
vt 0.25864 0.58488
vt 0.16184 0.57927
vt 0.16184 0.58488
vt 0.83889 0.64876
vt 0.625 0.15625
vt 0.30913 0.57927
vt 0.30913 0.58488
vt 0.65179 0.57812
vt 0.65179 0.57927
vt 0.65128 0.57927
vt 0.875 0.57812
vt 0.34872 0.58488
vt 0.34872 0.57927
vt 0.625 0.57812
vt 0.24953 0.57927
vt 0.25 0.57812
vt 0.20994 0.58488
vt 0.20089 0.58594
vt 0.20143 0.58488
vt 0.29823 0.60045
vt 0.29823 0.59484
vt 0.25864 0.60045
vt 0.16184 0.60045
vt 0.30913 0.60045
vt 0.65128 0.60045
vt 0.625 0.59375
vt 0.65128 0.59484
vt 0.83816 0.64876
vt 0.875 0.59375
vt 0.34821 0.60156
vt 0.34821 0.60045
vt 0.34872 0.60045
vt 0.83889 0.56899
vt 0.83816 0.56899
vt 0.83816 0.56899
vt 0.24953 0.60045
vt 0.24953 0.59484
vt 0.20994 0.60045
vt 0.20089 0.60156
vt 0.20143 0.60045
vt 0.625 0.14062
vt 0.29823 0.6106
vt 0.25864 0.6106
vt 0.25864 0.61621
vt 0.83889 0.56382
vt 0.16184 0.6106
vt 0.16184 0.61621
vt 0.625 0.125
vt 0.20143 0.61621
vt 0.20994 0.61621
vt 0.20089 0.61719
vt 0.20994 0.6106
vt 0.20143 0.6106
vt 0.625 0.60938
vt 0.34872 0.61621
vt 0.34872 0.6106
vt 0.875 0.60938
vt 0.69157 0.53989
vt 0.69087 0.53989
vt 0.69087 0.53989
vt 0.65179 0.60938
vt 0.65179 0.6106
vt 0.65128 0.6106
vt 0.30913 0.6106
vt 0.30913 0.61621
vt 0.29823 0.62622
vt 0.25864 0.62622
vt 0.25864 0.63183
vt 0.69157 0.53543
vt 0.16184 0.62622
vt 0.16184 0.63183
vt 0.83816 0.56382
vt 0.20143 0.63183
vt 0.20994 0.63183
vt 0.20089 0.63248
vt 0.20994 0.62622
vt 0.20143 0.62622
vt 0.30913 0.62622
vt 0.30913 0.63183
vt 0.65179 0.625
vt 0.65179 0.62622
vt 0.65128 0.62622
vt 0.875 0.625
vt 0.34872 0.63183
vt 0.34872 0.62622
vt 0.625 0.625
vt 0.625 0.11004
vt 0.29823 0.64115
vt 0.25864 0.64114
vt 0.25864 0.64676
vt 0.25 0.64744
vt 0.16184 0.64114
vt 0.16184 0.64676
vt 0.625 0.09508
vt 0.625 0.63996
vt 0.34872 0.64676
vt 0.34872 0.64115
vt 0.875 0.63996
vt 0.69087 0.53543
vt 0.69087 0.53543
vt 0.65179 0.63996
vt 0.65179 0.64114
vt 0.65128 0.64115
vt 0.30913 0.64114
vt 0.30913 0.64676
vt 0.24953 0.64114
vt 0.20994 0.64676
vt 0.20089 0.64744
vt 0.20143 0.64676
vt 0.29823 0.65613
vt 0.25864 0.65613
vt 0.25864 0.66175
vt 0.16184 0.65613
vt 0.16184 0.66175
vt 0.625 0.65492
vt 0.34872 0.66175
vt 0.34872 0.65613
vt 0.875 0.65492
vt 0.65179 0.65492
vt 0.65179 0.65613
vt 0.65128 0.65613
vt 0.30913 0.65613
vt 0.30913 0.66175
vt 0.20143 0.66175
vt 0.20994 0.66175
vt 0.20089 0.66241
vt 0.20994 0.65613
vt 0.20143 0.65613
vt 0.69157 0.67605
vt 0.69087 0.67605
vt 0.69087 0.67605
vt 0.625 0.08011
vt 0.29823 0.67106
vt 0.25864 0.67106
vt 0.25864 0.67667
vt 0.25 0.67737
vt 0.69157 0.67121
vt 0.16184 0.67106
vt 0.16184 0.67667
vt 0.625 0.06515
vt 0.24953 0.67106
vt 0.20994 0.67667
vt 0.20089 0.67737
vt 0.20143 0.67667
vt 0.30913 0.67106
vt 0.30913 0.67667
vt 0.65179 0.66989
vt 0.65179 0.67106
vt 0.65128 0.67106
vt 0.875 0.66989
vt 0.34872 0.67667
vt 0.34872 0.67106
vt 0.625 0.66989
vt 0.69087 0.67121
vt 0.69087 0.67121
vt 0.29823 0.68605
vt 0.25864 0.68605
vt 0.25864 0.69166
vt 0.16184 0.68605
vt 0.16184 0.69166
vt 0.83889 0.52569
vt 0.83816 0.52569
vt 0.625 0.68485
vt 0.34872 0.69166
vt 0.34872 0.68605
vt 0.875 0.68485
vt 0.83889 0.52123
vt 0.65179 0.68485
vt 0.65179 0.68605
vt 0.65128 0.68605
vt 0.30913 0.68605
vt 0.30913 0.69166
vt 0.20143 0.69166
vt 0.20994 0.69166
vt 0.20089 0.69233
vt 0.20994 0.68605
vt 0.20143 0.68605
vt 0.625 0.05019
vt 0.29823 0.70103
vt 0.25864 0.70103
vt 0.25864 0.70664
vt 0.16184 0.70103
vt 0.16184 0.70664
vt 0.625 0.03523
vt 0.83816 0.52123
vt 0.20143 0.70664
vt 0.20994 0.70664
vt 0.20089 0.70729
vt 0.20994 0.70103
vt 0.20143 0.70103
vt 0.30913 0.70103
vt 0.30913 0.70664
vt 0.65179 0.69981
vt 0.65179 0.70103
vt 0.65128 0.70103
vt 0.875 0.69981
vt 0.34872 0.70664
vt 0.34872 0.70103
vt 0.625 0.69981
vt 0.29823 0.71606
vt 0.25864 0.71606
vt 0.25864 0.72167
vt 0.25 0.72225
vt 0.16184 0.71606
vt 0.16184 0.72167
vt 0.20143 0.72167
vt 0.20994 0.72167
vt 0.20089 0.72225
vt 0.20994 0.71606
vt 0.20143 0.71606
vt 0.30913 0.71606
vt 0.30913 0.72167
vt 0.65179 0.71477
vt 0.65179 0.71606
vt 0.65128 0.71606
vt 0.875 0.71477
vt 0.34872 0.72167
vt 0.34872 0.71606
vt 0.625 0.71477
vt 0.625 0.02027
vt 0.29823 0.73096
vt 0.25864 0.73096
vt 0.25864 0.73657
vt 0.25 0.73722
vt 0.16184 0.73096
vt 0.16184 0.73657
vt 0.625 0.0053
vt 0.625 0.72973
vt 0.34872 0.73657
vt 0.34872 0.73096
vt 0.875 0.72973
vt 0.65179 0.72973
vt 0.65179 0.73096
vt 0.65128 0.73096
vt 0.30913 0.73096
vt 0.30913 0.73657
vt 0.20143 0.73657
vt 0.20994 0.73657
vt 0.20089 0.73722
vt 0.20994 0.73096
vt 0.20143 0.73096
vt 0.83816 0.61835
vt 0.79911 0.61719
vt 0.83889 0.61851
vt 0.83816 0.62397
vt 0.83889 0.62368
vt 0.79911 0.61835
vt 0.80734 0.61835
vt 0.80641 0.62397
vt 0.79911 0.625
vt 0.79911 0.62397
vt 0.74136 0.61835
vt 0.70089 0.61719
vt 0.75 0.61719
vt 0.75 0.625
vt 0.74136 0.61841
vt 0.70089 0.625
vt 0.70819 0.62397
vt 0.74136 0.62397
vt 0.70177 0.61835
vt 0.74136 0.55576
vt 0.70089 0.5554
vt 0.75 0.5554
vt 0.75 0.5625
vt 0.74136 0.55663
vt 0.70089 0.5625
vt 0.70887 0.56137
vt 0.74136 0.56137
vt 0.70177 0.56137
vt 0.83816 0.55576
vt 0.79911 0.5554
vt 0.83889 0.55672
vt 0.83816 0.56137
vt 0.83889 0.56118
vt 0.79911 0.55576
vt 0.80162 0.55576
vt 0.80708 0.56137
vt 0.79911 0.5625
vt 0.79911 0.56137
vt 0.70089 0.73722
vt 0.74095 0.7385
vt 0.70994 0.7385
vt 0.74136 0.74347
vt 0.74136 0.7385
vt 0.70503 0.74411
vt 0.74136 0.74411
vt 0.70177 0.7385
vt 0.83816 0.7385
vt 0.79911 0.73722
vt 0.83889 0.73854
vt 0.83816 0.74411
vt 0.83889 0.74338
vt 0.79911 0.7385
vt 0.80816 0.7385
vt 0.80325 0.74411
vt 0.79911 0.74411
vt 0.83816 0.67862
vt 0.79911 0.67737
vt 0.83889 0.67869
vt 0.83816 0.68423
vt 0.83889 0.68353
vt 0.79911 0.67862
vt 0.80794 0.67862
vt 0.80347 0.68423
vt 0.79911 0.68485
vt 0.79911 0.68423
vt 0.70089 0.67737
vt 0.74117 0.67862
vt 0.70972 0.67862
vt 0.75 0.68485
vt 0.74136 0.68362
vt 0.74136 0.67862
vt 0.70089 0.68485
vt 0.70526 0.68423
vt 0.74136 0.68423
vt 0.70177 0.67862
vt 0.74136 0.58697
vt 0.70089 0.58594
vt 0.75 0.58594
vt 0.75 0.59375
vt 0.74136 0.58716
vt 0.70089 0.59375
vt 0.70916 0.59258
vt 0.74136 0.59258
vt 0.70177 0.59258
vt 0.83816 0.58697
vt 0.79911 0.58594
vt 0.83889 0.58726
vt 0.83816 0.59258
vt 0.83889 0.59243
vt 0.79911 0.58697
vt 0.80637 0.58697
vt 0.80738 0.59258
vt 0.79911 0.59375
vt 0.79911 0.59258
vt 0.80843 0.57163
vt 0.79911 0.57031
vt 0.83889 0.57163
vt 0.83816 0.57762
vt 0.83889 0.5768
vt 0.79911 0.57201
vt 0.80843 0.57201
vt 0.79911 0.57812
vt 0.79911 0.57762
vt 0.80269 0.57762
vt 0.75 0.57031
vt 0.71021 0.57163
vt 0.70089 0.57031
vt 0.74136 0.57201
vt 0.74068 0.57163
vt 0.70089 0.57812
vt 0.70448 0.57762
vt 0.74136 0.57762
vt 0.70177 0.57201
vt 0.80843 0.52833
vt 0.79911 0.52701
vt 0.83889 0.52833
vt 0.83889 0.53279
vt 0.83816 0.53411
vt 0.83816 0.53279
vt 0.79911 0.52859
vt 0.80843 0.52859
vt 0.75 0.52701
vt 0.71021 0.52833
vt 0.70089 0.52701
vt 0.74136 0.52859
vt 0.74068 0.52833
vt 0.70089 0.53411
vt 0.70177 0.53398
vt 0.70177 0.53411
vt 0.75 0.53411
vt 0.74136 0.53411
vt 0.74136 0.53288
vt 0.70177 0.52859
vt 0.74136 0.51355
vt 0.70089 0.51281
vt 0.75 0.51281
vt 0.75 0.51991
vt 0.74136 0.51404
vt 0.70089 0.51991
vt 0.70618 0.51916
vt 0.74136 0.51916
vt 0.70177 0.51916
vt 0.83816 0.51355
vt 0.79911 0.51281
vt 0.83889 0.51414
vt 0.83816 0.51916
vt 0.83889 0.51859
vt 0.79911 0.51355
vt 0.80431 0.51355
vt 0.80439 0.51916
vt 0.79911 0.51991
vt 0.79911 0.51916
vt 0.83816 0.54229
vt 0.79911 0.54121
vt 0.83889 0.54253
vt 0.83816 0.5479
vt 0.83889 0.54698
vt 0.79911 0.54229
vt 0.80678 0.54229
vt 0.80192 0.5479
vt 0.79911 0.5483
vt 0.79911 0.5479
vt 0.74136 0.54229
vt 0.70089 0.54121
vt 0.75 0.54121
vt 0.75 0.5483
vt 0.74136 0.54243
vt 0.70089 0.5483
vt 0.70371 0.5479
vt 0.74136 0.5479
vt 0.70177 0.54229
vt 0.83816 0.70826
vt 0.79911 0.70729
vt 0.83889 0.71345
vt 0.83889 0.70861
vt 0.83816 0.71387
vt 0.79911 0.70826
vt 0.80595 0.70826
vt 0.80545 0.71387
vt 0.79911 0.71477
vt 0.79911 0.71387
vt 0.74136 0.70826
vt 0.70089 0.70729
vt 0.75 0.70729
vt 0.75 0.71477
vt 0.74136 0.70852
vt 0.70089 0.71477
vt 0.70724 0.71387
vt 0.74136 0.71387
vt 0.70177 0.70826
vt 0.70089 0.64744
vt 0.74086 0.64874
vt 0.71003 0.64874
vt 0.75 0.65492
vt 0.74136 0.6537
vt 0.74136 0.64874
vt 0.70089 0.65492
vt 0.70494 0.65435
vt 0.74136 0.65435
vt 0.70177 0.64874
vt 0.83816 0.64874
vt 0.79911 0.64744
vt 0.83816 0.65435
vt 0.79911 0.64874
vt 0.80825 0.64874
vt 0.80316 0.65435
vt 0.79911 0.65492
vt 0.79911 0.65435
vt 0.83816 0.72348
vt 0.79911 0.72225
vt 0.83816 0.72909
vt 0.79911 0.72348
vt 0.80777 0.72348
vt 0.80364 0.72909
vt 0.79911 0.72973
vt 0.79911 0.72909
vt 0.70089 0.72225
vt 0.74134 0.72348
vt 0.70955 0.72348
vt 0.75 0.72973
vt 0.74136 0.72851
vt 0.74136 0.72348
vt 0.70089 0.72973
vt 0.70543 0.72909
vt 0.74136 0.72909
vt 0.70177 0.72348
vt 0.74136 0.6635
vt 0.70089 0.66241
vt 0.75 0.66241
vt 0.75 0.66989
vt 0.74136 0.66363
vt 0.70089 0.66989
vt 0.70638 0.66911
vt 0.74136 0.66911
vt 0.70177 0.6635
vt 0.83816 0.6635
vt 0.79911 0.66241
vt 0.83816 0.66911
vt 0.79911 0.6635
vt 0.80681 0.6635
vt 0.80459 0.66911
vt 0.79911 0.66989
vt 0.79911 0.66911
vt 0.83816 0.6335
vt 0.79911 0.63248
vt 0.83889 0.6338
vt 0.83816 0.63911
vt 0.83889 0.63864
vt 0.79911 0.6335
vt 0.8063 0.6335
vt 0.80511 0.63911
vt 0.79911 0.63996
vt 0.79911 0.63911
vt 0.74136 0.6335
vt 0.70089 0.63248
vt 0.75 0.63248
vt 0.75 0.63996
vt 0.74136 0.63371
vt 0.70089 0.63996
vt 0.70689 0.63911
vt 0.74136 0.63911
vt 0.70177 0.6335
vt 0.74136 0.69342
vt 0.70089 0.69233
vt 0.75 0.69233
vt 0.75 0.69981
vt 0.74136 0.69355
vt 0.70089 0.69981
vt 0.70639 0.69903
vt 0.74136 0.69903
vt 0.70177 0.69342
vt 0.83816 0.69342
vt 0.79911 0.69233
vt 0.83889 0.69849
vt 0.83889 0.69365
vt 0.83816 0.69903
vt 0.79911 0.69342
vt 0.8068 0.69342
vt 0.8046 0.69903
vt 0.79911 0.69981
vt 0.79911 0.69903
vt 0.74136 0.60272
vt 0.70089 0.60156
vt 0.75 0.60156
vt 0.75 0.60938
vt 0.74136 0.60279
vt 0.70089 0.60938
vt 0.70828 0.60833
vt 0.74136 0.60833
vt 0.70177 0.60272
vt 0.83816 0.60272
vt 0.79911 0.60156
vt 0.83889 0.60288
vt 0.83816 0.60833
vt 0.83889 0.60805
vt 0.79911 0.60272
vt 0.80725 0.60272
vt 0.80649 0.60833
vt 0.79911 0.60938
vt 0.79911 0.60833
vt 0.79006 0.60272
vt 0.79006 0.60284
vt 0.79857 0.60272
vt 0.75738 0.60833
vt 0.79006 0.60833
vt 0.75047 0.60272
vt 0.79006 0.69342
vt 0.79006 0.69361
vt 0.79857 0.69342
vt 0.7555 0.69903
vt 0.79006 0.69903
vt 0.75047 0.69342
vt 0.79006 0.6335
vt 0.79006 0.63376
vt 0.79857 0.6335
vt 0.756 0.63911
vt 0.79006 0.63911
vt 0.75047 0.6335
vt 0.79006 0.6635
vt 0.79006 0.66369
vt 0.79857 0.6635
vt 0.75549 0.66911
vt 0.79006 0.66911
vt 0.75047 0.6635
vt 0.79006 0.72348
vt 0.75 0.72225
vt 0.79006 0.72354
vt 0.79857 0.72348
vt 0.75453 0.72909
vt 0.79006 0.72909
vt 0.75047 0.72348
vt 0.75 0.64744
vt 0.78997 0.64874
vt 0.75914 0.64874
vt 0.79006 0.64874
vt 0.79857 0.64874
vt 0.75405 0.65435
vt 0.79006 0.65435
vt 0.75047 0.64874
vt 0.79006 0.70826
vt 0.79006 0.70857
vt 0.79857 0.70826
vt 0.75634 0.71387
vt 0.79006 0.71387
vt 0.75047 0.70826
vt 0.79006 0.54229
vt 0.79006 0.54249
vt 0.79857 0.54229
vt 0.75282 0.5479
vt 0.79006 0.5479
vt 0.75047 0.54229
vt 0.79006 0.51355
vt 0.79857 0.51916
vt 0.79006 0.5141
vt 0.79857 0.51355
vt 0.75528 0.51916
vt 0.79006 0.51916
vt 0.75047 0.51916
vt 0.75932 0.52833
vt 0.79006 0.52859
vt 0.78979 0.52833
vt 0.79857 0.52859
vt 0.79006 0.53411
vt 0.79857 0.53403
vt 0.79857 0.53411
vt 0.75047 0.53404
vt 0.75047 0.53411
vt 0.75047 0.52859
vt 0.75932 0.57163
vt 0.79857 0.57762
vt 0.75 0.57812
vt 0.75359 0.57762
vt 0.79006 0.57762
vt 0.75047 0.57201
vt 0.79006 0.58697
vt 0.79857 0.59258
vt 0.79006 0.58722
vt 0.79857 0.58697
vt 0.75827 0.59258
vt 0.79006 0.59258
vt 0.75047 0.59258
vt 0.79006 0.67862
vt 0.75 0.67737
vt 0.79006 0.67865
vt 0.79857 0.67862
vt 0.75436 0.68423
vt 0.79006 0.68423
vt 0.75047 0.67862
vt 0.75 0.73722
vt 0.79006 0.7385
vt 0.75905 0.7385
vt 0.79006 0.7385
vt 0.79857 0.7385
vt 0.75414 0.74411
vt 0.79006 0.74411
vt 0.75047 0.7385
vt 0.79006 0.55576
vt 0.79857 0.56137
vt 0.79006 0.55668
vt 0.79857 0.55576
vt 0.75798 0.56137
vt 0.79006 0.56137
vt 0.75047 0.56137
vt 0.79006 0.61835
vt 0.79006 0.61847
vt 0.79857 0.61835
vt 0.7573 0.62397
vt 0.79006 0.62397
vt 0.75047 0.61835
vt 0.69087 0.60272
vt 0.69087 0.60833
vt 0.65993 0.60272
vt 0.65917 0.60833
vt 0.65179 0.60833
vt 0.69087 0.69342
vt 0.69087 0.69903
vt 0.65948 0.69342
vt 0.65728 0.69903
vt 0.65179 0.69903
vt 0.69087 0.6335
vt 0.69087 0.63911
vt 0.65898 0.6335
vt 0.65778 0.63911
vt 0.65179 0.63911
vt 0.69087 0.6635
vt 0.69087 0.66911
vt 0.65949 0.6635
vt 0.65727 0.66911
vt 0.65179 0.66911
vt 0.69087 0.72348
vt 0.69157 0.72841
vt 0.69157 0.72357
vt 0.69087 0.72909
vt 0.66044 0.72348
vt 0.65632 0.72909
vt 0.65179 0.72909
vt 0.69087 0.64874
vt 0.69157 0.6536
vt 0.69157 0.64876
vt 0.69087 0.65435
vt 0.66093 0.64874
vt 0.65584 0.65435
vt 0.65179 0.65435
vt 0.69087 0.70826
vt 0.69157 0.71345
vt 0.69157 0.70861
vt 0.69087 0.71387
vt 0.65863 0.70826
vt 0.65813 0.71387
vt 0.65179 0.71387
vt 0.69087 0.54229
vt 0.69157 0.54253
vt 0.69087 0.5479
vt 0.69157 0.54698
vt 0.65946 0.54229
vt 0.6546 0.5479
vt 0.65179 0.5479
vt 0.69087 0.51355
vt 0.65179 0.51281
vt 0.69157 0.51414
vt 0.69087 0.51916
vt 0.69157 0.51859
vt 0.65179 0.51355
vt 0.65699 0.51355
vt 0.65707 0.51916
vt 0.65179 0.51916
vt 0.66111 0.52833
vt 0.69157 0.52833
vt 0.69157 0.53279
vt 0.69087 0.53411
vt 0.69087 0.53279
vt 0.66111 0.52859
vt 0.66111 0.57163
vt 0.69157 0.57163
vt 0.69087 0.57762
vt 0.69157 0.5768
vt 0.66111 0.57201
vt 0.65179 0.57762
vt 0.65537 0.57762
vt 0.69087 0.58697
vt 0.65179 0.58594
vt 0.69157 0.58726
vt 0.69087 0.59258
vt 0.69157 0.59243
vt 0.65179 0.58697
vt 0.65905 0.58697
vt 0.66006 0.59258
vt 0.65179 0.59375
vt 0.65179 0.59258
vt 0.69087 0.67862
vt 0.69157 0.67869
vt 0.69087 0.68423
vt 0.69157 0.68353
vt 0.66062 0.67862
vt 0.65615 0.68423
vt 0.65179 0.68423
vt 0.69087 0.7385
vt 0.69157 0.73854
vt 0.69087 0.74411
vt 0.69157 0.74338
vt 0.66084 0.7385
vt 0.65593 0.74411
vt 0.65179 0.74411
vt 0.69087 0.55576
vt 0.65179 0.5554
vt 0.69157 0.55672
vt 0.69087 0.56137
vt 0.69157 0.56118
vt 0.65179 0.55576
vt 0.6543 0.55576
vt 0.65976 0.56137
vt 0.65179 0.56137
vt 0.69087 0.61835
vt 0.69157 0.61851
vt 0.69087 0.62397
vt 0.69157 0.62368
vt 0.66002 0.61835
vt 0.65908 0.62397
vt 0.65179 0.62397
vt 0.69087 0.50621
vt 0.69157 0.50704
vt 0.69087 0.51182
vt 0.69157 0.51149
vt 0.65179 0.50621
vt 0.65525 0.50621
vt 0.65881 0.51182
vt 0.65179 0.51182
vt 0.79006 0.50621
vt 0.79857 0.51182
vt 0.79006 0.507
vt 0.79857 0.50621
vt 0.75703 0.51182
vt 0.79006 0.51182
vt 0.75047 0.51182
vt 0.83816 0.50621
vt 0.83889 0.50704
vt 0.8381 0.5119
vt 0.83816 0.51182
vt 0.79911 0.50621
vt 0.80257 0.50621
vt 0.80614 0.51182
vt 0.79911 0.51182
vt 0.74136 0.50621
vt 0.74136 0.50694
vt 0.70792 0.51182
vt 0.74136 0.51182
vt 0.70177 0.51182
vt 0.69087 0.52118
vt 0.69157 0.52123
vt 0.69087 0.52679
vt 0.69157 0.52569
vt 0.6607 0.52118
vt 0.65336 0.52679
vt 0.65179 0.52679
vt 0.79006 0.52118
vt 0.79857 0.52679
vt 0.79006 0.52573
vt 0.79857 0.52118
vt 0.75157 0.52679
vt 0.79006 0.52679
vt 0.75047 0.52118
vt 0.74108 0.52118
vt 0.70981 0.52118
vt 0.74136 0.52579
vt 0.74136 0.52118
vt 0.74136 0.52679
vt 0.70177 0.52118
vt 0.70177 0.52679
vt 0.83816 0.52118
vt 0.83816 0.52679
vt 0.79911 0.52118
vt 0.80802 0.52118
vt 0.80068 0.52679
vt 0.79911 0.52679
vt 0.69087 0.5351
vt 0.69087 0.5342
vt 0.69087 0.54071
vt 0.65243 0.5342
vt 0.65179 0.5351
vt 0.65179 0.5342
vt 0.65528 0.54071
vt 0.65179 0.54071
vt 0.79857 0.53418
vt 0.79006 0.5351
vt 0.79006 0.5342
vt 0.75047 0.53418
vt 0.79006 0.53539
vt 0.79857 0.5342
vt 0.79857 0.5351
vt 0.75349 0.54071
vt 0.79006 0.54071
vt 0.75047 0.5351
vt 0.75047 0.54071
vt 0.74136 0.5342
vt 0.74136 0.5351
vt 0.70789 0.5351
vt 0.74136 0.53533
vt 0.70438 0.54071
vt 0.74136 0.54071
vt 0.70177 0.5351
vt 0.83816 0.5351
vt 0.83816 0.5342
vt 0.83816 0.54071
vt 0.79975 0.5342
vt 0.79911 0.5351
vt 0.79911 0.5342
vt 0.8026 0.54071
vt 0.79911 0.54071
vt 0.69087 0.54941
vt 0.69087 0.55502
vt 0.65959 0.54941
vt 0.65447 0.55502
vt 0.65179 0.55502
vt 0.79006 0.54941
vt 0.79006 0.54959
vt 0.79857 0.54941
vt 0.75269 0.55502
vt 0.79006 0.55502
vt 0.75047 0.54941
vt 0.83816 0.54941
vt 0.83889 0.54963
vt 0.83816 0.55502
vt 0.83889 0.55408
vt 0.79911 0.54941
vt 0.80691 0.54941
vt 0.8018 0.55502
vt 0.79911 0.55502
vt 0.74136 0.54941
vt 0.74136 0.54953
vt 0.70358 0.55502
vt 0.74136 0.55502
vt 0.70177 0.54941
vt 0.69087 0.56366
vt 0.69157 0.56382
vt 0.69087 0.56927
vt 0.69157 0.56899
vt 0.65998 0.56366
vt 0.65912 0.56927
vt 0.65179 0.56927
vt 0.79006 0.56366
vt 0.79006 0.56378
vt 0.79857 0.56366
vt 0.75733 0.56927
vt 0.79006 0.56927
vt 0.75047 0.56366
vt 0.74136 0.56366
vt 0.74136 0.56372
vt 0.70823 0.56927
vt 0.74136 0.56927
vt 0.70177 0.56366
vt 0.83816 0.56366
vt 0.83816 0.56927
vt 0.79911 0.56366
vt 0.8073 0.56366
vt 0.80644 0.56927
vt 0.79911 0.56927
vt 0.69087 0.57927
vt 0.69087 0.58488
vt 0.65984 0.57927
vt 0.65926 0.58488
vt 0.65179 0.58488
vt 0.79006 0.57927
vt 0.79006 0.57941
vt 0.79857 0.57927
vt 0.75747 0.58488
vt 0.79006 0.58488
vt 0.75047 0.57927
vt 0.83816 0.57927
vt 0.83816 0.58488
vt 0.79911 0.57927
vt 0.80717 0.57927
vt 0.80658 0.58488
vt 0.79911 0.58488
vt 0.74136 0.57927
vt 0.74136 0.58471
vt 0.74136 0.57935
vt 0.70836 0.58488
vt 0.74136 0.58488
vt 0.70177 0.57927
vt 0.69087 0.59484
vt 0.69157 0.59507
vt 0.69087 0.60045
vt 0.69157 0.60024
vt 0.65179 0.59484
vt 0.65945 0.59484
vt 0.65965 0.60045
vt 0.65179 0.60045
vt 0.79006 0.59484
vt 0.79857 0.60045
vt 0.79006 0.59503
vt 0.79857 0.59484
vt 0.75786 0.60045
vt 0.79006 0.60045
vt 0.75047 0.60045
vt 0.83816 0.59484
vt 0.83889 0.59507
vt 0.83816 0.60045
vt 0.83889 0.60024
vt 0.79911 0.59484
vt 0.80677 0.59484
vt 0.80697 0.60045
vt 0.79911 0.60045
vt 0.74136 0.59484
vt 0.74136 0.59497
vt 0.70876 0.60045
vt 0.74136 0.60045
vt 0.70177 0.60045
vt 0.69087 0.6106
vt 0.69157 0.6107
vt 0.69087 0.61621
vt 0.69157 0.61587
vt 0.66044 0.6106
vt 0.65866 0.61621
vt 0.65179 0.61621
vt 0.79006 0.6106
vt 0.79006 0.61066
vt 0.79857 0.6106
vt 0.75688 0.61621
vt 0.79006 0.61621
vt 0.75047 0.6106
vt 0.74135 0.6106
vt 0.70954 0.6106
vt 0.74136 0.61596
vt 0.74136 0.6106
vt 0.70777 0.61621
vt 0.74136 0.61621
vt 0.70177 0.6106
vt 0.83816 0.6106
vt 0.83889 0.6107
vt 0.83816 0.61621
vt 0.83889 0.61587
vt 0.79911 0.6106
vt 0.80776 0.6106
vt 0.80599 0.61621
vt 0.79911 0.61621
vt 0.69087 0.62622
vt 0.69157 0.62632
vt 0.69087 0.63183
vt 0.69157 0.63116
vt 0.66039 0.62622
vt 0.65637 0.63183
vt 0.65179 0.63183
vt 0.79006 0.62622
vt 0.79006 0.62628
vt 0.79857 0.62622
vt 0.75459 0.63183
vt 0.79006 0.63183
vt 0.75047 0.62622
vt 0.74136 0.62622
vt 0.74136 0.62622
vt 0.70548 0.63183
vt 0.74136 0.63183
vt 0.70177 0.62622
vt 0.83816 0.62622
vt 0.83889 0.62632
vt 0.83816 0.63183
vt 0.83889 0.63116
vt 0.79911 0.62622
vt 0.80771 0.62622
vt 0.80369 0.63183
vt 0.79911 0.63183
vt 0.69087 0.64114
vt 0.69157 0.64128
vt 0.69087 0.64676
vt 0.69157 0.64612
vt 0.66013 0.64114
vt 0.65663 0.64676
vt 0.65179 0.64676
vt 0.79006 0.64114
vt 0.79006 0.64124
vt 0.79857 0.64114
vt 0.75485 0.64676
vt 0.79006 0.64676
vt 0.75047 0.64114
vt 0.83816 0.64114
vt 0.83889 0.64128
vt 0.83816 0.64676
vt 0.83889 0.64612
vt 0.79911 0.64114
vt 0.80745 0.64114
vt 0.80395 0.64676
vt 0.79911 0.64676
vt 0.74136 0.64114
vt 0.74136 0.64119
vt 0.70574 0.64676
vt 0.74136 0.64676
vt 0.70177 0.64114
vt 0.69087 0.65613
vt 0.69157 0.66108
vt 0.69157 0.65625
vt 0.69087 0.66175
vt 0.66032 0.65613
vt 0.65644 0.66175
vt 0.65179 0.66175
vt 0.79006 0.65613
vt 0.79006 0.65621
vt 0.79857 0.65613
vt 0.75466 0.66175
vt 0.79006 0.66175
vt 0.75047 0.65613
vt 0.83816 0.65613
vt 0.83889 0.66108
vt 0.83889 0.65625
vt 0.83816 0.66175
vt 0.79911 0.65613
vt 0.80764 0.65613
vt 0.80376 0.66175
vt 0.79911 0.66175
vt 0.74136 0.65613
vt 0.74136 0.65615
vt 0.70555 0.66175
vt 0.74136 0.66175
vt 0.70177 0.65613
vt 0.69087 0.67106
vt 0.69087 0.67667
vt 0.66004 0.67106
vt 0.65672 0.67667
vt 0.65179 0.67667
vt 0.79006 0.67106
vt 0.79006 0.67117
vt 0.79857 0.67106
vt 0.75494 0.67667
vt 0.79006 0.67667
vt 0.75047 0.67106
vt 0.74136 0.67106
vt 0.74136 0.67111
vt 0.70583 0.67667
vt 0.74136 0.67667
vt 0.70177 0.67106
vt 0.83816 0.67106
vt 0.83816 0.67667
vt 0.79911 0.67106
vt 0.80736 0.67106
vt 0.80405 0.67667
vt 0.79911 0.67667
vt 0.69087 0.68605
vt 0.69087 0.69166
vt 0.66029 0.68605
vt 0.65647 0.69166
vt 0.65179 0.69166
vt 0.79006 0.68605
vt 0.79006 0.68613
vt 0.79857 0.68605
vt 0.75469 0.69166
vt 0.79006 0.69166
vt 0.75047 0.68605
vt 0.83816 0.68605
vt 0.83889 0.69101
vt 0.83889 0.68617
vt 0.83816 0.69166
vt 0.79911 0.68605
vt 0.80761 0.68605
vt 0.8038 0.69166
vt 0.79911 0.69166
vt 0.74136 0.68605
vt 0.74136 0.68607
vt 0.70558 0.69166
vt 0.74136 0.69167
vt 0.70177 0.68605
vt 0.69087 0.70103
vt 0.69157 0.70113
vt 0.69087 0.70664
vt 0.69157 0.70597
vt 0.6604 0.70103
vt 0.65636 0.70664
vt 0.65179 0.70664
vt 0.79006 0.70103
vt 0.79006 0.70109
vt 0.79857 0.70103
vt 0.75458 0.70664
vt 0.79006 0.70664
vt 0.75047 0.70103
vt 0.74136 0.70103
vt 0.74136 0.70104
vt 0.70547 0.70664
vt 0.74136 0.70664
vt 0.70177 0.70103
vt 0.83816 0.70103
vt 0.83889 0.70113
vt 0.83816 0.70664
vt 0.83889 0.70597
vt 0.79911 0.70103
vt 0.80772 0.70103
vt 0.80368 0.70664
vt 0.79911 0.70664
vt 0.69087 0.71606
vt 0.69157 0.72093
vt 0.69157 0.71609
vt 0.69087 0.72167
vt 0.66087 0.71606
vt 0.65589 0.72167
vt 0.65179 0.72167
vt 0.79002 0.71606
vt 0.75908 0.71606
vt 0.79006 0.71606
vt 0.79857 0.71606
vt 0.75411 0.72167
vt 0.79006 0.72167
vt 0.75047 0.71606
vt 0.74092 0.71606
vt 0.70998 0.71606
vt 0.74136 0.72103
vt 0.74136 0.71606
vt 0.705 0.72167
vt 0.74136 0.72167
vt 0.70177 0.71606
vt 0.83816 0.71606
vt 0.83889 0.72093
vt 0.83889 0.71609
vt 0.83816 0.72167
vt 0.79911 0.71606
vt 0.80819 0.71606
vt 0.80322 0.72167
vt 0.79911 0.72167
vt 0.69087 0.73096
vt 0.69157 0.73589
vt 0.69157 0.73106
vt 0.69087 0.73657
vt 0.6604 0.73096
vt 0.65636 0.73657
vt 0.65179 0.73657
vt 0.79006 0.73096
vt 0.79006 0.73102
vt 0.79857 0.73096
vt 0.75458 0.73657
vt 0.79006 0.73657
vt 0.75047 0.73096
vt 0.83816 0.73096
vt 0.83889 0.73589
vt 0.83889 0.73106
vt 0.83816 0.73657
vt 0.79911 0.73096
vt 0.80772 0.73096
vt 0.80368 0.73657
vt 0.79911 0.73657
vt 0.74136 0.73096
vt 0.74136 0.73096
vt 0.70547 0.73657
vt 0.74136 0.73657
vt 0.70177 0.73096
vt 0.83816 0.62368
vt 0.83816 0.61851
vt 0.83816 0.56118
vt 0.83816 0.55672
vt 0.83816 0.74338
vt 0.83816 0.73854
vt 0.83816 0.68353
vt 0.83816 0.67869
vt 0.83816 0.59243
vt 0.83816 0.58726
vt 0.83816 0.57201
vt 0.74068 0.57201
vt 0.71021 0.57201
vt 0.83816 0.52859
vt 0.74068 0.52859
vt 0.71021 0.52859
vt 0.83816 0.51859
vt 0.83816 0.51414
vt 0.83816 0.54698
vt 0.83816 0.54253
vt 0.83816 0.71345
vt 0.83816 0.70861
vt 0.83816 0.63864
vt 0.83816 0.6338
vt 0.83816 0.69849
vt 0.83816 0.69365
vt 0.83816 0.60805
vt 0.83816 0.60288
vt 0.78979 0.52859
vt 0.75932 0.52859
vt 0.78979 0.57201
vt 0.75932 0.57201
vt 0.69087 0.66857
vt 0.69087 0.72841
vt 0.69087 0.72357
vt 0.69087 0.6536
vt 0.69087 0.64876
vt 0.69087 0.71345
vt 0.69087 0.70861
vt 0.69087 0.54698
vt 0.69087 0.54253
vt 0.69087 0.51859
vt 0.69087 0.51414
vt 0.69087 0.52859
vt 0.69087 0.57201
vt 0.69087 0.59243
vt 0.69087 0.58726
vt 0.69087 0.68353
vt 0.69087 0.67869
vt 0.69087 0.74338
vt 0.69087 0.73854
vt 0.69087 0.56118
vt 0.69087 0.55672
vt 0.69087 0.62368
vt 0.69087 0.61851
vt 0.69087 0.51149
vt 0.69087 0.50704
vt 0.83889 0.51149
vt 0.83816 0.50704
vt 0.69087 0.52569
vt 0.69087 0.52123
vt 0.83816 0.55408
vt 0.83816 0.54963
vt 0.69087 0.56899
vt 0.69087 0.56382
vt 0.69087 0.60024
vt 0.69087 0.59507
vt 0.83816 0.60024
vt 0.83816 0.59507
vt 0.69087 0.61587
vt 0.69087 0.6107
vt 0.83816 0.61587
vt 0.83816 0.6107
vt 0.69087 0.63116
vt 0.69087 0.62632
vt 0.83816 0.63116
vt 0.83816 0.62632
vt 0.69087 0.64612
vt 0.69087 0.64128
vt 0.83816 0.64612
vt 0.83816 0.64128
vt 0.69087 0.66108
vt 0.69087 0.65625
vt 0.83816 0.66108
vt 0.83816 0.65625
vt 0.83816 0.69101
vt 0.83816 0.68617
vt 0.69087 0.70597
vt 0.69087 0.70113
vt 0.83816 0.70597
vt 0.83816 0.70113
vt 0.69087 0.72093
vt 0.69087 0.71609
vt 0.83816 0.72093
vt 0.83816 0.71609
vt 0.69087 0.73589
vt 0.69087 0.73106
vt 0.83816 0.73589
vt 0.83816 0.73106
vt 0.69087 0.66857
vt 0.69087 0.59507
vt 0.69087 0.60024
vt 0.83816 0.6338
vt 0.69087 0.72357
vt 0.69087 0.72841
vt 0.69087 0.64876
vt 0.69087 0.6536
vt 0.69087 0.70113
vt 0.83816 0.60024
vt 0.69087 0.70597
vt 0.69087 0.70861
vt 0.69087 0.56382
vt 0.69087 0.71345
vt 0.69087 0.56899
vt 0.69087 0.54253
vt 0.69087 0.54698
vt 0.69087 0.6107
vt 0.69087 0.61587
vt 0.69087 0.51414
vt 0.69087 0.51859
vt 0.83816 0.60805
vt 0.69087 0.53279
vt 0.83816 0.67869
vt 0.69087 0.71609
vt 0.69087 0.72093
vt 0.69087 0.5768
vt 0.69087 0.5768
vt 0.69087 0.58726
vt 0.69087 0.59243
vt 0.69087 0.62632
vt 0.69087 0.63116
vt 0.69087 0.67869
vt 0.69087 0.68353
vt 0.83816 0.59243
vt 0.69087 0.73854
vt 0.69087 0.74338
vt 0.69087 0.73106
vt 0.83816 0.5768
vt 0.83816 0.5768
vt 0.69087 0.73589
vt 0.69087 0.55672
vt 0.69087 0.56118
vt 0.69087 0.61851
vt 0.69087 0.62368
vt 0.69087 0.64128
vt 0.69087 0.64612
vt 0.83816 0.53279
vt 0.69087 0.50704
vt 0.69087 0.51149
vt 0.71021 0.52859
vt 0.83816 0.51149
vt 0.83816 0.51414
vt 0.69087 0.65625
vt 0.69087 0.66108
vt 0.78979 0.57163
vt 0.69087 0.52123
vt 0.69087 0.52569
vt 0.83816 0.66108
vt 0.42618 0
vt 0.47018 0.0048
vt 0.47018 0
vt 0.47018 0.75
vt 0.42618 0.7452
vt 0.42618 0.75
vt 0.42618 1
vt 0.47773 0.00408
vt 0.44488 0.00408
vt 0.44502 0.06294
vt 0.44502 0.43796
vt 0.44488 0.49682
vt 0.47773 0.49682
vt 0.47773 0.74592
vt 0.44488 0.5
vt 0.44488 0.74592
vt 0.44488 0.75318
vt 0.47773 0.75726
vt 0.47773 0.75318
vt 0.44502 0.213
vt 0.44502 0.01447
vt 0.44488 0
vt 0.47773 0.47477
vt 0.44488 0.49662
vt 0.47773 0.49662
vt 0.44488 0.75
vt 0.47773 0.5
vt 0.44488 0.5
vt 0.47773 0.75338
vt 0.44488 0.75338
vt 0.47773 0.79776
vt 0.47773 1
vt 0.44488 0.99961
vt 0.44488 1
vt 0.47773 0.2173
vt 0.47773 0.01017
vt 0.47773 0.48371
vt 0.47773 0.78882
vt 0.47773 0.21472
vt 0.47773 0.01275
vt 0.47773 0.48113
vt 0.47773 0.7914
vt 0.47773 0.47496
vt 0.44488 0.49682
vt 0.47773 0.49682
vt 0.47773 0.75
vt 0.47773 0.75318
vt 0.47773 0.79757
vt 0.47773 0.22573
vt 0.47773 0.02376
vt 0.47773 0.47012
vt 0.47773 0.78039
vt 0.47773 0.22831
vt 0.47773 0.02118
vt 0.47773 0.4727
vt 0.47773 0.77781
vt 0.44502 0.22401
vt 0.44502 0.02548
vt 0.47773 0.46395
vt 0.47773 0.78656
vt 0.47773 0.46376
vt 0.47773 0.78675
vt 0.44488 0.25
vt 0.44502 0.04893
vt 0.47773 0.44031
vt 0.47773 0.76331
vt 0.47773 0.24918
vt 0.47773 0.04721
vt 0.47773 0.44668
vt 0.47773 0.75694
vt 0.47773 0.00408
vt 0.44488 0.00408
vt 0.47773 0.06121
vt 0.44502 0.44413
vt 0.44502 0.25172
vt 0.44488 0.74592
vt 0.47773 0.74891
vt 0.47773 0.74592
vt 0.47773 0.75109
vt 0.47773 0.05863
vt 0.44502 0.44671
vt 0.44502 0.2543
vt 0.47773 0.74035
vt 0.44502 0.06294
vt 0.44502 0.43777
vt 0.47773 0.7493
vt 0.47773 0.75746
vt 0.44502 0.03681
vt 0.47773 0.45243
vt 0.47773 0.77543
vt 0.47773 0.45262
vt 0.47773 0.77523
vt 0.47773 0.23964
vt 0.47773 0.0325
vt 0.47773 0.46138
vt 0.47773 0.76648
vt 0.47773 0.23706
vt 0.47773 0.03509
vt 0.47773 0.45879
vt 0.47773 0.76906
vt 0.47773 0.24132
vt 0.47773 0.03935
vt 0.47773 0.45453
vt 0.47773 0.7648
vt 0.47773 0.2439
vt 0.47773 0.03677
vt 0.47773 0.45711
vt 0.47773 0.76222
vt 0.44502 0.04107
vt 0.47773 0.44836
vt 0.47773 0.77097
vt 0.47773 0.44817
vt 0.47773 0.77116
vt 0.44502 0.04188
vt 0.47773 0.44736
vt 0.47773 0.77036
vt 0.47773 0.44756
vt 0.47773 0.77016
vt 0.47773 0.24471
vt 0.47773 0.03757
vt 0.47773 0.45631
vt 0.47773 0.76141
vt 0.47773 0.24213
vt 0.47773 0.04016
vt 0.47773 0.45373
vt 0.47773 0.76399
vt 0.47773 0.20874
vt 0.47773 0.00677
vt 0.47773 0.48711
vt 0.47773 0.79738
vt 0.47773 0.21132
vt 0.47773 0.00419
vt 0.47773 0.48969
vt 0.47773 0.7948
vt 0.44502 0.20702
vt 0.44502 0.00849
vt 0.47773 0.48094
vt 0.47773 0.80355
vt 0.47773 0.48075
vt 0.47773 0.80374
vt 0.44502 0.01254
vt 0.47773 0.44486
vt 0.47773 0.7997
vt 0.47773 0.44506
vt 0.47773 0.7995
vt 0.47773 0.2472
vt 0.47773 0.00824
vt 0.47773 0.45381
vt 0.47773 0.79075
vt 0.47773 0.24462
vt 0.47773 0.01082
vt 0.47773 0.45123
vt 0.47773 0.79333
vt 0.47773 0.25
vt 0.47773 0.03448
vt 0.47773 0.76967
vt 0.47773 0.0319
vt 0.47773 0.76709
vt 0.44502 0.0362
vt 0.47773 0
vt 0.47773 0.77584
vt 0.47773 0.77603
vt 0.44502 0.01168
vt 0.47773 0.44573
vt 0.47773 0.80056
vt 0.47773 0.44592
vt 0.47773 0.80036
vt 0.47773 0.24634
vt 0.47773 0.00737
vt 0.47773 0.45467
vt 0.47773 0.79161
vt 0.47773 0.24376
vt 0.47773 0.00996
vt 0.47773 0.45209
vt 0.47773 0.79419
vt 0.47773 0.23872
vt 0.47773 0.00491
vt 0.47773 0.45713
vt 0.47773 0.79924
vt 0.47773 0.2413
vt 0.47773 0.00233
vt 0.47773 0.45972
vt 0.47773 0.79666
vt 0.44502 0.23699
vt 0.44502 0.00663
vt 0.47773 0.45096
vt 0.47773 0.80541
vt 0.47773 0.45077
vt 0.47773 0.8056
vt 0.44502 0.23956
vt 0.44502 0.0092
vt 0.47773 0.44821
vt 0.47773 0.80304
vt 0.47773 0.4484
vt 0.47773 0.80285
vt 0.47773 0.24386
vt 0.47773 0.00489
vt 0.47773 0.45715
vt 0.47773 0.79409
vt 0.47773 0.24128
vt 0.47773 0.00747
vt 0.47773 0.45457
vt 0.47773 0.79668
vt 0.47773 0.24431
vt 0.47773 0.0105
vt 0.47773 0.45155
vt 0.47773 0.79365
vt 0.47773 0.24689
vt 0.47773 0.00792
vt 0.47773 0.45413
vt 0.47773 0.79107
vt 0.44502 0.01222
vt 0.47773 0.44538
vt 0.47773 0.79982
vt 0.47773 0.44518
vt 0.47773 0.80001
vt 0.44502 0.01542
vt 0.47773 0.44199
vt 0.47773 0.79682
vt 0.47773 0.44218
vt 0.47773 0.79662
vt 0.47773 0.01111
vt 0.47773 0.45093
vt 0.47773 0.25008
vt 0.47773 0.78787
vt 0.47773 0.2475
vt 0.47773 0.01369
vt 0.47773 0.44835
vt 0.47773 0.79045
vt 0.47773 0.24485
vt 0.47773 0.01104
vt 0.47773 0.451
vt 0.47773 0.79311
vt 0.47773 0.24743
vt 0.47773 0.00846
vt 0.47773 0.45358
vt 0.47773 0.79053
vt 0.44502 0.01276
vt 0.47773 0.44483
vt 0.47773 0.79928
vt 0.47773 0.44464
vt 0.47773 0.79947
vt 0.44502 0.0299
vt 0.47773 0.44227
vt 0.47773 0.78234
vt 0.47773 0.44247
vt 0.47773 0.78214
vt 0.47773 0.2498
vt 0.47773 0.0256
vt 0.47773 0.45122
vt 0.47773 0.77339
vt 0.47773 0.24722
vt 0.47773 0.02818
vt 0.47773 0.44863
vt 0.47773 0.77597
vt 0.47773 0.23829
vt 0.47773 0.01925
vt 0.47773 0.45756
vt 0.47773 0.7849
vt 0.47773 0.24087
vt 0.47773 0.01667
vt 0.47773 0.46014
vt 0.47773 0.78231
vt 0.44502 0.02098
vt 0.47773 0.45139
vt 0.47773 0.79107
vt 0.47773 0.45119
vt 0.47773 0.79126
vt 0.44502 0.02825
vt 0.47773 0.44392
vt 0.47773 0.78399
vt 0.47773 0.44411
vt 0.47773 0.78379
vt 0.47773 0.24815
vt 0.47773 0.02395
vt 0.47773 0.45287
vt 0.47773 0.77504
vt 0.47773 0.24557
vt 0.47773 0.02653
vt 0.47773 0.45028
vt 0.47773 0.77762
vt 0.47773 0.03155
vt 0.47773 0.44526
vt 0.47773 0.25059
vt 0.47773 0.7726
vt 0.47773 0.02897
vt 0.47773 0.44784
vt 0.47773 0.25317
vt 0.47773 0.77002
vt 0.44502 0.03327
vt 0.47773 0.43909
vt 0.47773 0.77877
vt 0.47773 0.4389
vt 0.47773 0.77896
vt 0.44502 0.02945
vt 0.47773 0.44272
vt 0.47773 0.78279
vt 0.47773 0.44292
vt 0.47773 0.7826
vt 0.47773 0.24934
vt 0.47773 0.02514
vt 0.47773 0.45167
vt 0.47773 0.77384
vt 0.47773 0.24676
vt 0.47773 0.02772
vt 0.47773 0.44909
vt 0.47773 0.77643
vt 0.47773 0.24152
vt 0.47773 0.02248
vt 0.47773 0.45433
vt 0.47773 0.78167
vt 0.47773 0.2441
vt 0.47773 0.0199
vt 0.47773 0.45691
vt 0.47773 0.77908
vt 0.44502 0.02421
vt 0.47773 0.44816
vt 0.47773 0.78784
vt 0.47773 0.44796
vt 0.47773 0.78803
vt 0.44502 0.02767
vt 0.47773 0.4445
vt 0.47773 0.78456
vt 0.47773 0.44469
vt 0.47773 0.78437
vt 0.47773 0.24757
vt 0.47773 0.02337
vt 0.47773 0.45344
vt 0.47773 0.77562
vt 0.47773 0.24499
vt 0.47773 0.02595
vt 0.47773 0.45086
vt 0.47773 0.7782
vt 0.47773 0.24862
vt 0.47773 0.02959
vt 0.47773 0.44723
vt 0.47773 0.77456
vt 0.47773 0.027
vt 0.47773 0.44981
vt 0.47773 0.25121
vt 0.47773 0.77198
vt 0.44502 0.03131
vt 0.47773 0.44106
vt 0.47773 0.78073
vt 0.47773 0.44086
vt 0.47773 0.78093
vt 0.44502 0.02925
vt 0.47773 0.44292
vt 0.47773 0.78299
vt 0.47773 0.44312
vt 0.47773 0.7828
vt 0.47773 0.24914
vt 0.47773 0.02494
vt 0.47773 0.45187
vt 0.47773 0.77404
vt 0.47773 0.24656
vt 0.47773 0.02752
vt 0.47773 0.44929
vt 0.47773 0.77663
vt 0.47773 0.24146
vt 0.47773 0.02243
vt 0.47773 0.45439
vt 0.47773 0.78172
vt 0.47773 0.24405
vt 0.47773 0.01984
vt 0.47773 0.45697
vt 0.47773 0.77914
vt 0.44502 0.02415
vt 0.47773 0.44822
vt 0.47773 0.78789
vt 0.47773 0.44802
vt 0.47773 0.78809
vt 0.44502 0.02996
vt 0.47773 0.44221
vt 0.47773 0.78227
vt 0.47773 0.4424
vt 0.47773 0.78208
vt 0.47773 0.24986
vt 0.47773 0.02566
vt 0.47773 0.45115
vt 0.47773 0.77333
vt 0.47773 0.24728
vt 0.47773 0.02824
vt 0.47773 0.44857
vt 0.47773 0.77591
vt 0.47773 0.23611
vt 0.47773 0.01707
vt 0.47773 0.45974
vt 0.47773 0.78708
vt 0.47773 0.23869
vt 0.47773 0.01449
vt 0.47773 0.46233
vt 0.47773 0.7845
vt 0.44502 0.01879
vt 0.47773 0.45357
vt 0.47773 0.79325
vt 0.47773 0.45338
vt 0.47773 0.79345
vt 0.44502 0.03291
vt 0.47773 0.43926
vt 0.47773 0.77933
vt 0.47773 0.43945
vt 0.47773 0.77913
vt 0.47773 0.02861
vt 0.47773 0.44821
vt 0.47773 0.25281
vt 0.47773 0.77038
vt 0.47773 0.03119
vt 0.47773 0.44562
vt 0.47773 0.25023
vt 0.47773 0.77296
vt 0.47773 0.24754
vt 0.47773 0.0285
vt 0.47773 0.44831
vt 0.47773 0.77564
vt 0.47773 0.02592
vt 0.47773 0.45089
vt 0.47773 0.25013
vt 0.47773 0.77306
vt 0.44502 0.03023
vt 0.47773 0.44214
vt 0.47773 0.78181
vt 0.47773 0.44194
vt 0.47773 0.78201
vt 0.44502 0.02996
vt 0.47773 0.44221
vt 0.47773 0.78228
vt 0.47773 0.44241
vt 0.47773 0.78208
vt 0.47773 0.24986
vt 0.47773 0.02566
vt 0.47773 0.45116
vt 0.47773 0.77333
vt 0.47773 0.24728
vt 0.47773 0.02824
vt 0.47773 0.44858
vt 0.47773 0.77591
vt 0.47773 0.03098
vt 0.47773 0.44583
vt 0.47773 0.25002
vt 0.47773 0.77317
vt 0.47773 0.0284
vt 0.47773 0.44841
vt 0.47773 0.2526
vt 0.47773 0.77059
vt 0.44502 0.0327
vt 0.47773 0.43966
vt 0.47773 0.77934
vt 0.47773 0.43947
vt 0.47773 0.77953
vt 0.44488 0
vt 0.44488 0.25
vt 0.44502 0.04893
vt 0.47773 0.44051
vt 0.44488 0.75
vt 0.47773 0.76311
vt 0.47773 0.04462
vt 0.47773 0.44926
vt 0.47773 0.25176
vt 0.47773 0.75436
vt 0.625 1
vt 0.875 0.75
vt 0.34821 0.62397
vt 0.34821 0.625
vt 0.34821 0.61719
vt 0.34821 0.61835
vt 0.65128 0.62397
vt 0.24953 0.62397
vt 0.20143 0.61835
vt 0.20089 0.61835
vt 0.20994 0.61835
vt 0.20089 0.62397
vt 0.20143 0.55576
vt 0.20089 0.55576
vt 0.20994 0.55576
vt 0.20089 0.56137
vt 0.34872 0.55576
vt 0.34821 0.55576
vt 0.34821 0.5554
vt 0.30913 0.55576
vt 0.24953 0.74411
vt 0.20089 0.74411
vt 0.20089 0.7385
vt 0.24953 0.7385
vt 0.34821 0.74411
vt 0.34821 0.73722
vt 0.34821 0.7385
vt 0.65128 0.74411
vt 0.34821 0.67862
vt 0.34821 0.67737
vt 0.34821 0.68485
vt 0.34821 0.68423
vt 0.65128 0.68423
vt 0.24953 0.68423
vt 0.20089 0.68423
vt 0.20089 0.67862
vt 0.24953 0.67862
vt 0.20143 0.58697
vt 0.20089 0.58697
vt 0.20994 0.58697
vt 0.20089 0.59258
vt 0.34872 0.58697
vt 0.34821 0.58697
vt 0.34821 0.58594
vt 0.30913 0.58697
vt 0.34821 0.57762
vt 0.34821 0.57812
vt 0.34821 0.57031
vt 0.34821 0.57201
vt 0.65128 0.57762
vt 0.24953 0.57762
vt 0.20089 0.57812
vt 0.20089 0.57762
vt 0.20143 0.57201
vt 0.20089 0.57201
vt 0.30913 0.53411
vt 0.34821 0.52701
vt 0.34821 0.52859
vt 0.65128 0.53411
vt 0.20994 0.53411
vt 0.20143 0.53411
vt 0.20143 0.52859
vt 0.20089 0.52859
vt 0.24953 0.53411
vt 0.24953 0.52859
vt 0.20143 0.51355
vt 0.20089 0.51355
vt 0.20994 0.51355
vt 0.20089 0.51916
vt 0.34872 0.51355
vt 0.34821 0.51355
vt 0.30913 0.51355
vt 0.34821 0.5479
vt 0.34821 0.5483
vt 0.34821 0.54121
vt 0.34821 0.54229
vt 0.65128 0.5479
vt 0.24953 0.5479
vt 0.20143 0.54229
vt 0.20089 0.54229
vt 0.20994 0.54229
vt 0.20089 0.5479
vt 0.34821 0.70826
vt 0.34821 0.70729
vt 0.34821 0.71477
vt 0.34821 0.71387
vt 0.65128 0.71387
vt 0.24953 0.71387
vt 0.20143 0.70826
vt 0.20089 0.70826
vt 0.20994 0.70826
vt 0.20089 0.71387
vt 0.24953 0.65435
vt 0.20089 0.65435
vt 0.20089 0.64874
vt 0.24953 0.64874
vt 0.34821 0.65435
vt 0.34821 0.65492
vt 0.34821 0.64744
vt 0.34821 0.64874
vt 0.65128 0.65435
vt 0.34821 0.72348
vt 0.34821 0.72225
vt 0.34821 0.72973
vt 0.34821 0.72909
vt 0.65128 0.72909
vt 0.24953 0.72909
vt 0.20089 0.72909
vt 0.20089 0.72348
vt 0.24953 0.72348
vt 0.24953 0.66911
vt 0.20143 0.6635
vt 0.20089 0.6635
vt 0.20994 0.6635
vt 0.20089 0.66911
vt 0.34821 0.66911
vt 0.34821 0.66989
vt 0.34821 0.66241
vt 0.34821 0.6635
vt 0.65128 0.66911
vt 0.34821 0.6335
vt 0.34821 0.63248
vt 0.34821 0.63996
vt 0.34821 0.63911
vt 0.65128 0.63911
vt 0.24953 0.63911
vt 0.20143 0.6335
vt 0.20089 0.6335
vt 0.20994 0.6335
vt 0.20089 0.63911
vt 0.24953 0.69903
vt 0.20143 0.69342
vt 0.20089 0.69342
vt 0.20994 0.69342
vt 0.20089 0.69903
vt 0.34821 0.69903
vt 0.34821 0.69981
vt 0.34821 0.69233
vt 0.34821 0.69342
vt 0.65128 0.69903
vt 0.24953 0.60833
vt 0.20143 0.60272
vt 0.20089 0.60272
vt 0.20994 0.60272
vt 0.20089 0.60833
vt 0.34821 0.60272
vt 0.34821 0.60938
vt 0.34821 0.60833
vt 0.65128 0.60833
vt 0.16184 0.51355
vt 0.16184 0.53411
vt 0.16184 0.58697
vt 0.16184 0.55576
vt 0.29823 0.60833
vt 0.29823 0.69903
vt 0.29823 0.63911
vt 0.29823 0.66911
vt 0.29823 0.72909
vt 0.29823 0.65435
vt 0.29823 0.71387
vt 0.29823 0.5479
vt 0.25864 0.51355
vt 0.25864 0.53411
vt 0.29823 0.52859
vt 0.29823 0.53411
vt 0.29823 0.57201
vt 0.25864 0.58697
vt 0.29823 0.68423
vt 0.29823 0.74411
vt 0.25864 0.55576
vt 0.29823 0.62397
vt 0.25864 0.50621
vt 0.1619 0.51182
vt 0.20089 0.50621
vt 0.19146 0.51182
vt 0.30913 0.50621
vt 0.34821 0.50621
vt 0.34872 0.50621
vt 0.20143 0.50621
vt 0.20994 0.50621
vt 0.29823 0.52118
vt 0.20089 0.52679
vt 0.20089 0.52118
vt 0.24953 0.52679
vt 0.24953 0.52118
vt 0.34821 0.52118
vt 0.34821 0.52679
vt 0.65128 0.52679
vt 0.29823 0.54071
vt 0.25864 0.5342
vt 0.16184 0.5342
vt 0.20089 0.5342
vt 0.20089 0.5351
vt 0.20089 0.54071
vt 0.24953 0.54071
vt 0.20143 0.5342
vt 0.20994 0.5342
vt 0.20143 0.5351
vt 0.20994 0.5351
vt 0.34821 0.5351
vt 0.34821 0.5342
vt 0.34872 0.5342
vt 0.34821 0.54071
vt 0.34872 0.54071
vt 0.65128 0.54071
vt 0.30913 0.5342
vt 0.29823 0.55502
vt 0.20089 0.55502
vt 0.20089 0.54941
vt 0.34821 0.55502
vt 0.34821 0.54941
vt 0.65128 0.55502
vt 0.24953 0.55502
vt 0.20143 0.54941
vt 0.20994 0.54941
vt 0.29823 0.56927
vt 0.20089 0.56927
vt 0.20089 0.56366
vt 0.24953 0.56927
vt 0.20143 0.56366
vt 0.20994 0.56366
vt 0.34821 0.56366
vt 0.34821 0.56927
vt 0.65128 0.56927
vt 0.29823 0.58488
vt 0.20089 0.58488
vt 0.20089 0.57927
vt 0.34821 0.58488
vt 0.34821 0.57927
vt 0.65128 0.58488
vt 0.24953 0.58488
vt 0.20143 0.57927
vt 0.20994 0.57927
vt 0.25864 0.59484
vt 0.20089 0.60045
vt 0.16184 0.59484
vt 0.20089 0.59484
vt 0.30913 0.59484
vt 0.34821 0.59484
vt 0.34872 0.59484
vt 0.20143 0.59484
vt 0.20994 0.59484
vt 0.29823 0.61621
vt 0.20089 0.61621
vt 0.20089 0.6106
vt 0.24953 0.61621
vt 0.24953 0.6106
vt 0.34821 0.6106
vt 0.34821 0.61621
vt 0.65128 0.61621
vt 0.29823 0.63183
vt 0.20089 0.63183
vt 0.20089 0.62622
vt 0.24953 0.63183
vt 0.24953 0.62622
vt 0.34821 0.63183
vt 0.34821 0.62622
vt 0.65128 0.63183
vt 0.29823 0.64676
vt 0.20089 0.64676
vt 0.20089 0.64114
vt 0.34821 0.64114
vt 0.34821 0.64676
vt 0.65128 0.64676
vt 0.24953 0.64676
vt 0.20143 0.64115
vt 0.20994 0.64114
vt 0.29823 0.66175
vt 0.20089 0.66175
vt 0.20089 0.65613
vt 0.34821 0.65613
vt 0.34821 0.66175
vt 0.65128 0.66175
vt 0.24953 0.66175
vt 0.24953 0.65613
vt 0.29823 0.67667
vt 0.20089 0.67667
vt 0.20089 0.67106
vt 0.24953 0.67667
vt 0.20143 0.67106
vt 0.20994 0.67106
vt 0.34821 0.67667
vt 0.34821 0.67106
vt 0.65128 0.67667
vt 0.29823 0.69166
vt 0.20089 0.69166
vt 0.20089 0.68605
vt 0.34821 0.68605
vt 0.34821 0.69166
vt 0.65128 0.69166
vt 0.24953 0.69166
vt 0.24953 0.68605
vt 0.29823 0.70664
vt 0.20089 0.70664
vt 0.20089 0.70103
vt 0.24953 0.70664
vt 0.24953 0.70103
vt 0.34821 0.70664
vt 0.34821 0.70103
vt 0.65128 0.70664
vt 0.29823 0.72167
vt 0.20089 0.72167
vt 0.20089 0.71606
vt 0.24953 0.72167
vt 0.24953 0.71606
vt 0.34821 0.72167
vt 0.34821 0.71606
vt 0.65128 0.72167
vt 0.29823 0.73657
vt 0.20089 0.73657
vt 0.20089 0.73096
vt 0.34821 0.73096
vt 0.34821 0.73657
vt 0.65128 0.73657
vt 0.24953 0.73657
vt 0.24953 0.73096
vt 0.70912 0.61835
vt 0.74136 0.62378
vt 0.70177 0.62397
vt 0.70341 0.55576
vt 0.74136 0.56128
vt 0.70177 0.55576
vt 0.70177 0.74411
vt 0.70177 0.68423
vt 0.70815 0.58697
vt 0.74136 0.59253
vt 0.70177 0.58697
vt 0.74136 0.5769
vt 0.70177 0.57762
vt 0.7061 0.51355
vt 0.74136 0.51869
vt 0.70177 0.51355
vt 0.70857 0.54229
vt 0.74136 0.54708
vt 0.70177 0.5479
vt 0.70774 0.70826
vt 0.74136 0.71355
vt 0.70177 0.71387
vt 0.70177 0.65435
vt 0.70177 0.72909
vt 0.7086 0.6635
vt 0.74136 0.66866
vt 0.70177 0.66911
vt 0.70809 0.6335
vt 0.74136 0.63874
vt 0.70177 0.63911
vt 0.70859 0.69342
vt 0.74136 0.69859
vt 0.70177 0.69903
vt 0.70904 0.60272
vt 0.74136 0.60815
vt 0.70177 0.60833
vt 0.75815 0.60272
vt 0.79857 0.60833
vt 0.79006 0.60809
vt 0.75047 0.60833
vt 0.7577 0.69342
vt 0.79857 0.69903
vt 0.79006 0.69853
vt 0.75047 0.69903
vt 0.75719 0.6335
vt 0.79857 0.63911
vt 0.79006 0.63868
vt 0.75047 0.63911
vt 0.7577 0.6635
vt 0.79857 0.66911
vt 0.79006 0.6686
vt 0.75047 0.66911
vt 0.75866 0.72348
vt 0.79857 0.72909
vt 0.79006 0.72845
vt 0.75047 0.72909
vt 0.79857 0.65435
vt 0.79006 0.65364
vt 0.75047 0.65435
vt 0.75685 0.70826
vt 0.79857 0.71387
vt 0.79006 0.71349
vt 0.75047 0.71387
vt 0.75767 0.54229
vt 0.79857 0.5479
vt 0.79006 0.54702
vt 0.75047 0.5479
vt 0.7552 0.51355
vt 0.79006 0.51863
vt 0.75047 0.51355
vt 0.78979 0.52859
vt 0.79006 0.53283
vt 0.79006 0.57201
vt 0.78979 0.57201
vt 0.79857 0.57201
vt 0.79006 0.57684
vt 0.75047 0.57762
vt 0.75726 0.58697
vt 0.79006 0.59247
vt 0.75047 0.58697
vt 0.75883 0.67862
vt 0.79857 0.68423
vt 0.79006 0.68357
vt 0.75047 0.68423
vt 0.79857 0.74411
vt 0.79006 0.74341
vt 0.75047 0.74411
vt 0.75251 0.55576
vt 0.79006 0.56122
vt 0.75047 0.55576
vt 0.75823 0.61835
vt 0.79857 0.62397
vt 0.79006 0.62372
vt 0.75047 0.62397
vt 0.75346 0.50621
vt 0.79006 0.51153
vt 0.75047 0.50621
vt 0.80854 0.5119
vt 0.80854 0.51182
vt 0.8381 0.51182
vt 0.70435 0.50621
vt 0.74136 0.51159
vt 0.70177 0.50621
vt 0.75892 0.52118
vt 0.79006 0.52119
vt 0.75047 0.52679
vt 0.70247 0.52679
vt 0.65878 0.5351
vt 0.757 0.5351
vt 0.75065 0.5342
vt 0.79857 0.54071
vt 0.79006 0.53992
vt 0.75047 0.5342
vt 0.70177 0.5342
vt 0.74136 0.53998
vt 0.70177 0.54071
vt 0.8061 0.5351
vt 0.7578 0.54941
vt 0.79857 0.55502
vt 0.79006 0.55412
vt 0.75047 0.55502
vt 0.70869 0.54941
vt 0.74136 0.55418
vt 0.70177 0.55502
vt 0.7582 0.56366
vt 0.79857 0.56927
vt 0.79006 0.56903
vt 0.75047 0.56927
vt 0.70909 0.56366
vt 0.74136 0.56909
vt 0.70177 0.56927
vt 0.75806 0.57927
vt 0.79857 0.58488
vt 0.79006 0.58466
vt 0.75047 0.58488
vt 0.70895 0.57927
vt 0.70177 0.58488
vt 0.75767 0.59484
vt 0.79006 0.60028
vt 0.75047 0.59484
vt 0.70856 0.59484
vt 0.74136 0.60034
vt 0.70177 0.59484
vt 0.75865 0.6106
vt 0.79857 0.61621
vt 0.79006 0.61591
vt 0.75047 0.61621
vt 0.70177 0.61621
vt 0.75861 0.62622
vt 0.79857 0.63183
vt 0.79006 0.6312
vt 0.75047 0.63183
vt 0.7095 0.62622
vt 0.74136 0.63126
vt 0.70177 0.63183
vt 0.75835 0.64115
vt 0.79857 0.64676
vt 0.79006 0.64616
vt 0.75047 0.64676
vt 0.70924 0.64115
vt 0.74136 0.64622
vt 0.70177 0.64676
vt 0.75853 0.65613
vt 0.79857 0.66175
vt 0.79006 0.66112
vt 0.75047 0.66175
vt 0.70943 0.65613
vt 0.74136 0.66118
vt 0.70177 0.66175
vt 0.75825 0.67106
vt 0.79857 0.67667
vt 0.79006 0.67609
vt 0.75047 0.67667
vt 0.70915 0.67106
vt 0.74136 0.67614
vt 0.70177 0.67667
vt 0.7585 0.68605
vt 0.79857 0.69166
vt 0.79006 0.69105
vt 0.75047 0.69166
vt 0.7094 0.68605
vt 0.74136 0.69111
vt 0.70177 0.69166
vt 0.75862 0.70103
vt 0.79857 0.70664
vt 0.79006 0.70601
vt 0.75047 0.70664
vt 0.70951 0.70103
vt 0.74136 0.70607
vt 0.70177 0.70664
vt 0.79857 0.72167
vt 0.79006 0.72097
vt 0.75047 0.72167
vt 0.70177 0.72167
vt 0.75862 0.73096
vt 0.79857 0.73657
vt 0.79006 0.73593
vt 0.75047 0.73657
vt 0.70951 0.73096
vt 0.74136 0.73599
vt 0.70177 0.73657
vt 0.80843 0.52859
vt 0.42618 0.0048
vt 0.47018 0.7452
vt 0.47018 1
vt 0.44502 0.25
vt 0.47773 0.06294
vt 0.47773 0.43796
vt 0.47773 1
vt 0.47773 0.01447
vt 0.47773 0.213
vt 0.44488 0.81294
vt 0.47773 0.81294
vt 0.47773 0.99961
vt 0.47773 0.02548
vt 0.47773 0.22401
vt 0.47773 0.04893
vt 0.44502 0.24745
vt 0.47773 0.24745
vt 0.47773 0.25172
vt 0.47773 0.44413
vt 0.47773 0.74293
vt 0.47773 0.2543
vt 0.47773 0.44671
vt 0.47773 0.06294
vt 0.47773 0.43777
vt 0.47773 0.74254
vt 0.44502 0.23533
vt 0.47773 0.23533
vt 0.47773 0.03681
vt 0.47773 0.04107
vt 0.44502 0.2396
vt 0.47773 0.2396
vt 0.47773 0.04188
vt 0.44502 0.2404
vt 0.47773 0.2404
vt 0.47773 0.00849
vt 0.47773 0.20702
vt 0.47773 0.01254
vt 0.44502 0.2429
vt 0.47773 0.2429
vt 0.47773 0.0362
vt 0.47773 0.43796
vt 0.44502 0.24204
vt 0.47773 0.24204
vt 0.47773 0.01168
vt 0.47773 0.00663
vt 0.47773 0.23699
vt 0.47773 0.0092
vt 0.47773 0.23956
vt 0.47773 0.01222
vt 0.44502 0.24258
vt 0.47773 0.24258
vt 0.47773 0.01542
vt 0.44502 0.24578
vt 0.47773 0.24578
vt 0.47773 0.01276
vt 0.44502 0.24313
vt 0.47773 0.24313
vt 0.47773 0.0299
vt 0.44502 0.24549
vt 0.47773 0.24549
vt 0.44502 0.23657
vt 0.47773 0.23657
vt 0.47773 0.02098
vt 0.47773 0.02825
vt 0.44502 0.24384
vt 0.47773 0.24384
vt 0.47773 0.03327
vt 0.44502 0.24887
vt 0.47773 0.24887
vt 0.47773 0.02945
vt 0.44502 0.24504
vt 0.47773 0.24504
vt 0.44502 0.2398
vt 0.47773 0.2398
vt 0.47773 0.02421
vt 0.44502 0.24327
vt 0.47773 0.24327
vt 0.47773 0.02767
vt 0.47773 0.03131
vt 0.44502 0.2469
vt 0.47773 0.2469
vt 0.47773 0.02925
vt 0.44502 0.24484
vt 0.47773 0.24484
vt 0.47773 0.02415
vt 0.44502 0.23974
vt 0.47773 0.23974
vt 0.47773 0.02996
vt 0.44502 0.24556
vt 0.47773 0.24556
vt 0.47773 0.01879
vt 0.44502 0.23439
vt 0.47773 0.23439
vt 0.47773 0.03291
vt 0.44502 0.2485
vt 0.47773 0.2485
vt 0.47773 0.03023
vt 0.44502 0.24582
vt 0.47773 0.24582
vt 0.47773 0.02996
vt 0.44502 0.24555
vt 0.47773 0.24555
vt 0.47773 0.0327
vt 0.44502 0.2483
vt 0.47773 0.2483
vt 0.47773 0.04893
vt 0.44502 0.24745
vt 0.47773 0.24745
usemtl mat1
f 21/33/21 22/34/22 23/35/23
f 24/36/24 25/37/25 26/38/26
f 27/39/27 28/40/28 29/41/29
f 30/42/30 31/43/31 32/44/32
f 29/41/29 33/45/33 34/46/34
f 35/47/35 30/48/30 36/49/36
f 36/49/36 37/50/37 38/51/38
f 39/52/39 31/53/31 40/54/40
f 37/55/37 32/44/32 41/56/41
f 42/57/42 43/58/43 22/34/22
f 44/59/44 33/60/33 28/40/28
f 45/61/45 44/59/44 27/39/27
f 34/46/34 46/62/46 47/63/47
f 48/64/48 26/38/26 49/65/49
f 50/66/50 51/67/51 52/68/52
f 53/69/53 54/70/54 55/71/55
f 56/72/56 57/73/57 58/74/58
f 59/75/59 60/76/60 61/77/61
f 62/78/62 63/79/63 64/80/64
f 65/81/65 62/78/62 66/82/66
f 67/83/67 57/84/57 68/85/68
f 69/86/69 70/87/70 71/87/71
f 72/88/72 73/89/73 74/90/74
f 75/91/75 76/92/76 77/93/77
f 78/94/78 79/95/79 80/96/80
f 81/97/81 41/98/41 82/99/82
f 83/100/83 84/101/84 46/102/46
f 85/103/85 83/104/83 86/105/86
f 87/106/87 88/107/88 89/108/89
f 90/109/90 91/110/91 92/111/92
f 93/112/93 94/113/94 95/114/95
f 96/115/96 97/116/97 98/117/98
f 99/118/99 100/119/100 101/120/101
f 102/121/102 103/122/103 104/122/104
f 105/123/105 106/124/106 107/125/107
f 108/126/108 93/112/93 109/127/109
f 110/128/110 111/129/111 112/130/112
f 113/131/113 106/132/106 114/133/114
f 26/134/26 115/135/115 49/136/49
f 24/137/24 116/138/116 117/139/117
f 43/140/43 23/141/23 22/142/22
f 118/143/118 119/144/119 78/145/78
f 42/146/42 120/147/120 118/143/118
f 25/37/25 121/148/121 26/134/26
f 117/139/117 122/149/122 25/37/25
f 123/150/123 124/151/124 48/152/48
f 79/153/79 125/154/125 80/155/80
f 126/156/126 23/35/23 127/157/127
f 128/158/128 129/159/129 82/99/82
f 130/160/130 129/159/129 131/161/131
f 132/162/132 40/163/40 31/164/31
f 133/165/133 134/166/134 47/63/47
f 135/167/135 136/168/136 137/169/137
f 138/170/138 40/54/40 139/171/139
f 140/121/140 141/172/141 142/172/142
f 143/173/143 36/49/36 144/174/144
f 29/41/29 145/175/145 146/176/146
f 147/177/147 29/41/29 148/178/148
f 149/179/149 150/180/150 151/181/151
f 150/180/150 152/182/152 153/183/153
f 154/184/154 155/185/155 156/186/156
f 71/87/71 157/187/157 158/188/158
f 159/189/159 160/190/160 161/191/161
f 162/192/162 163/193/163 164/194/164
f 165/195/165 166/196/166 167/197/167
f 168/198/168 169/199/169 170/200/170
f 171/201/171 169/199/169 172/202/172
f 173/203/173 160/204/160 174/205/174
f 175/206/175 176/207/176 177/208/177
f 178/209/178 179/210/179 180/211/180
f 181/212/181 182/213/182 183/214/183
f 184/215/184 185/216/185 186/217/186
f 187/218/187 188/219/188 189/220/189
f 190/221/190 191/222/191 192/223/192
f 193/224/193 176/225/176 194/226/194
f 195/227/195 184/215/184 196/228/196
f 197/229/197 198/230/198 199/231/199
f 200/232/200 201/233/201 202/234/202
f 203/235/203 204/236/204 205/237/205
f 206/238/206 207/239/207 114/240/114
f 142/172/142 208/241/208 209/241/209
f 113/242/113 210/243/210 211/244/211
f 212/245/212 213/246/213 214/247/214
f 215/248/215 212/245/212 216/249/216
f 217/250/217 218/251/218 219/252/219
f 220/253/220 221/254/221 218/251/218
f 190/255/190 207/256/207 194/257/194
f 222/258/222 223/259/223 224/260/224
f 225/261/225 226/262/226 227/263/227
f 228/264/228 229/265/229 230/266/230
f 231/267/231 223/268/223 232/269/232
f 233/270/233 234/271/234 235/272/235
f 236/273/236 237/274/237 238/275/238
f 239/276/239 236/273/236 240/277/240
f 241/278/241 242/279/242 243/280/243
f 244/281/244 245/282/245 246/283/246
f 247/284/247 248/285/248 249/286/249
f 250/287/250 251/288/251 252/289/252
f 253/290/253 254/291/254 255/292/255
f 126/293/126 256/294/256 257/295/257
f 258/296/258 259/297/259 260/298/260
f 261/299/261 262/300/262 127/301/127
f 263/302/263 250/287/250 264/303/264
f 265/304/265 266/305/266 267/306/267
f 233/307/233 262/308/262 232/309/232
f 99/310/99 268/311/268 107/312/107
f 269/313/269 270/314/270 271/315/271
f 272/316/272 273/317/273 274/318/274
f 275/319/275 268/320/268 224/321/224
f 222/322/222 276/323/276 277/324/277
f 278/325/278 279/326/279 280/327/280
f 281/328/281 278/325/278 282/329/282
f 283/296/283 284/330/284 285/330/285
f 286/331/286 287/332/287 288/333/288
f 289/334/289 290/335/290 291/336/291
f 292/337/292 293/338/293 294/339/294
f 295/340/295 296/341/296 297/342/297
f 296/341/296 298/343/298 299/344/299
f 300/345/300 301/346/301 302/347/302
f 303/348/303 293/349/293 304/350/304
f 305/351/305 306/352/306 307/353/307
f 308/354/308 309/355/309 310/356/310
f 311/357/311 312/358/312 313/359/313
f 314/360/314 315/361/315 316/362/316
f 317/363/317 318/364/318 319/365/319
f 320/366/320 321/367/321 322/368/322
f 323/369/323 321/367/321 324/370/324
f 325/371/325 326/372/326 327/373/327
f 328/374/328 329/375/329 330/376/330
f 331/377/331 332/378/332 333/379/333
f 334/363/334 335/380/335 336/380/336
f 337/381/337 338/382/338 339/383/339
f 340/384/340 341/385/341 342/386/342
f 343/387/343 340/384/340 344/388/344
f 345/389/345 332/390/332 346/391/346
f 143/392/143 347/393/347 139/394/139
f 348/395/348 349/396/349 350/397/350
f 349/396/349 351/398/351 352/399/352
f 292/400/292 353/401/353 354/402/354
f 285/330/285 355/403/355 356/404/356
f 357/405/357 347/406/347 294/407/294
f 358/408/358 359/409/359 360/410/360
f 361/411/361 362/412/362 363/413/363
f 364/414/364 365/415/365 366/416/366
f 367/417/367 365/415/365 368/418/368
f 154/419/154 369/420/369 161/421/161
f 370/422/370 371/423/371 372/424/372
f 373/425/373 374/426/374 375/427/375
f 376/428/376 377/429/377 378/430/378
f 379/431/379 380/432/380 381/433/381
f 382/434/382 369/435/369 346/436/346
f 345/437/345 383/438/383 384/439/384
f 385/440/385 386/441/386 387/442/387
f 388/443/388 385/440/385 389/444/389
f 390/445/390 391/446/391 392/447/392
f 391/446/391 393/448/393 394/449/394
f 67/450/67 395/451/395 396/452/396
f 336/380/336 397/453/397 398/454/398
f 399/455/399 400/456/400 68/457/68
f 401/458/401 402/459/402 403/460/403
f 404/461/404 405/462/405 406/463/406
f 407/464/407 408/465/408 409/466/409
f 410/467/410 411/468/411 412/469/412
f 413/470/413 414/471/414 415/472/415
f 337/473/337 400/474/400 333/475/333
f 416/476/416 417/477/417 418/478/418
f 419/479/419 420/480/420 421/481/421
f 422/482/422 423/483/423 424/484/424
f 425/485/425 426/486/426 427/487/427
f 428/488/428 429/489/429 174/490/174
f 430/470/430 431/491/431 432/491/432
f 173/492/173 433/493/433 434/494/434
f 435/495/435 436/496/436 437/497/437
f 438/498/438 435/495/435 439/499/439
f 300/500/300 429/501/429 304/502/304
f 59/503/59 440/504/440 58/505/58
f 441/506/441 442/507/442 443/508/443
f 444/509/444 445/510/445 446/511/446
f 447/512/447 448/513/448 449/514/449
f 448/513/448 450/515/450 451/516/451
f 175/517/175 452/518/452 453/519/453
f 454/520/454 455/521/455 456/522/456
f 457/523/457 440/524/440 177/525/177
f 458/526/458 459/527/459 460/528/460
f 461/529/461 462/530/462 463/531/463
f 464/532/464 465/533/465 466/534/466
f 467/520/467 468/535/468 469/535/469
f 470/536/470 471/537/471 472/538/472
f 473/539/473 474/540/474 475/541/475
f 432/491/432 476/542/476 477/543/477
f 478/544/478 479/545/479 480/545/480
f 481/546/481 482/547/482 483/548/483
f 484/549/484 485/550/485 486/551/486
f 487/544/487 488/552/488 489/552/489
f 490/553/490 491/554/491 492/555/492
f 493/556/493 494/557/494 495/558/495
f 469/535/469 496/559/496 497/559/497
f 498/560/498 499/561/499 500/562/500
f 501/563/501 502/564/502 503/565/503
f 504/566/504 505/567/505 261/299/261
f 506/568/506 507/569/507 231/267/231
f 508/563/508 509/570/509 510/570/510
f 511/571/511 512/572/512 513/573/513
f 489/552/489 514/574/514 515/574/515
f 516/575/516 517/576/517 193/224/193
f 518/577/518 519/578/519 520/579/520
f 521/580/521 522/581/522 39/52/39
f 80/155/80 523/582/523 43/140/43
f 78/145/78 524/583/524 123/150/123
f 510/570/510 525/584/525 526/585/526
f 527/586/527 528/587/528 105/123/105
f 82/99/82 32/588/32 39/52/39
f 118/589/118 80/96/80 43/58/43
f 529/590/529 530/591/530 531/592/531
f 532/593/532 533/594/533 534/594/534
f 535/595/535 41/56/41 84/101/84
f 38/51/38 535/596/535 85/103/85
f 463/531/463 536/597/536 537/598/537
f 538/599/538 539/600/539 441/506/441
f 424/484/424 540/601/540 541/602/541
f 542/603/542 543/604/543 416/476/416
f 544/593/544 545/605/545 546/605/546
f 406/463/406 547/606/547 548/607/548
f 549/608/549 550/609/550 407/464/407
f 378/430/378 551/610/551 552/611/552
f 553/612/553 554/613/554 370/422/370
f 363/413/363 555/614/555 556/615/556
f 557/616/557 558/617/558 559/618/559
f 327/373/327 560/619/560 561/620/561
f 562/621/562 563/622/563 564/623/564
f 546/605/546 565/624/565 566/624/566
f 310/356/310 567/625/567 568/626/568
f 569/627/569 570/628/570 311/357/311
f 271/315/271 571/629/571 572/630/572
f 573/631/573 574/632/574 286/331/286
f 267/306/267 575/633/575 576/634/576
f 577/635/577 244/281/244 578/636/578
f 579/637/579 243/280/243 227/263/227
f 202/234/202 580/638/580 581/639/581
f 582/640/582 220/253/220 583/641/583
f 199/231/199 584/642/584 585/643/585
f 586/644/586 178/209/178 587/645/587
f 588/646/588 589/647/589 590/648/590
f 167/197/167 591/649/591 592/650/592
f 593/651/593 594/652/594 595/653/595
f 47/63/47 596/654/596 597/655/597
f 598/656/598 599/657/599 81/97/81
f 600/646/600 601/658/601 602/658/602
f 48/152/48 603/659/603 24/137/24
f 49/136/49 604/660/604 79/153/79
f 112/130/112 605/661/605 606/662/606
f 607/663/607 87/106/87 608/664/608
f 86/105/86 609/665/609 45/61/45
f 609/666/609 46/102/46 33/60/33
f 610/667/610 611/668/611 612/668/612
f 52/68/52 613/669/613 614/670/614
f 615/671/615 616/672/616 72/88/72
f 123/673/123 49/65/49 79/95/79
f 47/63/47 84/674/84 81/97/81
f 115/135/115 617/675/617 618/676/618
f 244/281/244 604/660/604 619/677/619
f 523/582/523 620/678/620 621/679/621
f 622/680/622 623/681/623 624/682/624
f 624/682/624 625/683/625 622/680/622
f 626/667/626 627/684/627 628/684/628
f 629/685/629 267/306/267 115/135/115
f 630/686/630 116/138/116 631/687/631
f 523/582/523 127/301/127 23/141/23
f 602/658/602 632/688/632 633/689/633
f 21/690/21 257/295/257 120/147/120
f 634/691/634 635/692/635 636/693/636
f 116/138/116 252/289/252 122/149/122
f 604/660/604 637/694/637 638/695/638
f 639/696/639 624/682/624 640/697/640
f 641/698/641 127/157/127 262/308/262
f 227/263/227 642/699/642 643/700/643
f 577/635/577 266/305/266 644/701/644
f 645/702/645 646/703/646 231/267/231
f 647/704/647 232/309/232 223/259/223
f 648/705/648 649/706/649 242/279/242
f 650/707/650 649/706/649 651/708/651
f 628/684/628 652/709/652 653/710/653
f 654/711/654 240/277/240 251/288/251
f 240/277/240 655/712/655 656/713/656
f 641/714/641 235/272/235 256/294/256
f 657/715/657 658/716/658 659/717/659
f 505/567/505 232/269/232 262/300/262
f 660/718/660 661/719/661 662/720/662
f 663/721/663 664/722/664 227/263/227
f 665/723/665 666/724/666 226/262/226
f 667/725/667 668/726/668 288/333/288
f 669/715/669 670/727/670 671/727/671
f 672/728/672 673/729/673 275/319/275
f 674/730/674 675/731/675 676/732/676
f 677/733/677 678/734/678 679/735/679
f 680/736/680 282/329/282 236/273/236
f 681/737/681 236/273/236 282/329/282
f 647/738/647 277/324/277 234/271/234
f 507/569/507 224/321/224 223/268/223
f 680/736/680 682/739/682 683/740/683
f 684/741/684 685/742/685 572/630/572
f 686/743/686 224/260/224 268/311/268
f 112/130/112 687/744/687 271/315/271
f 688/745/688 689/746/689 87/106/87
f 690/747/690 691/748/691 105/123/105
f 692/749/692 107/312/107 106/132/106
f 693/750/693 694/751/694 112/130/112
f 695/752/695 696/753/696 697/754/697
f 500/562/500 107/125/107 268/320/268
f 671/727/671 698/755/698 699/756/699
f 686/757/686 101/120/101 276/323/276
f 95/114/95 700/758/700 701/759/701
f 702/760/702 95/114/95 278/325/278
f 87/106/87 703/761/703 286/331/286
f 704/762/704 705/763/705 706/764/706
f 583/641/583 707/765/707 111/129/111
f 708/766/708 709/767/709 220/253/220
f 710/768/710 711/769/711 206/238/206
f 220/253/220 712/770/712 607/663/607
f 713/771/713 714/772/714 715/773/715
f 716/774/716 216/249/216 94/113/94
f 216/249/216 717/775/717 718/776/718
f 692/777/692 211/244/211 100/119/100
f 719/778/719 720/779/720 721/779/721
f 528/587/528 114/240/114 106/124/106
f 722/780/722 723/781/723 724/782/724
f 725/783/725 726/784/726 583/641/583
f 727/785/727 114/133/114 207/256/207
f 199/231/199 728/786/728 202/234/202
f 729/787/729 730/788/730 178/209/178
f 731/789/731 732/790/732 193/224/193
f 733/778/733 734/791/734 735/791/735
f 736/792/736 194/257/194 176/207/176
f 737/793/737 738/794/738 199/231/199
f 739/795/739 740/796/740 741/797/741
f 513/573/513 194/226/194 207/239/207
f 727/798/727 192/223/192 210/243/210
f 186/217/186 742/799/742 743/800/743
f 744/801/744 186/217/186 212/245/212
f 178/209/178 745/802/745 746/803/746
f 747/804/747 748/805/748 749/806/749
f 198/230/198 750/807/750 751/808/751
f 443/508/443 586/644/586 752/809/752
f 753/810/753 457/523/457 517/576/517
f 754/811/754 537/598/537 198/230/198
f 755/812/755 756/813/756 757/814/757
f 517/576/517 177/525/177 176/225/176
f 735/791/735 758/815/758 759/815/759
f 736/816/736 453/519/453 191/222/191
f 760/817/760 761/818/761 762/819/762
f 756/813/756 449/514/449 185/216/185
f 763/820/763 764/821/764 765/822/765
f 586/644/586 766/823/766 767/824/767
f 768/825/768 769/826/769 770/827/770
f 771/828/771 177/208/177 440/504/440
f 614/670/614 772/829/772 463/531/463
f 773/830/773 774/831/774 74/90/74
f 775/820/775 776/832/776 777/832/777
f 778/833/778 779/834/779 56/72/56
f 780/835/780 58/505/58 57/84/57
f 781/836/781 782/837/782 783/838/783
f 784/839/784 782/837/782 785/840/785
f 786/841/786 66/82/66 448/513/448
f 66/82/66 787/842/787 788/843/788
f 771/844/771 61/77/61 452/518/452
f 789/845/789 790/846/790 791/847/791
f 466/534/466 58/74/58 440/524/440
f 792/848/792 793/849/793 794/850/794
f 795/851/795 796/852/796 614/670/614
f 548/607/548 797/853/797 52/68/52
f 798/854/798 799/855/799 409/466/409
f 800/845/800 801/856/801 802/856/802
f 803/857/803 804/858/804 399/455/399
f 777/832/777 805/859/805 806/859/806
f 807/860/807 808/861/808 809/862/809
f 810/863/810 808/861/808 811/864/811
f 812/865/812 813/866/813 548/607/548
f 814/867/814 815/868/815 816/869/816
f 531/592/531 68/457/68 57/73/57
f 780/870/780 396/452/396 60/76/60
f 392/447/392 817/871/817 818/872/818
f 819/873/819 392/447/392 62/78/62
f 820/874/820 68/85/68 400/474/400
f 561/620/561 821/875/821 406/463/406
f 822/876/822 823/877/823 824/878/824
f 825/879/825 826/880/826 331/377/331
f 827/881/827 333/475/333 332/390/332
f 828/882/828 344/388/344 391/446/391
f 344/388/344 829/883/829 830/884/830
f 820/885/820 339/383/339 395/451/395
f 802/856/802 831/886/831 832/887/832
f 475/541/475 333/379/333 400/456/400
f 833/888/833 834/889/834 835/890/835
f 836/891/836 837/892/837 561/620/561
f 824/878/824 838/893/838 407/464/407
f 839/894/839 840/895/840 841/896/841
f 552/611/552 842/897/842 327/373/327
f 843/898/843 844/899/844 372/424/372
f 845/900/845 846/901/846 382/434/382
f 847/902/847 389/444/389 340/384/340
f 389/444/389 848/903/848 849/904/849
f 827/905/827 384/439/384 338/382/338
f 492/555/492 346/436/346 332/378/332
f 850/906/850 851/907/851 852/908/852
f 853/909/853 854/910/854 552/611/552
f 855/911/855 856/912/856 857/913/857
f 858/914/858 856/912/856 859/915/859
f 860/916/860 861/917/861 862/918/862
f 863/919/863 346/391/346 369/420/369
f 592/650/592 864/920/864 378/430/378
f 865/921/865 866/922/866 867/923/867
f 868/916/868 869/924/869 870/924/870
f 871/925/871 872/926/872 159/189/159
f 873/927/873 161/421/161 160/204/160
f 867/923/867 874/928/874 370/422/370
f 875/929/875 876/930/876 877/931/877
f 878/932/878 879/933/879 592/650/592
f 880/934/880 881/935/881 882/936/882
f 483/548/483 161/191/161 369/435/369
f 863/937/863 156/186/156 383/438/383
f 151/181/151 883/938/883 884/939/884
f 885/940/885 151/181/151 385/440/385
f 870/924/870 886/941/886 887/942/887
f 541/602/541 888/943/888 167/197/167
f 889/944/889 890/945/890 418/478/418
f 891/946/891 892/947/892 428/488/428
f 893/948/893 894/949/894 895/949/895
f 896/950/896 439/499/439 150/180/150
f 439/499/439 897/951/897 898/952/898
f 873/953/873 434/494/434 155/185/155
f 899/948/899 900/954/900 901/954/901
f 520/579/520 174/490/174 160/190/160
f 902/955/902 903/956/903 904/957/904
f 905/958/905 906/959/906 541/602/541
f 907/960/907 908/961/908 909/962/909
f 910/963/910 908/961/908 911/964/911
f 912/965/912 174/205/174 429/501/429
f 568/626/568 913/966/913 424/484/424
f 914/967/914 915/968/915 313/359/313
f 916/969/916 917/970/917 303/348/303
f 918/971/918 304/502/304 293/338/293
f 901/954/901 919/972/919 920/972/920
f 921/973/921 922/974/922 923/975/923
f 924/976/924 922/974/922 925/977/925
f 926/978/926 927/979/927 568/626/568
f 928/980/928 929/981/929 930/982/930
f 472/538/472 304/350/304 429/489/429
f 912/983/912 302/347/302 433/493/433
f 297/342/297 931/984/931 932/985/932
f 933/986/933 297/342/297 435/495/435
f 556/615/556 934/987/934 310/356/310
f 935/988/935 936/989/936 937/990/937
f 938/991/938 939/992/939 357/405/357
f 940/993/940 941/994/941 942/995/942
f 943/996/943 941/994/941 944/997/944
f 945/998/945 946/999/946 556/615/556
f 947/1000/947 948/1001/948 949/1002/949
f 495/558/495 294/407/294 293/349/293
f 918/1003/918 354/402/354 301/346/301
f 350/397/350 950/1004/950 951/1005/951
f 952/1006/952 350/397/350 296/341/296
f 953/1007/953 294/339/294 347/393/347
f 597/655/597 954/1008/954 363/413/363
f 955/1009/955 956/1010/956 957/1011/957
f 958/1012/958 959/1013/959 138/170/138
f 35/1014/35 139/394/139 40/163/40
f 960/1015/960 148/178/148 349/396/349
f 148/178/148 961/1016/961 962/1017/962
f 953/1018/953 144/174/144 353/401/353
f 486/551/486 139/171/139 347/406/347
f 963/1019/963 964/1020/964 965/1021/965
f 966/1022/966 967/1023/967 597/655/597
f 968/1024/968 969/1025/969 970/1026/970
f 971/1027/971 969/1025/969 972/1028/972
f 973/1029/973 974/1030/974 61/77/61
f 60/76/60 975/1031/975 61/77/61
f 976/1032/976 977/1033/977 60/76/60
f 978/1034/978 974/1030/974 979/1035/979
f 980/1036/980 981/1037/981 982/1038/982
f 983/1039/983 984/1040/984 985/1041/985
f 986/1042/986 987/1043/987 985/1041/985
f 988/1044/988 989/1045/989 990/1046/990
f 988/1044/988 984/1040/984 991/1047/991
f 992/1048/992 993/1049/993 994/1050/994
f 995/1051/995 996/1052/996 994/1050/994
f 997/1053/997 998/1054/998 999/1055/999
f 1000/1056/1000 997/1053/997 993/1049/993
f 1001/1057/1001 1002/1058/1002 101/120/101
f 100/119/100 1003/1059/1003 101/120/101
f 1004/1060/1004 1005/1061/1005 100/119/100
f 1006/1062/1006 1002/1058/1002 1007/1063/1007
f 1008/1064/1008 1009/1065/1009 1010/1066/1010
f 1011/1067/1011 1012/1068/1012 1013/1069/1013
f 85/103/85 1014/1070/1014 1015/1071/1015
f 86/105/86 1016/1072/1016 1017/1073/1017
f 86/105/86 1011/1067/1011 1018/1074/1018
f 1019/1075/1019 1020/1076/1020 144/174/144
f 36/49/36 1021/1077/1021 144/174/144
f 1022/1078/1022 1023/1079/1023 36/49/36
f 1024/1080/1024 1020/1076/1020 1025/1081/1025
f 1026/1082/1026 38/51/38 1027/1083/1027
f 1028/1084/1028 1029/1085/1029 156/186/156
f 155/185/155 1030/1086/1030 156/186/156
f 1031/1087/1031 1032/1088/1032 155/185/155
f 1033/1089/1033 1029/1085/1029 1034/1090/1034
f 1035/1091/1035 1036/1092/1036 1037/1093/1037
f 1038/1094/1038 1039/1095/1039 1040/1096/1040
f 1041/1097/1041 1042/1098/1042 1043/1099/1043
f 1044/1100/1044 1045/1101/1045 1046/1102/1046
f 1044/1100/1044 1038/1094/1038 1047/1103/1047
f 1048/1104/1048 1049/1105/1049 1050/1106/1050
f 1051/1107/1051 1052/1108/1052 1050/1106/1050
f 1053/1109/1053 1054/1110/1054 1055/1111/1055
f 1056/1112/1056 1053/1109/1053 1049/1105/1049
f 1057/1113/1057 1058/1114/1058 192/223/192
f 191/222/191 1059/1115/1059 192/223/192
f 1060/1116/1060 1061/1117/1061 191/222/191
f 1062/1118/1062 1058/1114/1058 1063/1119/1063
f 1064/1120/1064 1065/1121/1065 1066/1122/1066
f 211/244/211 1067/1123/1067 1068/1124/1068
f 210/243/210 1069/1125/1069 211/244/211
f 1070/1126/1070 1071/1127/1071 210/243/210
f 1072/1128/1072 1067/1123/1067 1073/1129/1073
f 1074/1130/1074 1075/1131/1075 1076/1132/1076
f 1077/1133/1077 1078/1134/1078 1079/1135/1079
f 1080/1136/1080 1081/1137/1081 1077/1133/1077
f 1082/1138/1082 1083/1139/1083 1084/1140/1084
f 1082/1138/1082 1079/1135/1079 1085/1141/1085
f 235/272/235 1086/1142/1086 1087/1143/1087
f 234/271/234 1088/1144/1088 235/272/235
f 1089/1145/1089 1090/1146/1090 1091/1147/1091
f 1092/1148/1092 1086/1142/1086 1093/1149/1093
f 1094/1150/1094 1095/1151/1095 1096/1152/1096
f 1097/1153/1097 1098/1154/1098 1094/1150/1094
f 1099/1155/1099 1100/1156/1100 1101/1157/1101
f 1102/1158/1102 1103/1159/1103 1104/1160/1104
f 1105/1161/1105 1099/1155/1099 1096/1152/1096
f 1106/1162/1106 1107/1163/1107 1108/1164/1108
f 1109/1165/1109 1110/1166/1110 1108/1164/1108
f 1111/1167/1111 1112/1168/1112 1113/1169/1113
f 1114/1170/1114 1111/1167/1111 1107/1163/1107
f 1115/1171/1115 1116/1172/1116 257/295/257
f 256/294/256 1117/1173/1117 257/295/257
f 1118/1174/1118 1119/1175/1119 256/294/256
f 1120/1176/1120 1116/1172/1116 1121/1177/1121
f 1122/1178/1122 1123/1179/1123 1124/1180/1124
f 1125/1181/1125 1126/1182/1126 277/324/277
f 276/323/276 1127/1183/1127 277/324/277
f 1128/1184/1128 1129/1185/1129 276/323/276
f 1130/1186/1130 1126/1182/1126 1131/1187/1131
f 1132/1188/1132 1133/1189/1133 1134/1190/1134
f 1135/1191/1135 1136/1192/1136 1137/1193/1137
f 1138/1194/1138 1139/1195/1139 1137/1193/1137
f 1140/1196/1140 1141/1197/1141 1142/1198/1142
f 1140/1196/1140 1136/1192/1136 1143/1199/1143
f 1144/1200/1144 1145/1201/1145 302/347/302
f 302/347/302 1146/1202/1146 1147/1203/1147
f 1148/1204/1148 1146/1202/1146 301/346/301
f 1149/1205/1149 1145/1201/1145 1150/1206/1150
f 1151/1207/1151 1152/1208/1152 1153/1209/1153
f 1154/1210/1154 1155/1211/1155 1156/1212/1156
f 1157/1213/1157 1158/1214/1158 1156/1212/1156
f 1159/1215/1159 1160/1216/1160 1161/1217/1161
f 1159/1215/1159 1155/1211/1155 1162/1218/1162
f 1163/1219/1163 1164/1220/1164 1165/1221/1165
f 1166/1222/1166 1167/1223/1167 1168/1224/1168
f 1169/1225/1169 1170/1226/1170 1171/1227/1171
f 1169/1225/1169 1163/1219/1163 1172/1228/1172
f 1173/1229/1173 1174/1230/1174 339/383/339
f 339/383/339 733/778/733 735/791/735
f 1175/1231/1175 733/778/733 338/382/338
f 1176/1232/1176 1174/1230/1174 1177/1233/1177
f 1178/1234/1178 1179/1235/1179 1180/1236/1180
f 1181/1237/1181 1182/1238/1182 354/402/354
f 354/402/354 626/667/626 628/684/628
f 1183/1239/1183 626/667/626 353/401/353
f 1184/1240/1184 1182/1238/1182 1185/1241/1185
f 1186/1242/1186 1187/1243/1187 1188/1244/1188
f 1189/1245/1189 1190/1246/1190 1191/1247/1191
f 1192/1248/1192 1193/1249/1193 1194/1250/1194
f 1195/1251/1195 1196/1252/1196 1197/1253/1197
f 1195/1251/1195 1189/1245/1189 1198/1254/1198
f 1199/1255/1199 1200/1256/1200 1201/1257/1201
f 1202/1258/1202 1203/1259/1203 1201/1257/1201
f 1204/1260/1204 1205/1261/1205 1206/1262/1206
f 1204/1260/1204 1200/1256/1200 1207/1263/1207
f 1208/1264/1208 1209/1265/1209 384/439/384
f 383/438/383 142/172/142 384/439/384
f 1210/1266/1210 140/121/140 383/438/383
f 1211/1267/1211 1209/1265/1209 1212/1268/1212
f 1213/1269/1213 1214/1270/1214 1215/1271/1215
f 1216/1272/1216 1217/1273/1217 396/452/396
f 395/451/395 1218/1274/1218 396/452/396
f 1219/1275/1219 1220/1276/1220 395/451/395
f 1221/1277/1221 1217/1273/1217 1222/1278/1222
f 1223/1279/1223 1224/1280/1224 1225/1281/1225
f 1226/1282/1226 1227/1283/1227 1228/1284/1228
f 1229/1285/1229 1230/1286/1230 1228/1284/1228
f 1231/1287/1231 1232/1288/1232 1233/1289/1233
f 1231/1287/1231 1227/1283/1227 1234/1290/1234
f 1235/1291/1235 1236/1292/1236 1237/1293/1237
f 1238/1294/1238 1239/1295/1239 1237/1293/1237
f 1240/1296/1240 1241/1297/1241 1242/1298/1242
f 1240/1296/1240 1236/1292/1236 1243/1299/1243
f 1244/1300/1244 1245/1301/1245 434/494/434
f 434/494/434 1246/1302/1246 1247/1303/1247
f 1248/1304/1248 1246/1302/1246 433/493/433
f 1249/1305/1249 1245/1301/1245 1250/1306/1250
f 1251/1307/1251 1252/1308/1252 1253/1309/1253
f 1254/1310/1254 1255/1311/1255 1256/1312/1256
f 1257/1313/1257 1258/1314/1258 1256/1312/1256
f 1259/1315/1259 1260/1316/1260 1261/1317/1261
f 1259/1315/1259 1255/1311/1255 1262/1318/1262
f 1263/1319/1263 1264/1320/1264 453/519/453
f 452/518/452 1265/1321/1265 453/519/453
f 1266/1322/1266 1267/1323/1267 452/518/452
f 1268/1324/1268 1264/1320/1264 1269/1325/1269
f 1270/1326/1270 1271/1327/1271 1272/1328/1272
f 1273/1329/1273 1256/1312/1256 1264/1320/1264
f 1274/1330/1274 1264/1320/1264 1275/1331/1275
f 1257/1313/1257 1276/1332/1276 1277/1333/1277
f 1257/1313/1257 1256/1312/1256 1278/1334/1278
f 1279/1335/1279 1237/1293/1237 1245/1301/1245
f 1280/1336/1280 1245/1301/1245 1281/1337/1281
f 1238/1294/1238 1282/1338/1282 1283/1339/1283
f 1238/1294/1238 1237/1293/1237 1284/1340/1284
f 1285/1341/1285 1228/1284/1228 1217/1273/1217
f 1286/1342/1286 1217/1273/1217 1287/1343/1287
f 1229/1285/1229 1288/1344/1288 1289/1345/1289
f 1229/1285/1229 1228/1284/1228 1290/1346/1290
f 1291/1347/1291 1201/1257/1201 1209/1265/1209
f 1292/1348/1292 1209/1265/1209 1293/1349/1293
f 1202/1258/1202 1294/1350/1294 1295/1351/1295
f 1202/1258/1202 1201/1257/1201 1296/1352/1296
f 1297/1353/1297 1298/1354/1298 1182/1238/1182
f 1299/1355/1299 1182/1238/1182 1300/1356/1300
f 1192/1248/1192 1301/1357/1301 1302/1358/1302
f 1192/1248/1192 1298/1354/1298 1303/1359/1303
f 1304/1360/1304 1305/1361/1305 1306/1362/1306
f 1307/1363/1307 1174/1230/1174 1308/1364/1308
f 1166/1222/1166 1309/1365/1309 1310/1366/1310
f 1166/1222/1166 1304/1360/1304 1311/1367/1311
f 1312/1368/1312 1156/1212/1156 1145/1201/1145
f 1313/1369/1313 1145/1201/1145 1314/1370/1314
f 1157/1213/1157 1315/1371/1315 1316/1372/1316
f 1157/1213/1157 1156/1212/1156 1317/1373/1317
f 1318/1374/1318 1137/1193/1137 1126/1182/1126
f 1319/1375/1319 1126/1182/1126 1320/1376/1320
f 1138/1194/1138 1321/1377/1321 1322/1378/1322
f 1138/1194/1138 1137/1193/1137 1323/1379/1323
f 1324/1380/1324 1108/1164/1108 1116/1172/1116
f 1325/1381/1325 1326/1382/1326 1327/1383/1327
f 1109/1165/1109 1328/1384/1328 1329/1385/1329
f 1330/1386/1330 1109/1165/1109 1108/1164/1108
f 1087/1143/1087 1331/1387/1331 1094/1150/1094
f 1332/1388/1332 1333/1389/1333 1334/1390/1334
f 1335/1391/1335 1336/1392/1336 1337/1393/1337
f 1338/1394/1338 1339/1395/1339 1102/1158/1102
f 1340/1396/1340 1102/1158/1102 1094/1150/1094
f 1068/1124/1068 1341/1397/1341 1077/1133/1077
f 1342/1398/1342 1075/1131/1075 1074/1130/1074
f 1343/1399/1343 1344/1400/1344 1345/1401/1345
f 1343/1399/1343 1077/1133/1077 1346/1402/1346
f 1347/1403/1347 1050/1106/1050 1058/1114/1058
f 1348/1404/1348 1349/1405/1349 1350/1406/1350
f 1051/1107/1051 1351/1407/1351 1352/1408/1352
f 1353/1409/1353 1051/1107/1051 1050/1106/1050
f 1354/1410/1354 1355/1411/1355 1029/1085/1029
f 1356/1412/1356 1029/1085/1029 1357/1413/1357
f 1041/1097/1041 1358/1414/1358 1359/1415/1359
f 1041/1097/1041 1355/1411/1355 1360/1416/1360
f 1361/1417/1361 1362/1418/1362 1363/1419/1363
f 1364/1420/1364 1020/1076/1020 1365/1421/1365
f 85/103/85 1366/1422/1366 1367/1423/1367
f 85/103/85 1361/1417/1361 1368/1424/1368
f 1369/1425/1369 994/1050/994 1002/1058/1002
f 1370/1426/1370 1371/1427/1371 1372/1428/1372
f 995/1051/995 1373/1429/1373 1374/1430/1374
f 1375/1431/1375 995/1051/995 994/1050/994
f 1376/1432/1376 985/1041/985 974/1030/974
f 1377/1433/1377 974/1030/974 1378/1434/1378
f 986/1042/986 1379/1435/1379 1380/1436/1380
f 986/1042/986 985/1041/985 1381/1437/1381
f 1382/1438/1382 458/526/458 1255/1311/1255
f 1259/1315/1259 602/658/602 1255/1311/1255
f 1383/1439/1383 600/646/600 1259/1315/1259
f 459/527/459 458/526/458 1384/1440/1384
f 1385/1441/1385 792/848/792 1386/1442/1386
f 1387/1443/1387 425/485/425 1236/1292/1236
f 1236/1292/1236 508/563/508 510/570/510
f 1388/1444/1388 508/563/508 1240/1296/1240
f 426/486/426 425/485/425 1389/1445/1389
f 1390/1446/1390 928/980/928 1391/1447/1391
f 1392/1448/1392 401/458/401 1227/1283/1227
f 1231/1287/1231 336/380/336 1227/1283/1227
f 1393/1449/1393 334/363/334 1231/1287/1231
f 402/459/402 401/458/401 1394/1450/1394
f 1395/1451/1395 833/888/833 1396/1452/1396
f 1397/1453/1397 379/431/379 1200/1256/1200
f 1204/1260/1204 71/87/71 1200/1256/1200
f 1398/1454/1398 69/86/69 1204/1260/1204
f 380/432/380 379/431/379 1399/1455/1399
f 1400/1456/1400 880/934/880 1401/1457/1401
f 1402/1458/1402 358/408/358 1189/1245/1189
f 1189/1245/1189 1403/1459/1403 1404/1460/1404
f 1405/1461/1405 1403/1459/1403 1195/1251/1195
f 359/409/359 358/408/358 1406/1462/1406
f 1407/1463/1407 963/1019/963 1408/1464/1408
f 1409/1465/1409 328/374/328 1163/1219/1163
f 1163/1219/1163 1410/1466/1410 1411/1467/1411
f 1412/1468/1412 1410/1466/1410 1169/1225/1169
f 329/375/329 328/374/328 1413/1469/1413
f 1414/1470/1414 850/906/850 1415/1471/1415
f 1416/1472/1416 305/351/305 1155/1211/1155
f 1155/1211/1155 1417/1473/1417 1418/1474/1418
f 1419/1475/1419 1417/1473/1417 1159/1215/1159
f 306/352/306 305/351/305 1420/1476/1420
f 1421/1477/1421 947/1000/947 1422/1478/1422
f 1423/1479/1423 272/316/272 1136/1192/1136
f 1140/1196/1140 1424/1480/1424 1136/1192/1136
f 1425/1481/1425 1426/1482/1426 1140/1196/1140
f 273/317/273 272/316/272 1427/1483/1427
f 1428/1484/1428 695/752/695 1429/1485/1429
f 1430/1486/1430 1431/1487/1431 1107/1163/1107
f 1111/1167/1111 1432/1488/1432 1107/1163/1107
f 1433/1489/1433 1434/1490/1434 1111/1167/1111
f 1435/1491/1435 1431/1487/1431 1436/1492/1436
f 1437/1493/1437 660/718/660 1438/1494/1438
f 1096/1152/1096 1439/1495/1439 228/264/228
f 1099/1155/1099 1440/1496/1440 1096/1152/1096
f 1441/1497/1441 1442/1498/1442 1443/1499/1443
f 229/265/229 1439/1495/1439 1444/1500/1444
f 1079/1135/1079 1445/1501/1445 203/235/203
f 1082/1138/1082 1446/1502/1446 1079/1135/1079
f 1447/1503/1447 1448/1504/1448 1082/1138/1082
f 204/236/204 1445/1501/1445 1449/1505/1449
f 739/795/739 1450/1506/1450 1451/1507/1451
f 1452/1508/1452 1453/1509/1453 1049/1105/1049
f 1053/1109/1053 1454/1510/1454 1049/1105/1049
f 1455/1511/1455 1456/1512/1456 1053/1109/1053
f 1457/1513/1457 1453/1509/1453 1458/1514/1458
f 1459/1515/1459 1460/1516/1460 1461/1517/1461
f 1462/1518/1462 162/192/162 1038/1094/1038
f 1044/1100/1044 1463/1519/1463 1038/1094/1038
f 1464/1520/1464 1465/1521/1465 1044/1100/1044
f 163/193/163 162/192/162 1466/1522/1466
f 1467/1523/1467 902/955/902 1468/1524/1468
f 1469/1525/1469 135/167/135 1011/1067/1011
f 86/105/86 1470/1526/1470 1011/1067/1011
f 1471/1527/1471 1472/1528/1472 86/105/86
f 136/168/136 135/167/135 1473/1529/1473
f 1474/1530/1474 45/61/45 1475/1531/1475
f 1476/1532/1476 1477/1533/1477 993/1049/993
f 997/1053/997 1478/1534/1478 993/1049/993
f 1479/1535/1479 1480/1536/1480 997/1053/997
f 1481/1537/1481 1477/1533/1477 1482/1538/1482
f 1483/1539/1483 722/780/722 1484/1540/1484
f 1485/1541/1485 53/69/53 984/1040/984
f 988/1044/988 1486/1542/1486 984/1040/984
f 1487/1543/1487 1488/1544/1488 988/1044/988
f 54/70/54 53/69/53 1489/1545/1489
f 1490/1546/1490 814/867/814 1491/1547/1491
f 1492/1548/1492 603/659/603 124/151/124
f 1107/1163/1107 1493/1549/1493 124/151/124
f 1494/1550/1494 1495/1551/1495 1107/1163/1107
f 1496/1552/1496 603/659/603 1497/1553/1497
f 1498/1554/1498 1431/1487/1431 1499/1555/1499
f 1500/1556/1500 524/583/524 119/144/119
f 1501/1557/1501 1502/1558/1502 1503/1559/1503
f 1108/1164/1108 1504/1560/1504 1505/1561/1505
f 1506/1562/1506 1108/1164/1108 524/583/524
f 1507/1563/1507 119/144/119 120/147/120
f 257/295/257 1508/1564/1508 120/147/120
f 1509/1565/1509 1510/1566/1510 257/295/257
f 1511/1567/1511 119/144/119 1512/1568/1512
f 1513/1569/1513 1116/1172/1116 1514/1570/1514
f 1515/1571/1515 124/151/124 524/583/524
f 1108/1164/1108 1516/1572/1516 524/583/524
f 1107/1163/1107 1517/1573/1517 1518/1574/1518
f 1519/1575/1519 1107/1163/1107 124/151/124
f 1520/1576/1520 660/718/660 1111/1167/1111
f 1096/1152/1096 1521/1577/1521 1111/1167/1111
f 1522/1578/1522 1523/1579/1523 1096/1152/1096
f 661/719/661 660/718/660 1524/1580/1524
f 1525/1581/1525 228/264/228 1526/1582/1526
f 1527/1583/1527 1109/1165/1109 1123/1179/1123
f 1528/1584/1528 1529/1585/1529 1530/1586/1530
f 1094/1150/1094 1531/1587/1531 1532/1588/1532
f 1094/1150/1094 1109/1165/1109 1533/1589/1533
f 1111/1167/1111 1534/1590/1534 1535/1591/1535
f 1094/1150/1094 1536/1592/1536 1537/1593/1537
f 1538/1594/1538 1536/1592/1536 1094/1150/1094
f 1539/1595/1539 1540/1596/1540 1096/1152/1096
f 1541/1597/1541 1123/1179/1123 256/294/256
f 235/272/235 901/954/901 256/294/256
f 1542/1598/1542 899/948/899 235/272/235
f 1543/1599/1543 1123/1179/1123 1544/1600/1544
f 1545/1601/1545 1087/1143/1087 1546/1602/1546
f 1099/1155/1099 1547/1603/1547 1548/1604/1548
f 1136/1192/1136 802/856/802 1099/1155/1099
f 1549/1605/1549 800/845/800 1136/1192/1136
f 1550/1606/1550 1551/1607/1551 1552/1608/1552
f 1553/1609/1553 272/316/272 1554/1610/1554
f 1555/1611/1555 1556/1612/1556 1557/1613/1557
f 1558/1614/1558 1102/1158/1102 1339/1395/1339
f 1559/1615/1559 1560/1616/1560 1561/1617/1561
f 1137/1193/1137 1562/1618/1562 1563/1619/1563
f 1564/1620/1564 1565/1621/1565 1137/1193/1137
f 1566/1622/1566 1567/1623/1567 1568/1624/1568
f 1137/1193/1137 1569/1625/1569 1102/1158/1102
f 1136/1192/1136 1570/1626/1570 1571/1627/1571
f 1136/1192/1136 1099/1155/1099 1572/1628/1572
f 234/271/234 1573/1629/1573 1574/1630/1574
f 277/324/277 489/552/489 234/271/234
f 1575/1631/1575 487/544/487 277/324/277
f 1576/1632/1576 1577/1633/1577 1578/1634/1578
f 1579/1635/1579 1126/1182/1126 1580/1636/1580
f 1581/1637/1581 695/752/695 1140/1196/1140
f 993/1049/993 285/330/285 1140/1196/1140
f 1582/1638/1582 283/296/283 993/1049/993
f 696/753/696 695/752/695 1583/1639/1583
f 1584/1640/1584 1477/1533/1477 1585/1641/1585
f 1586/1642/1586 1138/1194/1138 1133/1189/1133
f 1587/1643/1587 1133/1189/1133 1588/1644/1588
f 994/1050/994 1589/1645/1589 1590/1646/1590
f 994/1050/994 1138/1194/1138 1591/1647/1591
f 1592/1648/1592 1133/1189/1133 276/323/276
f 101/120/101 1593/1649/1593 276/323/276
f 1594/1650/1594 1595/1651/1595 101/120/101
f 1596/1652/1596 1133/1189/1133 1597/1653/1597
f 1598/1654/1598 1002/1058/1002 1599/1655/1599
f 1600/1656/1600 1140/1196/1140 1138/1194/1138
f 994/1050/994 1601/1657/1601 1138/1194/1138
f 993/1049/993 1602/1658/1602 1603/1659/1603
f 993/1049/993 1140/1196/1140 1604/1660/1604
f 1605/1661/1605 722/780/722 997/1053/997
f 1079/1135/1079 1606/1662/1606 997/1053/997
f 1607/1663/1607 1608/1664/1608 1079/1135/1079
f 723/781/723 722/780/722 1609/1665/1609
f 1610/1666/1610 203/235/203 1611/1667/1611
f 1612/1668/1612 995/1051/995 1009/1065/1009
f 1613/1669/1613 1009/1065/1009 1614/1670/1614
f 1077/1133/1077 1615/1671/1615 1616/1672/1616
f 1077/1133/1077 995/1051/995 1617/1673/1617
f 1618/1674/1618 997/1053/997 995/1051/995
f 1077/1133/1077 1619/1675/1619 995/1051/995
f 1079/1135/1079 1620/1676/1620 1621/1677/1621
f 1079/1135/1079 997/1053/997 1622/1678/1622
f 1623/1679/1623 1009/1065/1009 100/119/100
f 211/244/211 777/832/777 100/119/100
f 1624/1680/1624 775/820/775 211/244/211
f 1625/1681/1625 1009/1065/1009 1626/1682/1626
f 1627/1683/1627 1068/1124/1068 1628/1684/1628
f 1629/1685/1629 739/795/739 1082/1138/1082
f 1049/1105/1049 671/727/671 1082/1138/1082
f 1630/1686/1630 669/715/669 1049/1105/1049
f 740/796/740 739/795/739 1631/1687/1631
f 1632/1688/1632 1453/1509/1453 1633/1689/1633
f 1634/1690/1634 1343/1399/1343 1074/1130/1074
f 1635/1691/1635 1074/1130/1074 1636/1692/1636
f 1050/1106/1050 1637/1693/1637 1638/1694/1638
f 1050/1106/1050 1343/1399/1343 1639/1695/1639
f 1640/1696/1640 1074/1130/1074 210/243/210
f 192/223/192 469/535/469 210/243/210
f 1641/1697/1641 467/520/467 192/223/192
f 1642/1698/1642 1074/1130/1074 1643/1699/1643
f 1644/1700/1644 1058/1114/1058 1645/1701/1645
f 1646/1702/1646 1082/1138/1082 1343/1399/1343
f 1343/1399/1343 1647/1703/1647 1648/1704/1648
f 1049/1105/1049 1649/1705/1649 1650/1706/1650
f 1049/1105/1049 1082/1138/1082 1651/1707/1651
f 1652/1708/1652 1460/1516/1460 1053/1109/1053
f 1255/1311/1255 1653/1709/1653 1053/1109/1053
f 1654/1710/1654 1655/1711/1655 1255/1311/1255
f 1656/1712/1656 1460/1516/1460 1657/1713/1657
f 1658/1714/1658 458/526/458 1659/1715/1659
f 1660/1716/1660 1051/1107/1051 1065/1121/1065
f 1661/1717/1661 1662/1718/1662 1663/1719/1663
f 1256/1312/1256 1664/1720/1664 1665/1721/1665
f 1666/1722/1666 1256/1312/1256 1051/1107/1051
f 1667/1723/1667 1065/1121/1065 191/222/191
f 453/519/453 1668/1724/1668 191/222/191
f 1669/1725/1669 1670/1726/1670 453/519/453
f 1671/1727/1671 1065/1121/1065 1672/1728/1672
f 1673/1729/1673 1264/1320/1264 1674/1730/1674
f 1675/1731/1675 1053/1109/1053 1051/1107/1051
f 1256/1312/1256 1676/1732/1676 1051/1107/1051
f 1255/1311/1255 1677/1733/1677 1678/1734/1678
f 1679/1735/1679 1255/1311/1255 1053/1109/1053
f 1680/1736/1680 792/848/792 1259/1315/1259
f 984/1040/984 1681/1737/1681 1259/1315/1259
f 1682/1738/1682 1683/1739/1683 984/1040/984
f 793/849/793 792/848/792 1684/1740/1684
f 1685/1741/1685 53/69/53 1686/1742/1686
f 1687/1743/1687 1257/1313/1257 1271/1327/1271
f 1688/1744/1688 1271/1327/1271 1689/1745/1689
f 985/1041/985 1690/1746/1690 1691/1747/1691
f 985/1041/985 1257/1313/1257 1692/1748/1692
f 1259/1315/1259 1693/1749/1693 1694/1750/1694
f 985/1041/985 1695/1751/1695 1696/1752/1696
f 984/1040/984 1697/1753/1697 1698/1754/1698
f 984/1040/984 1259/1315/1259 1699/1755/1699
f 1700/1756/1700 1271/1327/1271 452/518/452
f 61/77/61 1701/1757/1701 452/518/452
f 1702/1758/1702 1703/1759/1703 61/77/61
f 1704/1760/1704 1271/1327/1271 1705/1761/1705
f 1706/1762/1706 974/1030/974 1707/1763/1707
f 1708/1764/1708 814/867/814 988/1044/988
f 1227/1283/1227 1709/1765/1709 988/1044/988
f 1710/1766/1710 1711/1767/1711 1227/1283/1227
f 815/868/815 814/867/814 1712/1768/1712
f 1713/1769/1713 401/458/401 1714/1770/1714
f 1715/1771/1715 986/1042/986 981/1037/981
f 1716/1772/1716 981/1037/981 1717/1773/1717
f 1228/1284/1228 1718/1774/1718 1719/1775/1719
f 1228/1284/1228 986/1042/986 1720/1776/1720
f 1721/1777/1721 988/1044/988 986/1042/986
f 1228/1284/1228 1722/1778/1722 986/1042/986
f 1227/1283/1227 1723/1779/1723 1724/1780/1724
f 1227/1283/1227 988/1044/988 1725/1781/1725
f 1726/1782/1726 981/1037/981 60/76/60
f 396/452/396 1727/1783/1727 60/76/60
f 1728/1784/1728 1729/1785/1729 396/452/396
f 1730/1786/1730 981/1037/981 1731/1787/1731
f 1732/1788/1732 1217/1273/1217 1733/1789/1733
f 1734/1790/1734 833/888/833 1231/1287/1231
f 1163/1219/1163 1735/1791/1735 1231/1287/1231
f 1736/1792/1736 1737/1793/1737 1163/1219/1163
f 834/889/834 833/888/833 1738/1794/1738
f 1739/1795/1739 328/374/328 1740/1796/1740
f 1741/1797/1741 1229/1285/1229 1224/1280/1224
f 1742/1798/1742 1224/1280/1224 1743/1799/1743
f 1304/1360/1304 1744/1800/1744 1745/1801/1745
f 1304/1360/1304 1229/1285/1229 1746/1802/1746
f 1747/1803/1747 1224/1280/1224 395/451/395
f 339/383/339 1748/1804/1748 395/451/395
f 1749/1805/1749 1750/1806/1750 339/383/339
f 1751/1807/1751 1224/1280/1224 1752/1808/1752
f 1753/1809/1753 1174/1230/1174 1754/1810/1754
f 1755/1811/1755 1231/1287/1231 1229/1285/1229
f 1304/1360/1304 1756/1812/1756 1229/1285/1229
f 1163/1219/1163 1757/1813/1757 1758/1814/1758
f 1163/1219/1163 1231/1287/1231 1759/1815/1759
f 1760/1816/1760 850/906/850 1169/1225/1169
f 1169/1225/1169 1761/1817/1761 1762/1818/1762
f 1763/1819/1763 1761/1817/1761 1200/1256/1200
f 851/907/851 850/906/850 1764/1820/1764
f 1765/1821/1765 379/431/379 1766/1822/1766
f 1767/1823/1767 1166/1222/1166 1179/1235/1179
f 1768/1824/1768 1179/1235/1179 1769/1825/1769
f 1201/1257/1201 1770/1826/1770 1771/1827/1771
f 1201/1257/1201 1166/1222/1166 1772/1828/1772
f 1773/1829/1773 1179/1235/1179 338/382/338
f 338/382/338 1774/1830/1774 1775/1831/1775
f 1776/1832/1776 1774/1830/1774 384/439/384
f 1777/1833/1777 1179/1235/1179 1778/1834/1778
f 1779/1835/1779 1209/1265/1209 1780/1836/1780
f 1781/1837/1781 1169/1225/1169 1166/1222/1166
f 1201/1257/1201 1782/1838/1782 1166/1222/1166
f 1200/1256/1200 1783/1839/1783 1784/1840/1784
f 1200/1256/1200 1169/1225/1169 1785/1841/1785
f 1786/1842/1786 880/934/880 1204/1260/1204
f 1204/1260/1204 868/916/868 870/924/870
f 1787/1843/1787 868/916/868 1038/1094/1038
f 881/935/881 880/934/880 1788/1844/1788
f 1789/1845/1789 162/192/162 1790/1846/1790
f 1791/1847/1791 1202/1258/1202 1214/1270/1214
f 1792/1848/1792 1214/1270/1214 1793/1849/1793
f 1355/1411/1355 1794/1850/1794 1795/1851/1795
f 1355/1411/1355 1202/1258/1202 1796/1852/1796
f 1797/1853/1797 1204/1260/1204 1202/1258/1202
f 1355/1411/1355 1798/1854/1798 1202/1258/1202
f 1038/1094/1038 1799/1855/1799 1800/1856/1800
f 1038/1094/1038 1204/1260/1204 1801/1857/1801
f 1802/1858/1802 1214/1270/1214 383/438/383
f 383/438/383 544/593/544 546/605/546
f 1803/1859/1803 544/593/544 156/186/156
f 1804/1860/1804 1214/1270/1214 1805/1861/1805
f 1806/1862/1806 1029/1085/1029 1807/1863/1807
f 1808/1864/1808 902/955/902 1044/1100/1044
f 1044/1100/1044 430/470/430 432/491/432
f 1809/1865/1809 430/470/430 1236/1292/1236
f 903/956/903 902/955/902 1810/1866/1810
f 1811/1867/1811 425/485/425 1812/1868/1812
f 1813/1869/1813 1041/1097/1041 1036/1092/1036
f 1814/1870/1814 1036/1092/1036 1815/1871/1815
f 1237/1293/1237 1816/1872/1816 1817/1873/1817
f 1237/1293/1237 1041/1097/1041 1818/1874/1818
f 1819/1875/1819 1036/1092/1036 155/185/155
f 155/185/155 1820/1876/1820 1821/1877/1821
f 1822/1878/1822 1820/1876/1820 434/494/434
f 1823/1879/1823 1036/1092/1036 1824/1880/1824
f 1825/1881/1825 1245/1301/1245 1826/1882/1826
f 1827/1883/1827 1044/1100/1044 1041/1097/1041
f 1237/1293/1237 1828/1884/1828 1041/1097/1041
f 1236/1292/1236 1829/1885/1829 1830/1886/1830
f 1236/1292/1236 1044/1100/1044 1831/1887/1831
f 1832/1888/1832 928/980/928 1240/1296/1240
f 1155/1211/1155 1833/1889/1833 1240/1296/1240
f 1834/1890/1834 1835/1891/1835 1155/1211/1155
f 929/981/929 928/980/928 1836/1892/1836
f 1837/1893/1837 305/351/305 1838/1894/1838
f 1839/1895/1839 1238/1294/1238 1252/1308/1252
f 1840/1896/1840 1252/1308/1252 1841/1897/1841
f 1156/1212/1156 1842/1898/1842 1843/1899/1843
f 1156/1212/1156 1238/1294/1238 1844/1900/1844
f 1845/1901/1845 1240/1296/1240 1238/1294/1238
f 1156/1212/1156 1846/1902/1846 1238/1294/1238
f 1155/1211/1155 1847/1903/1847 1848/1904/1848
f 1155/1211/1155 1240/1296/1240 1849/1905/1849
f 1850/1906/1850 1252/1308/1252 433/493/433
f 302/347/302 1851/1907/1851 433/493/433
f 1852/1908/1852 1853/1909/1853 302/347/302
f 1854/1910/1854 1252/1308/1252 1855/1911/1855
f 1856/1912/1856 1145/1201/1145 1857/1913/1857
f 1858/1914/1858 947/1000/947 1159/1215/1159
f 1159/1215/1159 1859/1915/1859 1860/1916/1860
f 1861/1917/1861 1859/1915/1859 1189/1245/1189
f 948/1001/948 947/1000/947 1862/1918/1862
f 1863/1919/1863 358/408/358 1864/1920/1864
f 1157/1213/1157 1865/1921/1865 1866/1922/1866
f 1867/1923/1867 1152/1208/1152 1868/1924/1868
f 1298/1354/1298 1869/1925/1869 1870/1926/1870
f 1298/1354/1298 1157/1213/1157 1871/1927/1871
f 1159/1215/1159 1872/1928/1872 1873/1929/1873
f 1298/1354/1298 1874/1930/1874 1875/1931/1875
f 1189/1245/1189 1876/1932/1876 1877/1933/1877
f 1189/1245/1189 1159/1215/1159 1878/1934/1878
f 1879/1935/1879 1152/1208/1152 301/346/301
f 301/346/301 1880/1936/1880 1881/1937/1881
f 1882/1938/1882 1880/1936/1880 354/402/354
f 1883/1939/1883 1152/1208/1152 1884/1940/1884
f 1885/1941/1885 1182/1238/1182 1886/1942/1886
f 1887/1943/1887 963/1019/963 1195/1251/1195
f 1195/1251/1195 1888/1944/1888 1889/1945/1889
f 1890/1946/1890 1888/1944/1888 1011/1067/1011
f 964/1020/964 963/1019/963 1891/1947/1891
f 1892/1948/1892 135/167/135 1893/1949/1893
f 1894/1950/1894 1192/1248/1192 1187/1243/1187
f 1895/1951/1895 1187/1243/1187 1896/1952/1896
f 1361/1417/1361 1897/1953/1897 1898/1954/1898
f 1361/1417/1361 1192/1248/1192 1899/1955/1899
f 1900/1956/1900 1187/1243/1187 353/401/353
f 353/401/353 1901/1957/1901 1902/1958/1902
f 1903/1959/1903 1901/1957/1901 144/174/144
f 1904/1960/1904 1187/1243/1187 1905/1961/1905
f 1906/1962/1906 1020/1076/1020 1907/1963/1907
f 1908/1964/1908 1195/1251/1195 1192/1248/1192
f 1361/1417/1361 1909/1965/1909 1192/1248/1192
f 1011/1067/1011 1910/1966/1910 1911/1967/1911
f 1011/1067/1011 1195/1251/1195 1912/1968/1912
f 1913/1031/1913 1914/1969/1914 1915/1970/1915
f 1916/1059/1916 1917/1971/1917 1918/1972/1918
f 1919/1077/1919 1920/1973/1920 1921/1974/1921
f 1922/1086/1922 1923/1975/1923 1924/1976/1924
f 1925/1115/1925 1926/1977/1926 1927/1978/1927
f 1928/1979/1928 1929/1123/1929 1930/1125/1930
f 1931/1134/1931 1932/1980/1932 1933/1981/1933
f 1934/1982/1934 1935/1142/1935 1936/1144/1936
f 1937/1151/1937 1938/1983/1938 1939/1984/1939
f 1940/1173/1940 1941/1985/1941 1942/1986/1942
f 1943/1183/1943 1944/1987/1944 1945/1988/1945
f 1946/1203/1946 1947/1989/1947 1948/1990/1948
f 734/791/734 721/779/721 758/815/758
f 627/684/627 612/668/612 652/709/652
f 141/172/141 104/122/104 208/241/208
f 1949/1274/1949 1950/1991/1950 1951/1992/1951
f 1952/1303/1952 1953/1993/1953 1954/1994/1954
f 1955/1321/1955 1956/1995/1956 1957/1996/1957
f 1958/1387/1958 1959/1997/1959 1960/1998/1960
f 1961/1397/1961 1962/1999/1962 1963/2000/1963
f 601/658/601 590/648/590 632/688/632
f 509/570/509 503/565/503 525/584/525
f 335/380/335 319/365/319 397/453/397
f 70/87/70 1964/2001/1964 157/187/157
f 1965/1460/1965 1966/2002/1966 1967/2003/1967
f 1968/1467/1968 1969/2004/1969 1970/2005/1970
f 1971/1474/1971 1972/2006/1972 1973/2007/1973
f 1974/1480/1974 1975/2008/1975 1976/2009/1976
f 1977/1488/1977 1978/2010/1978 1979/2011/1979
f 1980/2012/1980 1981/1495/1981 1982/1496/1982
f 1983/2013/1983 1984/1501/1984 1985/1502/1985
f 1986/1510/1986 1987/2014/1987 1988/2015/1988
f 1989/1519/1989 1990/2016/1990 1991/2017/1991
f 1992/1526/1992 1993/2018/1993 1994/2019/1994
f 1995/1534/1995 1996/2020/1996 1997/2021/1997
f 1998/1542/1998 1999/2022/1999 2000/2023/2000
f 2001/1549/2001 2002/2024/2002 2003/2025/2003
f 2004/2026/2004 2005/2027/2005 2006/1564/2006
f 2007/1577/2007 2008/2028/2008 2009/2029/2009
f 900/954/900 895/949/895 919/972/919
f 801/856/801 791/847/791 831/886/831
f 488/552/488 480/545/480 514/574/514
f 284/330/284 260/298/260 355/403/355
f 2010/1649/2010 2011/2030/2011 2012/2031/2012
f 2013/1662/2013 2014/2032/2014 2015/2033/2015
f 776/832/776 765/822/765 805/859/805
f 670/727/670 659/717/659 698/755/698
f 468/535/468 456/522/456 496/559/496
f 2016/1709/2016 2017/2034/2017 2018/2035/2018
f 2019/1724/2019 2020/2036/2020 2021/2037/2021
f 2022/1737/2022 2023/2038/2023 2024/2039/2024
f 2025/1757/2025 2026/2040/2026 2027/2041/2027
f 2028/1765/2028 2029/2042/2029 2030/2043/2030
f 2031/1783/2031 2032/2044/2032 2033/2045/2033
f 2034/1791/2034 2035/2046/2035 2036/2047/2036
f 2037/1804/2037 2038/2048/2038 2039/2049/2039
f 2040/1818/2040 2041/2050/2041 2042/2051/2042
f 2043/1831/2043 2044/2052/2044 2045/2053/2045
f 869/924/869 862/918/862 886/941/886
f 545/605/545 534/594/534 565/624/565
f 431/491/431 415/472/415 476/542/476
f 2046/1877/2046 2047/2054/2047 2048/2055/2048
f 2049/1889/2049 2050/2056/2050 2051/2057/2051
f 2052/1907/2052 2053/2058/2053 2054/2059/2054
f 2055/1916/2055 2056/2060/2056 2057/2061/2057
f 2058/1937/2058 2059/2062/2059 2060/2063/2060
f 2061/1945/2061 2062/2064/2062 2063/2065/2063
f 2064/1958/2064 2065/2066/2065 2066/2067/2066
f 2067/86/2067 2068/2068/2068 1964/2001/1964
f 1653/1709/1653 2018/2035/2018 2069/2069/2069
f 975/1031/975 1915/1970/1915 2070/1970/2070
f 1821/1877/1821 2048/2055/2048 2071/2055/2071
f 1655/1711/1655 2016/1709/2016 1653/1709/1653
f 2072/1711/2072 2073/2070/2073 2017/2034/2017
f 1218/1274/1218 1951/1992/1951 2074/2071/2074
f 977/1033/977 1913/1031/1913 975/1031/975
f 1820/1876/1820 2046/1877/2046 1821/1877/1821
f 2075/1033/2075 2076/1969/2076 1914/1969/1914
f 2077/1876/2077 2078/2054/2078 2047/2054/2047
f 1404/1460/1404 1967/2003/1967 2079/2072/2079
f 1220/1276/1220 1949/1274/1949 1218/1274/1218
f 2080/1276/2080 2081/1991/2081 1950/1991/1950
f 1593/1649/1593 2012/2031/2012 2082/2031/2082
f 1403/1459/1403 1965/1460/1965 1404/1460/1404
f 2083/1459/2083 2084/2073/2084 1966/2002/1966
f 1595/1651/1595 2010/1649/2010 1593/1649/1593
f 2085/1651/2085 2086/2030/2086 2011/2030/2011
f 1411/1467/1411 1970/2005/1970 2087/2074/2087
f 1410/1466/1410 1968/1467/1968 1411/1467/1411
f 2088/1466/2088 2089/2075/2089 1969/2004/1969
f 1668/1724/1668 2021/2037/2021 2090/2037/2090
f 1833/1889/1833 2051/2057/2051 2091/2076/2091
f 1670/1726/1670 2019/1724/2019 1668/1724/1668
f 2092/1726/2092 2093/2077/2093 2020/2036/2020
f 1835/1891/1835 2049/1889/2049 1833/1889/1833
f 2094/1891/2094 2095/2078/2095 2050/2056/2050
f 1418/1474/1418 1973/2007/1973 2096/2079/2096
f 1606/1662/1606 2015/2033/2015 2097/2080/2097
f 1417/1473/1417 1971/1474/1971 1418/1474/1418
f 2098/1473/2098 2099/2081/2099 1972/2006/1972
f 1608/1664/1608 2013/1662/2013 1606/1662/1606
f 1003/1059/1003 1918/1972/1918 2100/1972/2100
f 2101/1664/2101 2102/2082/2102 2014/2032/2014
f 1247/1303/1247 1954/1994/1954 2103/1994/2103
f 1005/1061/1005 1916/1059/1916 1003/1059/1003
f 2104/1061/2104 2105/1971/2105 1917/1971/1917
f 1424/1480/1424 1976/2009/1976 2106/2083/2106
f 1246/1302/1246 1952/1303/1952 1247/1303/1247
f 2107/1302/2107 2108/1993/2108 1953/1993/1953
f 1426/1482/1426 1974/1480/1974 1424/1480/1424
f 2109/1482/2109 2110/2084/2110 1975/2008/1975
f 1681/1737/1681 2024/2039/2024 2111/2085/2111
f 1683/1739/1683 2022/1737/2022 1681/1737/1681
f 2112/1739/2112 2113/2086/2113 2023/2038/2023
f 1432/1488/1432 1979/2011/1979 2114/2087/2114
f 1434/1490/1434 1977/1488/1977 1432/1488/1432
f 2115/1490/2115 2116/2088/2116 1978/2010/1978
f 1021/1077/1021 1921/1974/1921 2117/1974/2117
f 1851/1907/1851 2054/2059/2054 2118/2059/2118
f 1265/1321/1265 1957/1996/1957 2119/1996/2119
f 1023/1079/1023 1919/1077/1919 1021/1077/1021
f 1853/1909/1853 2052/1907/2052 1851/1907/1851
f 2120/1079/2120 2121/1973/2121 1920/1973/1920
f 2122/1909/2122 2123/2058/2123 2053/2058/2053
f 1440/1496/1440 1981/1495/1981 1439/1495/1439
f 1267/1323/1267 1955/1321/1955 1265/1321/1265
f 1981/1495/1981 1444/1500/1444 1439/1495/1439
f 2124/1323/2124 2125/2089/2125 1956/1995/1956
f 1441/1497/1441 1982/1496/1982 1440/1496/1440
f 2126/1497/2126 1443/1499/1443 2127/2090/2127
f 1030/1086/1030 1924/1976/1924 2128/2091/2128
f 1860/1916/1860 2057/2061/2057 2129/2092/2129
f 1032/1088/1032 1922/1086/1922 1030/1086/1030
f 1859/1915/1859 2055/1916/2055 1860/1916/1860
f 2130/1088/2130 2131/1975/2131 1923/1975/1923
f 2132/1915/2132 2133/2093/2133 2056/2060/2056
f 1446/1502/1446 1984/1501/1984 1445/1501/1445
f 1984/1501/1984 1449/1505/1449 1445/1501/1445
f 1448/1504/1448 1985/1502/1985 1446/1502/1446
f 2134/1504/2134 2135/2094/2135 2136/2095/2136
f 1701/1757/1701 2027/2041/2027 2137/2041/2137
f 1703/1759/1703 2025/1757/2025 1701/1757/1701
f 2138/1759/2138 2139/2040/2139 2026/2040/2026
f 1454/1510/1454 1988/2015/1988 2140/2096/2140
f 1456/1512/1456 1986/1510/1986 1454/1510/1454
f 2141/1512/2141 2142/2097/2142 1987/2014/1987
f 1709/1765/1709 2030/2043/2030 2143/2098/2143
f 1711/1767/1711 2028/1765/2028 1709/1765/1709
f 2144/1767/2144 2145/2099/2145 2029/2042/2029
f 1463/1519/1463 1991/2017/1991 2146/2100/2146
f 1465/1521/1465 1989/1519/1989 1463/1519/1463
f 2147/1521/2147 2148/2101/2148 1990/2016/1990
f 1059/1115/1059 1927/1978/1927 2149/1978/2149
f 1881/1937/1881 2060/2063/2060 2150/2063/2150
f 1061/1117/1061 1925/1115/1925 1059/1115/1059
f 1880/1936/1880 2058/1937/2058 1881/1937/1881
f 2151/1117/2151 2152/2102/2152 1926/1977/1926
f 2153/1936/2153 2154/2062/2154 2059/2062/2059
f 1470/1526/1470 1994/2019/1994 2155/2103/2155
f 1472/1528/1472 1992/1526/1992 1470/1526/1470
f 2156/1528/2156 2157/2104/2157 1993/2018/1993
f 1069/1125/1069 1929/1123/1929 1067/1123/1067
f 1889/1945/1889 2063/2065/2063 2158/2105/2158
f 1929/1123/1929 1073/1129/1073 1067/1123/1067
f 1071/1127/1071 1930/1125/1930 1069/1125/1069
f 1888/1944/1888 2061/1945/2061 1889/1945/1889
f 2159/1127/2159 2160/2106/2160 2161/2107/2161
f 2162/1944/2162 2163/2108/2163 2062/2064/2062
f 1478/1534/1478 1997/2021/1997 2164/2109/2164
f 1480/1536/1480 1995/1534/1995 1478/1534/1478
f 2165/1536/2165 2166/2110/2166 1996/2020/1996
f 1727/1783/1727 2033/2045/2033 2167/2045/2167
f 1081/1137/1081 1931/1134/1931 1078/1134/1078
f 1729/1785/1729 2031/1783/2031 1727/1783/1727
f 1931/1134/1931 2168/1981/2168 1078/1134/1078
f 2169/1785/2169 2170/2044/2170 2032/2044/2032
f 1081/1137/1081 1932/1980/1932 2171/1137/2171
f 1486/1542/1486 2000/2023/2000 2172/2111/2172
f 1488/1544/1488 1998/1542/1998 1486/1542/1486
f 2173/1544/2173 2174/2112/2174 1999/2022/1999
f 1735/1791/1735 2036/2047/2036 2175/2113/2175
f 1088/1144/1088 1935/1142/1935 1086/1142/1086
f 1902/1958/1902 2066/2067/2066 2176/2067/2176
f 1737/1793/1737 2034/1791/2034 1735/1791/1735
f 1935/1142/1935 1093/1149/1093 1086/1142/1086
f 2177/1793/2177 2178/2114/2178 2035/2046/2035
f 1089/1145/1089 1936/1144/1936 1088/1144/1088
f 1901/1957/1901 2064/1958/2064 1902/1958/1902
f 2179/1145/2179 1091/1147/1091 2180/2115/2180
f 2181/1957/2181 2182/2066/2182 2065/2066/2065
f 1493/1549/1493 2003/2025/2003 2183/2116/2183
f 1495/1551/1495 2001/1549/2001 1493/1549/1493
f 2184/1551/2184 2185/2117/2185 2002/2024/2002
f 1098/1154/1098 1937/1151/1937 1095/1151/1095
f 1937/1151/1937 2186/2118/2186 1095/1151/1095
f 1098/1154/1098 1938/1983/1938 2187/1154/2187
f 1748/1804/1748 2039/2049/2039 2188/2049/2188
f 1750/1806/1750 2037/1804/2037 1748/1804/1748
f 2189/1806/2189 2190/2048/2190 2038/2048/2038
f 1508/1564/1508 2005/2027/2005 2191/2027/2191
f 2192/2026/2192 2006/1564/2006 1508/1564/1508
f 2192/2026/2192 2193/2119/2193 2004/2026/2004
f 1117/1173/1117 1942/1986/1942 2194/2120/2194
f 1333/1389/1333 1958/1387/1958 1331/1387/1331
f 1119/1175/1119 1940/1173/1940 1117/1173/1117
f 1958/1387/1958 2195/1998/2195 1331/1387/1331
f 2196/1175/2196 2197/1985/2197 1941/1985/1941
f 1333/1389/1333 1959/1997/1959 2198/1389/2198
f 1762/1818/1762 2042/2051/2042 2199/2121/2199
f 1127/1183/1127 1945/1988/1945 2200/1988/2200
f 1761/1817/1761 2040/1818/2040 1762/1818/1762
f 2201/1817/2201 2202/2122/2202 2041/2050/2041
f 2203/2123/2203 1961/1397/1961 1341/1397/1341
f 1129/1185/1129 1943/1183/1943 1127/1183/1127
f 1961/1397/1961 2204/2000/2204 1341/1397/1341
f 2205/1185/2205 2206/1987/2206 1944/1987/1944
f 1521/1577/1521 2009/2029/2009 2207/2124/2207
f 2203/2123/2203 1962/1999/1962 2208/2123/2208
f 1523/1579/1523 2007/1577/2007 1521/1577/1521
f 2209/1579/2209 2210/2125/2210 2008/2028/2008
f 1775/1831/1775 2045/2053/2045 2211/2053/2211
f 1147/1203/1147 1948/1990/1948 2212/1990/2212
f 1774/1830/1774 2043/1831/2043 1775/1831/1775
f 2213/1830/2213 2214/2126/2214 2044/2052/2044
f 1146/1202/1146 1946/1203/1946 1147/1203/1147
f 2215/1202/2215 2216/1989/2216 1947/1989/1947
f 625/2127/625 2217/2128/2217 1509/2129/1509
f 2218/2130/2218 2219/2131/2219 622/2132/622
f 625/2133/625 2218/2130/2218 622/2132/622
f 1442/2134/1442 2220/2135/2220 2127/2136/2127
f 2221/2137/2221 2222/2138/2222 229/2139/229
f 2223/2140/2223 238/2141/238 237/2142/237
f 2224/2143/2224 1550/2144/1550 1552/2145/1552
f 2005/2146/2005 2193/2147/2193 621/2148/621
f 1512/2149/1512 2225/2150/2225 1511/2151/1511
f 640/2152/640 1503/2153/1503 2226/2154/2226
f 1514/2155/1514 623/2156/623 1513/2157/1513
f 1510/2158/1510 2227/2159/2227 621/2160/621
f 1516/2161/1516 2228/2162/2228 619/2148/619
f 618/2154/618 2229/2153/2229 2230/2163/2230
f 617/2152/617 2229/2153/2229 618/2154/618
f 619/2160/619 1518/2158/1518 1517/2164/1517
f 1502/2165/1502 2231/2166/2231 639/2148/639
f 638/2154/638 2232/2153/2232 2233/2167/2233
f 637/2152/637 2232/2153/2232 638/2154/638
f 639/2160/639 1505/2158/1505 1504/2168/1504
f 2003/2146/2003 2002/2147/2002 629/2148/629
f 1497/2169/1497 2234/2170/2234 1496/2171/1496
f 631/2153/631 636/2152/636 630/2172/630
f 1499/2173/1499 635/2143/635 1498/2174/1498
f 1326/2175/1326 2235/2176/2235 247/2148/247
f 246/2154/246 2236/2153/2236 2237/2177/2237
f 245/2152/245 2236/2153/2236 246/2154/246
f 247/2160/247 1329/2158/1329 1328/2178/1328
f 1110/2179/1110 2238/2180/2238 578/2148/578
f 576/2154/576 2239/2153/2239 2240/2181/2240
f 575/2152/575 2239/2153/2239 576/2154/576
f 578/2160/578 1113/2158/1113 1112/2182/1112
f 1979/2183/1979 1978/2184/1978 265/2148/265
f 1436/2185/1436 2241/2170/2241 1435/2171/1435
f 255/2152/255 264/2153/264 2242/2154/2242
f 254/2143/254 1437/2186/1437 1438/2173/1438
f 1942/2183/1942 1941/2184/1941 504/2148/504
f 1121/2187/1121 2243/2150/2243 1120/2151/1120
f 249/2152/249 1327/2153/1327 2244/2154/2244
f 2245/2156/2245 1122/2188/1122 1124/2155/1124
f 646/2148/646 645/2189/645 895/2190/895
f 1544/2191/1544 2246/2150/2246 1543/2151/1543
f 648/2152/648 1530/2153/1530 651/2154/651
f 2247/2156/2247 1545/2192/1545 1546/2155/1546
f 2248/2193/2248 1529/2194/1529 650/2189/650
f 2249/2154/2249 1533/2153/1533 2250/2195/2250
f 2251/2152/2251 1533/2153/1533 2249/2154/2249
f 649/2160/649 1532/2158/1532 1531/2196/1531
f 1335/2197/1335 2252/2198/2252 2253/2199/2253
f 1960/2200/1960 1959/2201/1959 241/2189/241
f 2254/2202/2254 1558/2203/1558 1339/2204/1339
f 2255/2160/2255 1557/2158/1557 2256/2205/2256
f 1103/2197/1103 2257/2198/2257 1104/2206/1104
f 1939/2207/1939 1938/2208/1938 579/2189/579
f 2258/2202/2258 1101/2204/1101 1100/2209/1100
f 2259/2160/2259 2260/2172/2260 666/2152/666
f 1090/2197/1090 2261/2198/2261 2180/2210/2180
f 2262/2211/2262 2263/2150/2263 1092/2151/1092
f 2264/2202/2264 1555/2212/1555 1337/2204/1337
f 2265/2156/2265 1576/2213/1576 1578/2155/1578
f 672/2189/672 480/2214/480 673/2148/673
f 2266/2215/2266 2267/2150/2267 1577/2151/1577
f 679/2152/679 1561/2153/1561 2268/2154/2268
f 2269/2156/2269 1579/2216/1579 1580/2155/1580
f 685/2148/685 684/2189/684 791/2214/791
f 2270/2217/2270 2271/2170/2271 1551/2171/1551
f 2272/2152/2272 683/2153/683 681/2154/681
f 2273/2143/2273 1553/2218/1553 1554/2173/1554
f 1569/2219/1569 2274/2220/2274 667/2189/667
f 665/2154/665 1572/2153/1572 1568/2221/1568
f 2275/2152/2275 1572/2153/1572 665/2154/665
f 668/2160/668 1571/2158/1571 1570/2222/1570
f 1559/2223/1559 2276/2224/2276 2277/2189/2277
f 674/2154/674 1564/2153/1564 2278/2225/2278
f 2279/2152/2279 1564/2153/1564 674/2154/674
f 677/2160/677 1563/2158/1563 1562/2226/1562
f 1319/2227/1319 2280/2228/2280 2281/2189/2281
f 287/2154/287 1323/2153/1323 2282/2229/2282
f 2283/2152/2283 1323/2153/1323 287/2154/287
f 289/2160/289 1322/2158/1322 1321/2230/1321
f 1139/2231/1139 2284/2232/2284 573/2189/573
f 571/2154/571 1143/2153/1143 2285/2233/2285
f 2286/2152/2286 1143/2153/1143 571/2154/571
f 574/2160/574 1142/2158/1142 1141/2234/1141
f 1975/2235/1975 270/2148/270 269/2189/269
f 1427/2236/1427 2287/2170/2287 273/2171/273
f 274/2153/274 279/2152/279 2288/2172/2288
f 1429/2173/1429 2289/2143/2289 1428/2237/1428
f 1944/2235/1944 499/2148/499 498/2189/498
f 1131/2238/1131 2290/2150/2290 1130/2151/1130
f 291/2152/291 1320/2153/1320 2291/2154/2291
f 2292/2156/2292 1132/2239/1132 1134/2155/1134
f 2011/2240/2011 691/2148/691 690/2189/690
f 1597/2241/1597 2293/2150/2293 1596/2151/1596
f 706/2152/706 1588/2153/1588 2294/2154/2294
f 2295/2156/2295 1598/2242/1598 1599/2155/1599
f 693/2189/693 260/2240/260 694/2148/694
f 1583/2243/1583 2296/2170/2296 696/2171/696
f 697/2153/697 700/2152/700 2297/2172/2297
f 1585/2173/1585 2298/2143/2298 1584/2244/1584
f 1601/2245/1601 2299/2246/2299 688/2189/688
f 687/2154/687 1604/2153/1604 2300/2247/2300
f 2301/2152/2301 1604/2153/1604 687/2154/687
f 689/2160/689 1603/2158/1603 1602/2248/1602
f 1587/2249/1587 2302/2250/2302 2303/2189/2303
f 703/2154/703 1591/2153/1591 2304/2251/2304
f 2305/2152/2305 1591/2153/1591 703/2154/703
f 704/2160/704 1590/2158/1590 1589/2252/1589
f 1371/2253/1371 2306/2254/2306 90/2148/90
f 89/2154/89 2307/2153/2307 2308/2255/2308
f 88/2152/88 2307/2153/2307 89/2154/89
f 90/2160/90 1374/2158/1374 1373/2256/1373
f 996/2257/996 2309/2258/2309 608/2148/608
f 606/2154/606 2310/2153/2310 2311/2259/2311
f 605/2152/605 2310/2153/2310 606/2154/606
f 608/2160/608 999/2158/999 998/2260/998
f 1997/2261/1997 1996/2262/1996 110/2148/110
f 1482/2263/1482 2312/2170/2312 1481/2171/1481
f 98/2152/98 109/2153/109 2313/2154/2313
f 97/2143/97 1483/2264/1483 1484/2173/1484
f 1918/2261/1918 1917/2262/1917 527/2148/527
f 1007/2265/1007 2314/2150/2314 1006/2151/1006
f 92/2152/92 1372/2153/1372 2315/2154/2315
f 2316/2156/2316 1008/2266/1008 1010/2155/1010
f 711/2148/711 710/2189/710 765/2267/765
f 1626/2268/1626 2317/2150/2317 1625/2151/1625
f 715/2152/715 1614/2153/1614 2318/2154/2318
f 2319/2156/2319 1627/2269/1627 1628/2155/1628
f 2014/2267/2014 726/2148/726 725/2189/725
f 1609/2270/1609 2320/2170/2320 723/2171/723
f 717/2152/717 724/2153/724 718/2154/718
f 2321/2143/2321 1610/2271/1610 1611/2173/1611
f 1619/2272/1619 2322/2273/2322 708/2189/708
f 707/2154/707 1622/2153/1622 2323/2274/2323
f 2324/2152/2324 1622/2153/1622 707/2154/707
f 709/2160/709 1621/2158/1621 1620/2275/1620
f 1613/2276/1613 2325/2277/2325 2326/2189/2326
f 712/2154/712 1617/2153/1617 2327/2278/2327
f 2328/2152/2328 1617/2153/1617 712/2154/712
f 713/2160/713 1616/2158/1616 1615/2279/1615
f 218/2189/218 2329/2280/2329 2330/2281/2330
f 1963/2200/1963 1962/2201/1962 218/2189/218
f 2331/2152/2331 1346/2153/1346 221/2154/221
f 219/2160/219 1345/2158/1345 1344/2282/1344
f 582/2189/582 1080/2280/1080 2332/2283/2332
f 1933/2207/1933 1932/2208/1932 582/2189/582
f 581/2152/581 1085/2153/1085 2333/2154/2333
f 580/2160/580 1084/2158/1084 1083/2284/1083
f 2136/2285/2136 1447/2286/1447 201/2148/201
f 2334/2137/2334 2335/2170/2335 204/2171/204
f 205/2153/205 213/2152/213 2336/2172/2336
f 1450/2173/1450 2337/2143/2337 1451/2287/1451
f 2161/2285/2161 1070/2286/1070 512/2148/512
f 2338/2211/2338 2339/2150/2339 1072/2151/1072
f 217/2152/217 2340/2153/2340 2341/2154/2341
f 2342/2156/2342 1076/2288/1076 1075/2155/1075
f 731/2189/731 456/2289/456 732/2148/732
f 1643/2290/1643 2343/2150/2343 1642/2151/1642
f 749/2152/749 1636/2153/1636 2344/2154/2344
f 2345/2156/2345 1644/2291/1644 1645/2155/1645
f 737/2189/737 659/2289/659 738/2148/738
f 1631/2292/1631 2346/2170/2346 740/2171/740
f 741/2153/741 742/2152/742 2347/2172/2347
f 1633/2173/1633 2348/2143/2348 1632/2293/1632
f 1648/2294/1648 1647/2295/1647 729/2189/729
f 728/2154/728 1651/2153/1651 2349/2296/2349
f 2350/2152/2350 1651/2153/1651 728/2154/728
f 730/2160/730 1650/2158/1650 1649/2297/1649
f 1635/2298/1635 2351/2299/2351 2352/2189/2352
f 745/2154/745 1639/2153/1639 2353/2300/2353
f 2354/2152/2354 1639/2153/1639 745/2154/745
f 747/2160/747 1638/2158/1638 1637/2301/1637
f 1349/2302/1349 2355/2303/2355 181/2148/181
f 180/2154/180 2356/2153/2356 2357/2304/2357
f 179/2152/179 2356/2153/2356 180/2154/180
f 181/2160/181 1352/2158/1352 1351/2305/1351
f 1052/2306/1052 2358/2307/2358 587/2148/587
f 585/2154/585 2359/2153/2359 2360/2308/2360
f 584/2152/584 2359/2153/2359 585/2154/585
f 587/2160/587 1055/2158/1055 1054/2309/1054
f 1988/2310/1988 1987/2311/1987 197/2148/197
f 1458/2312/1458 2361/2170/2361 1457/2171/1457
f 189/2152/189 196/2153/196 2362/2154/2362
f 188/2143/188 1459/2313/1459 1461/2173/1461
f 1927/2310/1927 1926/2311/1926 516/2148/516
f 1063/2314/1063 2363/2150/2363 1062/2151/1062
f 183/2152/183 1350/2153/1350 2364/2154/2364
f 2365/2156/2365 1064/2315/1064 1066/2155/1066
f 2021/2316/2021 2020/2317/2020 753/2148/753
f 1672/2318/1672 2366/2150/2366 1671/2151/1671
f 770/2152/770 1663/2153/1663 2367/2154/2367
f 2368/2156/2368 1673/2319/1673 1674/2155/1674
f 2018/2316/2018 2017/2317/2017 754/2148/754
f 1657/2320/1657 2369/2170/2369 1656/2171/1656
f 757/2153/757 762/2152/762 755/2172/755
f 1659/2173/1659 761/2143/761 1658/2321/1658
f 1676/2322/1676 2370/2323/2370 752/2148/752
f 751/2154/751 2371/2153/2371 2372/2324/2372
f 750/2152/750 2371/2153/2371 751/2154/751
f 752/2160/752 1678/2158/1678 1677/2325/1677
f 1662/2326/1662 2373/2327/2373 768/2148/768
f 767/2154/767 2374/2153/2374 2375/2328/2375
f 766/2152/766 2374/2153/2374 767/2154/767
f 768/2160/768 1665/2158/1665 1664/2329/1664
f 1274/2330/1274 2376/2331/2376 2377/2189/2377
f 442/2154/442 1278/2153/1278 2378/2332/2378
f 2379/2152/2379 1278/2153/1278 442/2154/442
f 444/2160/444 1277/2158/1277 1276/2333/1276
f 1258/2334/1258 2380/2335/2380 538/2189/538
f 536/2154/536 1262/2153/1262 2381/2336/2381
f 2382/2152/2382 1262/2153/1262 536/2154/536
f 539/2160/539 1261/2158/1261 1260/2337/1260
f 462/2148/462 461/2189/461 590/2338/590
f 1384/2339/1384 2383/2170/2383 459/2171/459
f 450/2152/450 460/2153/460 451/2154/451
f 2384/2143/2384 1385/2340/1385 1386/2173/1386
f 1956/2338/1956 465/2148/465 464/2189/464
f 1269/2341/1269 2385/2150/2385 1268/2151/1268
f 446/2152/446 1275/2153/1275 2386/2154/2386
f 2387/2156/2387 1270/2342/1270 1272/2155/1272
f 2026/2343/2026 779/2148/779 778/2189/778
f 1705/2344/1705 2388/2150/2388 1704/2151/1704
f 781/2152/781 1689/2153/1689 785/2154/785
f 2389/2156/2389 1706/2345/1706 1707/2155/1707
f 2023/2343/2023 796/2148/796 795/2189/795
f 1684/2346/1684 2390/2170/2390 793/2171/793
f 787/2152/787 794/2153/794 788/2154/788
f 2391/2143/2391 1685/2347/1685 1686/2173/1686
f 773/2189/773 1696/2280/1696 1695/2348/1695
f 1694/2349/1694 1693/2350/1693 773/2189/773
f 2392/2152/2392 1699/2153/1699 772/2154/772
f 774/2160/774 1698/2158/1698 1697/2351/1697
f 1688/2352/1688 2393/2353/2393 784/2189/784
f 2394/2154/2394 1692/2153/1692 2395/2354/2395
f 2396/2152/2396 1692/2153/1692 2394/2154/2394
f 782/2160/782 1691/2158/1691 1690/2355/1690
f 1377/2356/1377 2397/2357/2397 2398/2189/2398
f 73/2154/73 1381/2153/1381 2399/2358/2399
f 2400/2152/2400 1381/2153/1381 73/2154/73
f 75/2160/75 1380/2158/1380 1379/2359/1379
f 987/2360/987 2401/2361/2401 615/2189/615
f 613/2154/613 991/2153/991 2402/2362/2402
f 2403/2152/2403 991/2153/991 613/2154/613
f 616/2160/616 990/2158/990 989/2363/989
f 1999/2364/1999 51/2148/51 50/2189/50
f 1489/2365/1489 2404/2170/2404 54/2171/54
f 55/2153/55 63/2152/63 2405/2172/2405
f 1491/2173/1491 2406/2143/2406 1490/2366/1490
f 1914/2364/1914 530/2148/530 529/2189/529
f 979/2367/979 2407/2150/2407 978/2151/978
f 77/2152/77 1378/2153/1378 2408/2154/2408
f 2409/2156/2409 980/2368/980 982/2155/982
f 2032/2369/2032 804/2148/804 803/2189/803
f 1731/2370/1731 2410/2150/2410 1730/2151/1730
f 807/2152/807 1717/2153/1717 811/2154/811
f 2411/2156/2411 1732/2371/1732 1733/2155/1733
f 2029/2369/2029 813/2148/813 812/2189/812
f 1712/2372/1712 2412/2170/2412 815/2171/815
f 816/2153/816 817/2152/817 2413/2172/2413
f 1714/2173/1714 2414/2143/2414 1713/2373/1713
f 1722/2374/1722 2415/2375/2415 798/2189/798
f 797/2154/797 1725/2153/1725 2416/2376/2416
f 2417/2152/2417 1725/2153/1725 797/2154/797
f 799/2160/799 1724/2158/1724 1723/2377/1723
f 1716/2378/1716 2418/2379/2418 810/2189/810
f 2419/2154/2419 1720/2153/1720 2420/2380/2420
f 2421/2152/2421 1720/2153/1720 2419/2154/2419
f 808/2160/808 1719/2158/1719 1718/2381/1718
f 1286/2382/1286 2422/2383/2422 2423/2189/2423
f 408/2154/408 1290/2153/1290 2424/2384/2424
f 2425/2152/2425 1290/2153/1290 408/2154/408
f 410/2160/410 1289/2158/1289 1288/2385/1288
f 1230/2386/1230 2426/2387/2426 549/2189/549
f 547/2154/547 1234/2153/1234 2427/2388/2427
f 2428/2152/2428 1234/2153/1234 547/2154/547
f 550/2160/550 1233/2158/1233 1232/2389/1232
f 404/2189/404 319/2390/319 405/2148/405
f 1394/2391/1394 2429/2170/2429 402/2171/402
f 393/2152/393 403/2153/403 394/2154/394
f 2430/2143/2430 1395/2392/1395 1396/2173/1396
f 1950/2390/1950 474/2148/474 473/2189/473
f 1222/2393/1222 2431/2150/2431 1221/2151/1221
f 412/2152/412 1287/2153/1287 2432/2154/2432
f 2433/2156/2433 1223/2394/1223 1225/2155/1225
f 2038/2395/2038 826/2148/826 825/2189/825
f 1752/2396/1752 2434/2150/2434 1751/2151/1751
f 841/2152/841 1743/2153/1743 2435/2154/2435
f 2436/2156/2436 1753/2397/1753 1754/2155/1754
f 2035/2395/2035 837/2148/837 836/2189/836
f 1738/2398/1738 2437/2170/2437 834/2171/834
f 829/2152/829 835/2153/835 830/2154/830
f 2438/2143/2438 1739/2399/1739 1740/2173/1740
f 1756/2400/1756 2439/2401/2439 822/2189/822
f 821/2154/821 1759/2153/1759 2440/2402/2440
f 2441/2152/2441 1759/2153/1759 821/2154/821
f 823/2160/823 1758/2158/1758 1757/2403/1757
f 1742/2404/1742 2442/2405/2442 2443/2189/2443
f 838/2154/838 1746/2153/1746 2444/2406/2444
f 2445/2152/2445 1746/2153/1746 838/2154/838
f 839/2160/839 1745/2158/1745 1744/2407/1744
f 323/2189/323 1307/2280/1307 2446/2408/2446
f 1306/2409/1306 1305/2410/1305 323/2189/323
f 2447/2152/2447 1311/2153/1311 2448/2154/2448
f 321/2160/321 1310/2158/1310 1309/2411/1309
f 562/2189/562 1168/2280/1168 1167/2412/1167
f 1165/2413/1165 1164/2414/1164 562/2189/562
f 2449/2152/2449 1172/2153/1172 560/2154/560
f 563/2160/563 1171/2158/1171 1170/2415/1170
f 1969/2416/1969 326/2148/326 325/2189/325
f 1413/2417/1413 2450/2170/2450 329/2171/329
f 330/2153/330 341/2152/341 2451/2172/2451
f 1415/2173/1415 2452/2143/2452 1414/2418/1414
f 491/2148/491 490/2189/490 721/2416/721
f 1177/2419/1177 2453/2150/2453 1176/2151/1176
f 320/2152/320 1308/2153/1308 324/2154/324
f 2454/2156/2454 1178/2420/1178 1180/2155/1180
f 2044/2421/2044 846/2148/846 845/2189/845
f 1778/2422/1778 2455/2150/2455 1777/2151/1777
f 855/2152/855 1769/2153/1769 859/2154/859
f 2456/2156/2456 1779/2423/1779 1780/2155/1780
f 2041/2421/2041 854/2148/854 853/2189/853
f 1764/2424/1764 2457/2170/2457 851/2171/851
f 848/2152/848 852/2153/852 849/2154/849
f 2458/2143/2458 1765/2425/1765 1766/2173/1766
f 1782/2426/1782 2459/2427/2459 843/2189/843
f 842/2154/842 1785/2153/1785 2460/2428/2460
f 2461/2152/2461 1785/2153/1785 842/2154/842
f 844/2160/844 1784/2158/1784 1783/2429/1783
f 1768/2430/1768 2462/2431/2462 858/2189/858
f 2463/2154/2463 1772/2153/1772 2464/2432/2464
f 2465/2152/2465 1772/2153/1772 2463/2154/2463
f 856/2160/856 1771/2158/1771 1770/2433/1770
f 1292/2434/1292 2466/2435/2466 2467/2189/2467
f 371/2154/371 1296/2153/1296 2468/2436/2468
f 2469/2152/2469 1296/2153/1296 371/2154/371
f 373/2160/373 1295/2158/1295 1294/2437/1294
f 1203/2438/1203 2470/2439/2470 553/2189/553
f 551/2154/551 1207/2153/1207 2471/2440/2471
f 2472/2152/2472 1207/2153/1207 551/2154/551
f 554/2160/554 1206/2158/1206 1205/2441/1205
f 376/2189/376 1964/2442/1964 377/2148/377
f 1399/2443/1399 2473/2170/2473 380/2171/380
f 381/2153/381 386/2152/386 2474/2172/2474
f 1401/2173/1401 2475/2143/2475 1400/2444/1400
f 481/2189/481 104/2442/104 482/2148/482
f 1212/2445/1212 2476/2150/2476 1211/2151/1211
f 375/2152/375 1293/2153/1293 2477/2154/2477
f 2478/2156/2478 1213/2446/1213 1215/2155/1215
f 871/2189/871 534/2447/534 872/2148/872
f 1805/2448/1805 2479/2150/2479 1804/2151/1804
f 877/2152/877 1793/2153/1793 2480/2154/2480
f 2481/2156/2481 1806/2449/1806 1807/2155/1807
f 878/2189/878 862/2447/862 879/2148/879
f 1788/2450/1788 2482/2170/2482 881/2171/881
f 882/2153/882 883/2152/883 2483/2172/2483
f 1790/2173/1790 2484/2143/2484 1789/2451/1789
f 1798/2452/1798 2485/2453/2485 865/2189/865
f 864/2154/864 1801/2153/1801 2486/2454/2486
f 2487/2152/2487 1801/2153/1801 864/2154/864
f 866/2160/866 1800/2158/1800 1799/2455/1799
f 1792/2456/1792 2488/2457/2488 2489/2189/2489
f 874/2154/874 1796/2153/1796 2490/2458/2490
f 2491/2152/2491 1796/2153/1796 874/2154/874
f 875/2160/875 1795/2158/1795 1794/2459/1794
f 1356/2460/1356 2492/2461/2492 171/2189/171
f 2493/2154/2493 1360/2153/1360 2494/2462/2494
f 2495/2152/2495 1360/2153/1360 2493/2154/2493
f 169/2160/169 1359/2158/1359 1358/2463/1358
f 593/2189/593 1043/2280/1043 1042/2464/1042
f 1040/2465/1040 1039/2466/1039 593/2189/593
f 2496/2152/2496 1047/2153/1047 591/2154/591
f 594/2160/594 1046/2158/1046 1045/2467/1045
f 1990/2468/1990 166/2148/166 165/2189/165
f 1466/2469/1466 2497/2170/2497 163/2171/163
f 152/2152/152 164/2153/164 153/2154/153
f 2498/2143/2498 1467/2470/1467 1468/2173/1468
f 1923/2468/1923 519/2148/519 518/2189/518
f 1034/2471/1034 2499/2150/2499 1033/2151/1033
f 168/2152/168 1357/2153/1357 172/2154/172
f 2500/2156/2500 1035/2472/1035 1037/2155/1037
f 2047/2473/2047 892/2148/892 891/2189/891
f 1824/2474/1824 2501/2150/2501 1823/2151/1823
f 907/2152/907 1815/2153/1815 911/2154/911
f 2502/2156/2502 1825/2475/1825 1826/2155/1826
f 905/2189/905 415/2473/415 906/2148/906
f 1810/2476/1810 2503/2170/2503 903/2171/903
f 897/2152/897 904/2153/904 898/2154/898
f 2504/2143/2504 1811/2477/1811 1812/2173/1812
f 1828/2478/1828 2505/2479/2505 889/2189/889
f 888/2154/888 1831/2153/1831 2506/2480/2506
f 2507/2152/2507 1831/2153/1831 888/2154/888
f 890/2160/890 1830/2158/1830 1829/2481/1829
f 1814/2482/1814 2508/2483/2508 910/2189/910
f 2509/2154/2509 1818/2153/1818 2510/2484/2510
f 2511/2152/2511 1818/2153/1818 2509/2154/2509
f 908/2160/908 1817/2158/1817 1816/2485/1816
f 1280/2486/1280 2512/2487/2512 2513/2189/2513
f 417/2154/417 1284/2153/1284 2514/2488/2514
f 2515/2152/2515 1284/2153/1284 417/2154/417
f 419/2160/419 1283/2158/1283 1282/2489/1282
f 1239/2490/1239 2516/2491/2516 542/2189/542
f 540/2154/540 1243/2153/1243 2517/2492/2517
f 2518/2152/2518 1243/2153/1243 540/2154/540
f 543/2160/543 1242/2158/1242 1241/2493/1241
f 423/2148/423 422/2189/422 503/2494/503
f 1389/2495/1389 2519/2170/2519 426/2171/426
f 427/2153/427 436/2152/436 2520/2172/2520
f 1391/2173/1391 2521/2143/2521 1390/2496/1390
f 1953/2494/1953 471/2148/471 470/2189/470
f 1250/2497/1250 2522/2150/2522 1249/2151/1249
f 421/2152/421 1281/2153/1281 2523/2154/2523
f 2524/2156/2524 1251/2498/1251 1253/2155/1253
f 2053/2499/2053 917/2148/917 916/2189/916
f 1855/2500/1855 2525/2150/2525 1854/2151/1854
f 921/2152/921 1841/2153/1841 925/2154/925
f 2526/2156/2526 1856/2501/1856 1857/2155/1857
f 2050/2499/2050 927/2148/927 926/2189/926
f 1836/2502/1836 2527/2170/2527 929/2171/929
f 930/2153/930 931/2152/931 2528/2172/2528
f 1838/2173/1838 2529/2143/2529 1837/2503/1837
f 1846/2504/1846 2530/2505/2530 914/2189/914
f 913/2154/913 1849/2153/1849 2531/2506/2531
f 2532/2152/2532 1849/2153/1849 913/2154/913
f 915/2160/915 1848/2158/1848 1847/2507/1847
f 1840/2508/1840 2533/2509/2533 924/2189/924
f 2534/2154/2534 1844/2153/1844 2535/2510/2535
f 2536/2152/2536 1844/2153/1844 2534/2154/2534
f 922/2160/922 1843/2158/1843 1842/2511/1842
f 1313/2512/1313 2537/2513/2537 2538/2189/2538
f 312/2154/312 1317/2153/1317 2539/2514/2539
f 2540/2152/2540 1317/2153/1317 312/2154/312
f 314/2160/314 1316/2158/1316 1315/2515/1315
f 1158/2516/1158 2541/2517/2541 569/2189/569
f 567/2154/567 1162/2153/1162 2542/2518/2542
f 2543/2152/2543 1162/2153/1162 567/2154/567
f 570/2160/570 1161/2158/1161 1160/2519/1160
f 1972/2520/1972 309/2148/309 308/2189/308
f 1420/2521/1420 2544/2170/2544 306/2171/306
f 298/2152/298 307/2153/307 299/2154/299
f 2545/2143/2545 1421/2522/1421 1422/2173/1422
f 1947/2520/1947 494/2148/494 493/2189/493
f 1150/2523/1150 2546/2150/2546 1149/2151/1149
f 316/2152/316 1314/2153/1314 2547/2154/2547
f 2548/2156/2548 1151/2524/1151 1153/2155/1153
f 2059/2525/2059 939/2148/939 938/2189/938
f 1884/2526/1884 2549/2150/2549 1883/2151/1883
f 940/2152/940 1868/2153/1868 944/2154/944
f 2550/2156/2550 1885/2527/1885 1886/2155/1886
f 2056/2525/2056 946/2148/946 945/2189/945
f 1862/2528/1862 2551/2170/2551 948/2171/948
f 949/2153/949 950/2152/950 2552/2172/2552
f 1864/2173/1864 2553/2143/2553 1863/2529/1863
f 935/2189/935 1875/2280/1875 1874/2530/1874
f 1873/2531/1873 1872/2532/1872 935/2189/935
f 2554/2152/2554 1878/2153/1878 934/2154/934
f 936/2160/936 1877/2158/1877 1876/2533/1876
f 943/2189/943 1867/2280/1867 2555/2534/2555
f 1866/2535/1866 1865/2536/1865 943/2189/943
f 2556/2152/2556 1871/2153/1871 2557/2154/2557
f 941/2160/941 1870/2158/1870 1869/2537/1869
f 1299/2538/1299 2558/2539/2558 367/2189/367
f 2559/2154/2559 1303/2153/1303 2560/2540/2560
f 2561/2152/2561 1303/2153/1303 2559/2154/2559
f 365/2160/365 1302/2158/1302 1301/2541/1301
f 557/2189/557 1194/2280/1194 1193/2542/1193
f 1191/2543/1191 1190/2544/1190 557/2189/557
f 2562/2152/2562 1198/2153/1198 555/2154/555
f 558/2160/558 1197/2158/1197 1196/2545/1196
f 1966/2546/1966 362/2148/362 361/2189/361
f 1406/2547/1406 2563/2170/2563 359/2171/359
f 351/2152/351 360/2153/360 352/2154/352
f 2564/2143/2564 1407/2548/1407 1408/2173/1408
f 485/2148/485 484/2189/484 612/2546/612
f 1185/2549/1185 2565/2150/2565 1184/2151/1184
f 364/2152/364 1300/2153/1300 368/2154/368
f 2566/2156/2566 1186/2550/1186 1188/2155/1188
f 2065/2551/2065 959/2148/959 958/2189/958
f 1905/2552/1905 2567/2150/2567 1904/2151/1904
f 968/2152/968 1896/2153/1896 972/2154/972
f 2568/2156/2568 1906/2553/1906 1907/2155/1907
f 2062/2551/2062 967/2148/967 966/2189/966
f 1891/2554/1891 2569/2170/2569 964/2171/964
f 961/2152/961 965/2153/965 962/2154/962
f 2570/2143/2570 1892/2555/1892 1893/2173/1893
f 1909/2556/1909 2571/2557/2571 955/2189/955
f 954/2154/954 1912/2153/1912 2572/2558/2572
f 2573/2152/2573 1912/2153/1912 954/2154/954
f 956/2160/956 1911/2158/1911 1910/2559/1910
f 1895/2560/1895 2574/2561/2574 971/2189/971
f 2575/2154/2575 1899/2153/1899 2576/2562/2576
f 2577/2152/2577 1899/2153/1899 2575/2154/2575
f 969/2160/969 1898/2158/1898 1897/2563/1897
f 130/2189/130 1364/2280/1364 2578/2564/2578
f 1363/2565/1363 1362/2566/1362 130/2189/130
f 2579/2152/2579 1368/2153/1368 2580/2154/2580
f 129/2160/129 1367/2158/1367 1366/2567/1366
f 598/2189/598 1015/2280/1015 1014/2568/1014
f 1013/2569/1013 1012/2570/1012 598/2189/598
f 2581/2152/2581 1018/2153/1018 596/2154/596
f 599/2160/599 1017/2158/1017 1016/2571/1016
f 1993/2572/1993 134/2148/134 133/2189/133
f 1473/2573/1473 2582/2170/2582 136/2171/136
f 137/2153/137 145/2152/145 2583/2172/2583
f 1475/2173/1475 2584/2143/2584 1474/2574/1474
f 1920/2572/1920 522/2148/522 521/2189/521
f 1025/2575/1025 2585/2150/2585 1024/2151/1024
f 128/2152/128 1365/2153/1365 131/2154/131
f 2586/2156/2586 1026/2576/1026 1027/2155/1027
f 664/2577/664 663/2578/663 2008/2579/2008
f 2587/2138/2587 661/2139/661 1524/2580/1524
f 655/2581/655 662/2153/662 656/2141/656
f 2588/2143/2588 1525/2582/1525 1526/2145/1526
f 644/2189/644 1537/2280/1537 1536/2583/1536
f 1535/2584/1535 1534/2585/1534 644/2189/644
f 643/2152/643 1539/2153/1539 2589/2154/2589
f 642/2160/642 1538/2158/1538 2590/2586/2590
f 21/33/21 42/57/42 22/34/22
f 24/36/24 117/139/117 25/37/25
f 27/39/27 44/59/44 28/40/28
f 30/42/30 132/2587/132 31/43/31
f 29/41/29 28/40/28 33/45/33
f 35/47/35 132/2588/132 30/48/30
f 36/49/36 30/48/30 37/50/37
f 39/52/39 32/588/32 31/53/31
f 37/55/37 30/42/30 32/44/32
f 42/57/42 118/589/118 43/58/43
f 44/59/44 609/666/609 33/60/33
f 45/61/45 609/665/609 44/59/44
f 34/46/34 33/45/33 46/62/46
f 48/64/48 24/36/24 26/38/26
f 51/67/51 2406/2589/2406 2591/2590/2591
f 614/670/614 2592/2591/2592 50/66/50
f 2592/2591/2592 2404/2592/2404 50/66/50
f 51/67/51 2591/2590/2591 52/68/52
f 614/670/614 50/66/50 52/68/52
f 2405/2593/2405 1491/1547/1491 814/867/814
f 814/867/814 819/873/819 2405/2593/2405
f 819/873/819 65/81/65 55/71/55
f 2405/2593/2405 819/873/819 55/71/55
f 65/81/65 53/69/53 55/71/55
f 56/72/56 531/592/531 57/73/57
f 59/75/59 780/870/780 60/76/60
f 64/80/64 2404/2592/2404 2592/2591/2592
f 2592/2591/2592 66/82/66 64/80/64
f 66/82/66 62/78/62 64/80/64
f 62/78/62 2591/2590/2591 63/79/63
f 2591/2590/2591 2406/2589/2406 63/79/63
f 65/81/65 819/873/819 62/78/62
f 67/83/67 780/835/780 57/84/57
f 69/86/69 2067/86/2067 70/87/70
f 72/88/72 2400/2594/2400 73/89/73
f 2408/2595/2408 2407/2596/2407 783/838/783
f 783/838/783 74/90/74 2398/2597/2398
f 74/90/74 73/89/73 2398/2597/2398
f 2408/2595/2408 783/838/783 2398/2597/2398
f 75/91/75 2400/2594/2400 72/88/72
f 2408/2595/2408 2398/2597/2398 75/91/75
f 76/92/76 2409/2598/2409 77/93/77
f 77/93/77 2408/2595/2408 75/91/75
f 75/91/75 72/88/72 76/92/76
f 78/94/78 123/673/123 79/95/79
f 81/97/81 84/674/84 41/98/41
f 83/100/83 535/595/535 84/101/84
f 85/103/85 535/596/535 83/104/83
f 87/106/87 607/663/607 88/107/88
f 2315/2599/2315 2314/2600/2314 705/763/705
f 705/763/705 87/106/87 2593/2601/2593
f 87/106/87 89/108/89 2593/2601/2593
f 2315/2599/2315 705/763/705 2593/2601/2593
f 90/109/90 88/107/88 607/663/607
f 2315/2599/2315 2593/2601/2593 90/109/90
f 91/110/91 2316/2602/2316 92/111/92
f 92/111/92 2315/2599/2315 90/109/90
f 90/109/90 607/663/607 91/110/91
f 93/112/93 716/774/716 94/113/94
f 2313/2603/2313 2312/2604/2312 2594/2605/2594
f 2594/2605/2594 95/114/95 2313/2603/2313
f 95/114/95 94/113/94 98/117/98
f 2313/2603/2313 95/114/95 98/117/98
f 94/113/94 96/115/96 98/117/98
f 99/118/99 692/777/692 100/119/100
f 102/121/102 140/121/140 103/122/103
f 105/123/105 528/587/528 106/124/106
f 108/126/108 1484/1540/1484 722/780/722
f 722/780/722 716/774/716 108/126/108
f 716/774/716 93/112/93 108/126/108
f 93/112/93 1477/1533/1477 109/127/109
f 1477/1533/1477 1481/1537/1481 109/127/109
f 110/128/110 97/116/97 96/115/96
f 112/130/112 2594/2605/2594 2595/2606/2595
f 2594/2605/2594 2312/2604/2312 2595/2606/2595
f 110/128/110 96/115/96 111/129/111
f 112/130/112 2595/2606/2595 110/128/110
f 113/131/113 692/749/692 106/132/106
f 26/134/26 121/148/121 115/135/115
f 24/137/24 603/659/603 116/138/116
f 43/140/43 523/582/523 23/141/23
f 118/143/118 120/147/120 119/144/119
f 42/146/42 21/690/21 120/147/120
f 25/37/25 122/149/122 121/148/121
f 117/139/117 116/138/116 122/149/122
f 123/150/123 524/583/524 124/151/124
f 79/153/79 604/660/604 125/154/125
f 126/156/126 21/33/21 23/35/23
f 129/159/129 2579/2607/2579 81/97/81
f 81/97/81 82/99/82 129/159/129
f 82/99/82 2586/2608/2586 128/158/128
f 131/161/131 2585/2609/2585 970/1026/970
f 957/1011/957 81/97/81 2580/2610/2580
f 81/97/81 2579/2607/2579 2580/2610/2580
f 131/161/131 970/1026/970 130/160/130
f 970/1026/970 957/1011/957 130/160/130
f 129/159/129 128/158/128 131/161/131
f 957/1011/957 2580/2610/2580 130/160/130
f 132/162/132 35/1014/35 40/163/40
f 134/166/134 2584/2611/2584 34/46/34
f 597/655/597 2596/2612/2596 133/165/133
f 2596/2612/2596 2582/2613/2582 133/165/133
f 134/166/134 34/46/34 47/63/47
f 597/655/597 133/165/133 47/63/47
f 2583/2614/2583 1475/1531/1475 45/61/45
f 45/61/45 27/39/27 2583/2614/2583
f 27/39/27 147/177/147 137/169/137
f 2583/2614/2583 27/39/27 137/169/137
f 147/177/147 135/167/135 137/169/137
f 138/170/138 39/52/39 40/54/40
f 140/121/140 102/121/102 141/172/141
f 143/173/143 35/47/35 36/49/36
f 146/176/146 2582/2613/2582 2596/2612/2596
f 2596/2612/2596 148/178/148 146/176/146
f 148/178/148 29/41/29 146/176/146
f 29/41/29 34/46/34 145/175/145
f 34/46/34 2584/2611/2584 145/175/145
f 147/177/147 27/39/27 29/41/29
f 149/179/149 896/950/896 150/180/150
f 153/183/153 2497/2615/2497 2597/2616/2597
f 2597/2616/2597 151/181/151 153/183/153
f 151/181/151 150/180/150 153/183/153
f 150/180/150 2598/2617/2598 152/182/152
f 2598/2617/2598 2498/2618/2498 152/182/152
f 154/184/154 873/953/873 155/185/155
f 71/87/71 70/87/70 157/187/157
f 159/189/159 520/579/520 160/190/160
f 2599/2619/2599 1468/1524/1468 902/955/902
f 902/955/902 896/950/896 2599/2619/2599
f 896/950/896 149/179/149 164/194/164
f 2599/2619/2599 896/950/896 164/194/164
f 149/179/149 162/192/162 164/194/164
f 166/196/166 2498/2618/2498 2598/2617/2598
f 592/650/592 2597/2616/2597 165/195/165
f 2597/2616/2597 2497/2615/2497 165/195/165
f 166/196/166 2598/2617/2598 167/197/167
f 592/650/592 165/195/165 167/197/167
f 169/199/169 2495/2620/2495 595/653/595
f 595/653/595 170/200/170 169/199/169
f 170/200/170 2500/2621/2500 168/198/168
f 172/202/172 2499/2622/2499 876/930/876
f 867/923/867 595/653/595 2493/2623/2493
f 595/653/595 2495/2620/2495 2493/2623/2493
f 172/202/172 876/930/876 171/201/171
f 876/930/876 867/923/867 171/201/171
f 169/199/169 168/198/168 172/202/172
f 867/923/867 2493/2623/2493 171/201/171
f 173/203/173 873/927/873 160/204/160
f 175/206/175 736/792/736 176/207/176
f 178/209/178 586/644/586 179/210/179
f 2364/2624/2364 2363/2625/2363 748/805/748
f 748/805/748 178/209/178 2600/2626/2600
f 178/209/178 180/211/180 2600/2626/2600
f 2364/2624/2364 748/805/748 2600/2626/2600
f 181/212/181 179/210/179 586/644/586
f 2364/2624/2364 2600/2626/2600 181/212/181
f 182/213/182 2365/2627/2365 183/214/183
f 183/214/183 2364/2624/2364 181/212/181
f 181/212/181 586/644/586 182/213/182
f 184/215/184 756/813/756 185/216/185
f 2362/2628/2362 2361/2629/2361 2601/2630/2601
f 2601/2630/2601 186/217/186 2362/2628/2362
f 186/217/186 185/216/185 189/220/189
f 2362/2628/2362 186/217/186 189/220/189
f 185/216/185 187/218/187 189/220/189
f 190/221/190 736/816/736 191/222/191
f 193/224/193 517/576/517 176/225/176
f 195/227/195 1461/1517/1461 1460/1516/1460
f 1460/1516/1460 756/813/756 195/227/195
f 756/813/756 184/215/184 195/227/195
f 184/215/184 1453/1509/1453 196/228/196
f 1453/1509/1453 1457/1513/1457 196/228/196
f 197/229/197 188/219/188 187/218/187
f 199/231/199 2601/2630/2601 2602/2631/2602
f 2601/2630/2601 2361/2629/2361 2602/2631/2602
f 197/229/197 187/218/187 198/230/198
f 199/231/199 2602/2631/2602 197/229/197
f 201/233/201 2337/2632/2337 2603/2633/2603
f 583/641/583 2604/2634/2604 200/232/200
f 2604/2634/2604 2335/2635/2335 200/232/200
f 201/233/201 2603/2633/2603 202/234/202
f 583/641/583 200/232/200 202/234/202
f 2336/2636/2336 1450/1506/1450 739/795/739
f 739/795/739 744/801/744 2336/2636/2336
f 744/801/744 215/248/215 205/237/205
f 2336/2636/2336 744/801/744 205/237/205
f 215/248/215 203/235/203 205/237/205
f 206/238/206 513/573/513 207/239/207
f 142/172/142 141/172/141 208/241/208
f 113/242/113 727/798/727 210/243/210
f 214/247/214 2335/2635/2335 2604/2634/2604
f 2604/2634/2604 216/249/216 214/247/214
f 216/249/216 212/245/212 214/247/214
f 212/245/212 2603/2633/2603 213/246/213
f 2603/2633/2603 2337/2632/2337 213/246/213
f 215/248/215 744/801/744 212/245/212
f 219/252/219 2331/2637/2331 746/803/746
f 746/803/746 2605/2638/2605 219/252/219
f 2605/2638/2605 2342/2639/2342 217/250/217
f 217/250/217 2341/2640/2341 218/251/218
f 2605/2638/2605 217/250/217 219/252/219
f 2341/2640/2341 2339/2641/2339 714/772/714
f 220/253/220 746/803/746 221/254/221
f 746/803/746 2331/2637/2331 221/254/221
f 2341/2640/2341 714/772/714 218/251/218
f 714/772/714 220/253/220 218/251/218
f 190/255/190 727/785/727 207/256/207
f 222/258/222 647/704/647 223/259/223
f 225/261/225 2220/2642/2220 226/262/226
f 227/263/227 2606/2643/2606 225/261/225
f 2606/2643/2606 2222/2644/2222 225/261/225
f 230/266/230 2223/2645/2223 680/736/680
f 680/736/680 239/276/239 230/266/230
f 239/276/239 228/264/228 230/266/230
f 231/267/231 507/569/507 223/268/223
f 233/270/233 647/738/647 234/271/234
f 238/275/238 2222/2644/2222 2606/2643/2606
f 2606/2643/2606 240/277/240 238/275/238
f 240/277/240 236/273/236 238/275/238
f 239/276/239 680/736/680 236/273/236
f 241/278/241 2252/2646/2252 2264/2647/2264
f 2607/2648/2607 2263/2649/2263 242/279/242
f 241/278/241 2264/2647/2264 2607/2648/2607
f 676/732/676 2254/2650/2254 2608/2651/2608
f 241/278/241 2607/2648/2607 242/279/242
f 243/280/243 676/732/676 2608/2651/2608
f 2608/2651/2608 241/278/241 243/280/243
f 244/281/244 577/635/577 245/282/245
f 2244/2652/2244 2243/2653/2243 624/682/624
f 624/682/624 244/281/244 2609/2654/2609
f 244/281/244 246/283/246 2609/2654/2609
f 2244/2652/2244 624/682/624 2609/2654/2609
f 247/284/247 245/282/245 577/635/577
f 2244/2652/2244 2609/2654/2609 247/284/247
f 248/285/248 2245/2655/2245 249/286/249
f 249/286/249 2244/2652/2244 247/284/247
f 247/284/247 577/635/577 248/285/248
f 250/287/250 654/711/654 251/288/251
f 2242/2656/2242 2241/2657/2241 634/691/634
f 634/691/634 252/289/252 2242/2656/2242
f 252/289/252 251/288/251 255/292/255
f 2242/2656/2242 252/289/252 255/292/255
f 251/288/251 253/290/253 255/292/255
f 126/293/126 641/714/641 256/294/256
f 258/296/258 283/296/283 259/297/259
f 261/299/261 505/567/505 262/300/262
f 263/302/263 1438/1494/1438 660/718/660
f 660/718/660 654/711/654 263/302/263
f 654/711/654 250/287/250 263/302/263
f 250/287/250 1431/1487/1431 264/303/264
f 1431/1487/1431 1435/1491/1435 264/303/264
f 265/304/265 254/291/254 253/290/253
f 267/306/267 634/691/634 2610/2658/2610
f 634/691/634 2241/2657/2241 2610/2658/2610
f 265/304/265 253/290/253 266/305/266
f 267/306/267 2610/2658/2610 265/304/265
f 233/307/233 641/698/641 262/308/262
f 99/310/99 686/743/686 268/311/268
f 270/314/270 2289/2659/2289 2611/2660/2611
f 572/630/572 2612/2661/2612 269/313/269
f 2612/2661/2612 2287/2662/2287 269/313/269
f 270/314/270 2611/2660/2611 271/315/271
f 572/630/572 269/313/269 271/315/271
f 2288/2663/2288 1429/1485/1429 695/752/695
f 695/752/695 702/760/702 2288/2663/2288
f 702/760/702 281/328/281 274/318/274
f 2288/2663/2288 702/760/702 274/318/274
f 281/328/281 272/316/272 274/318/274
f 275/319/275 500/562/500 268/320/268
f 222/322/222 686/757/686 276/323/276
f 280/327/280 2287/2662/2287 2612/2661/2612
f 2612/2661/2612 282/329/282 280/327/280
f 282/329/282 278/325/278 280/327/280
f 278/325/278 2611/2660/2611 279/326/279
f 2611/2660/2611 2289/2659/2289 279/326/279
f 281/328/281 702/760/702 278/325/278
f 283/296/283 258/296/258 284/330/284
f 286/331/286 2283/2664/2283 287/332/287
f 2291/2665/2291 2290/2666/2290 678/734/678
f 678/734/678 288/333/288 2281/2667/2281
f 288/333/288 287/332/287 2281/2667/2281
f 2291/2665/2291 678/734/678 2281/2667/2281
f 289/334/289 2283/2664/2283 286/331/286
f 2291/2665/2291 2281/2667/2281 289/334/289
f 290/335/290 2292/2668/2292 291/336/291
f 291/336/291 2291/2665/2291 289/334/289
f 289/334/289 286/331/286 290/335/290
f 292/337/292 918/971/918 293/338/293
f 295/340/295 952/1006/952 296/341/296
f 299/344/299 2544/2669/2544 2613/2670/2613
f 2613/2670/2613 297/342/297 299/344/299
f 297/342/297 296/341/296 299/344/299
f 296/341/296 2614/2671/2614 298/343/298
f 2614/2671/2614 2545/2672/2545 298/343/298
f 300/345/300 918/1003/918 301/346/301
f 303/348/303 495/558/495 293/349/293
f 2615/2673/2615 1422/1478/1422 947/1000/947
f 947/1000/947 952/1006/952 2615/2673/2615
f 952/1006/952 295/340/295 307/353/307
f 2615/2673/2615 952/1006/952 307/353/307
f 295/340/295 305/351/305 307/353/307
f 309/355/309 2545/2672/2545 2614/2671/2614
f 568/626/568 2613/2670/2613 308/354/308
f 2613/2670/2613 2544/2669/2544 308/354/308
f 309/355/309 2614/2671/2614 310/356/310
f 568/626/568 308/354/308 310/356/310
f 311/357/311 2540/2674/2540 312/358/312
f 2547/2675/2547 2546/2676/2546 923/975/923
f 923/975/923 313/359/313 2538/2677/2538
f 313/359/313 312/358/312 2538/2677/2538
f 2547/2675/2547 923/975/923 2538/2677/2538
f 314/360/314 2540/2674/2540 311/357/311
f 2547/2675/2547 2538/2677/2538 314/360/314
f 315/361/315 2548/2678/2548 316/362/316
f 316/362/316 2547/2675/2547 314/360/314
f 314/360/314 311/357/311 315/361/315
f 317/363/317 334/363/334 318/364/318
f 321/367/321 2447/2679/2447 564/623/564
f 564/623/564 322/368/322 321/367/321
f 322/368/322 2454/2680/2454 320/366/320
f 324/370/324 2453/2681/2453 840/895/840
f 824/878/824 564/623/564 2448/2682/2448
f 564/623/564 2447/2679/2447 2448/2682/2448
f 324/370/324 840/895/840 323/369/323
f 840/895/840 824/878/824 323/369/323
f 321/367/321 320/366/320 324/370/324
f 824/878/824 2448/2682/2448 323/369/323
f 326/372/326 2452/2683/2452 2616/2684/2616
f 561/620/561 2617/2685/2617 325/371/325
f 2617/2685/2617 2450/2686/2450 325/371/325
f 326/372/326 2616/2684/2616 327/373/327
f 561/620/561 325/371/325 327/373/327
f 2451/2687/2451 1415/1471/1415 850/906/850
f 850/906/850 847/902/847 2451/2687/2451
f 847/902/847 343/387/343 330/376/330
f 2451/2687/2451 847/902/847 330/376/330
f 343/387/343 328/374/328 330/376/330
f 331/377/331 492/555/492 332/378/332
f 334/363/334 317/363/317 335/380/335
f 337/381/337 827/905/827 338/382/338
f 342/386/342 2450/2686/2450 2617/2685/2617
f 2617/2685/2617 344/388/344 342/386/342
f 344/388/344 340/384/340 342/386/342
f 340/384/340 2616/2684/2616 341/385/341
f 2616/2684/2616 2452/2683/2452 341/385/341
f 343/387/343 847/902/847 340/384/340
f 345/389/345 827/881/827 332/390/332
f 143/392/143 953/1007/953 347/393/347
f 348/395/348 960/1015/960 349/396/349
f 352/399/352 2563/2688/2563 2618/2689/2618
f 2618/2689/2618 350/397/350 352/399/352
f 350/397/350 349/396/349 352/399/352
f 349/396/349 2619/2690/2619 351/398/351
f 2619/2690/2619 2564/2691/2564 351/398/351
f 292/400/292 953/1018/953 353/401/353
f 285/330/285 284/330/284 355/403/355
f 357/405/357 486/551/486 347/406/347
f 2620/2692/2620 1408/1464/1408 963/1019/963
f 963/1019/963 960/1015/960 2620/2692/2620
f 960/1015/960 348/395/348 360/410/360
f 2620/2692/2620 960/1015/960 360/410/360
f 348/395/348 358/408/358 360/410/360
f 362/412/362 2564/2691/2564 2619/2690/2619
f 556/615/556 2618/2689/2618 361/411/361
f 2618/2689/2618 2563/2688/2563 361/411/361
f 362/412/362 2619/2690/2619 363/413/363
f 556/615/556 361/411/361 363/413/363
f 365/415/365 2561/2693/2561 559/618/559
f 559/618/559 366/416/366 365/415/365
f 366/416/366 2566/2694/2566 364/414/364
f 368/418/368 2565/2695/2565 942/995/942
f 937/990/937 559/618/559 2559/2696/2559
f 559/618/559 2561/2693/2561 2559/2696/2559
f 368/418/368 942/995/942 367/417/367
f 942/995/942 937/990/937 367/417/367
f 365/415/365 364/414/364 368/418/368
f 937/990/937 2559/2696/2559 367/417/367
f 154/419/154 863/919/863 369/420/369
f 370/422/370 2469/2697/2469 371/423/371
f 2477/2698/2477 2476/2699/2476 857/913/857
f 857/913/857 372/424/372 2467/2700/2467
f 372/424/372 371/423/371 2467/2700/2467
f 2477/2698/2477 857/913/857 2467/2700/2467
f 373/425/373 2469/2697/2469 370/422/370
f 2477/2698/2477 2467/2700/2467 373/425/373
f 374/426/374 2478/2701/2478 375/427/375
f 375/427/375 2477/2698/2477 373/425/373
f 373/425/373 370/422/370 374/426/374
f 377/429/377 2475/2702/2475 2621/2703/2621
f 552/611/552 2622/2704/2622 376/428/376
f 2622/2704/2622 2473/2705/2473 376/428/376
f 377/429/377 2621/2703/2621 378/430/378
f 552/611/552 376/428/376 378/430/378
f 2474/2706/2474 1401/1457/1401 880/934/880
f 880/934/880 885/940/885 2474/2706/2474
f 885/940/885 388/443/388 381/433/381
f 2474/2706/2474 885/940/885 381/433/381
f 388/443/388 379/431/379 381/433/381
f 382/434/382 483/548/483 369/435/369
f 345/437/345 863/937/863 383/438/383
f 387/442/387 2473/2705/2473 2622/2704/2622
f 2622/2704/2622 389/444/389 387/442/387
f 389/444/389 385/440/385 387/442/387
f 385/440/385 2621/2703/2621 386/441/386
f 2621/2703/2621 2475/2702/2475 386/441/386
f 388/443/388 885/940/885 385/440/385
f 390/445/390 828/882/828 391/446/391
f 394/449/394 2429/2707/2429 2623/2708/2623
f 2623/2708/2623 392/447/392 394/449/394
f 392/447/392 391/446/391 394/449/394
f 391/446/391 2624/2709/2624 393/448/393
f 2624/2709/2624 2430/2710/2430 393/448/393
f 67/450/67 820/885/820 395/451/395
f 336/380/336 335/380/335 397/453/397
f 399/455/399 475/541/475 400/456/400
f 2625/2711/2625 1396/1452/1396 833/888/833
f 833/888/833 828/882/828 2625/2711/2625
f 828/882/828 390/445/390 403/460/403
f 2625/2711/2625 828/882/828 403/460/403
f 390/445/390 401/458/401 403/460/403
f 405/462/405 2430/2710/2430 2624/2709/2624
f 548/607/548 2623/2708/2623 404/461/404
f 2623/2708/2623 2429/2707/2429 404/461/404
f 405/462/405 2624/2709/2624 406/463/406
f 548/607/548 404/461/404 406/463/406
f 407/464/407 2425/2712/2425 408/465/408
f 2432/2713/2432 2431/2714/2431 809/862/809
f 809/862/809 409/466/409 2423/2715/2423
f 409/466/409 408/465/408 2423/2715/2423
f 2432/2713/2432 809/862/809 2423/2715/2423
f 410/467/410 2425/2712/2425 407/464/407
f 2432/2713/2432 2423/2715/2423 410/467/410
f 411/468/411 2433/2716/2433 412/469/412
f 412/469/412 2432/2713/2432 410/467/410
f 410/467/410 407/464/407 411/468/411
f 413/470/413 430/470/430 414/471/414
f 337/473/337 820/874/820 400/474/400
f 416/476/416 2515/2717/2515 417/477/417
f 2523/2718/2523 2522/2719/2522 909/962/909
f 909/962/909 418/478/418 2513/2720/2513
f 418/478/418 417/477/417 2513/2720/2513
f 2523/2718/2523 909/962/909 2513/2720/2513
f 419/479/419 2515/2717/2515 416/476/416
f 2523/2718/2523 2513/2720/2513 419/479/419
f 420/480/420 2524/2721/2524 421/481/421
f 421/481/421 2523/2718/2523 419/479/419
f 419/479/419 416/476/416 420/480/420
f 423/483/423 2521/2722/2521 2626/2723/2626
f 541/602/541 2627/2724/2627 422/482/422
f 2627/2724/2627 2519/2725/2519 422/482/422
f 423/483/423 2626/2723/2626 424/484/424
f 541/602/541 422/482/422 424/484/424
f 2520/2726/2520 1391/1447/1391 928/980/928
f 928/980/928 933/986/933 2520/2726/2520
f 933/986/933 438/498/438 427/487/427
f 2520/2726/2520 933/986/933 427/487/427
f 438/498/438 425/485/425 427/487/427
f 428/488/428 472/538/472 429/489/429
f 430/470/430 413/470/413 431/491/431
f 173/492/173 912/983/912 433/493/433
f 437/497/437 2519/2725/2519 2627/2724/2627
f 2627/2724/2627 439/499/439 437/497/437
f 439/499/439 435/495/435 437/497/437
f 435/495/435 2626/2723/2626 436/496/436
f 2626/2723/2626 2521/2722/2521 436/496/436
f 438/498/438 933/986/933 435/495/435
f 300/500/300 912/965/912 429/501/429
f 59/503/59 771/828/771 440/504/440
f 441/506/441 2379/2727/2379 442/507/442
f 2386/2728/2386 2385/2729/2385 769/826/769
f 769/826/769 443/508/443 2377/2730/2377
f 443/508/443 442/507/442 2377/2730/2377
f 2386/2728/2386 769/826/769 2377/2730/2377
f 444/509/444 2379/2727/2379 441/506/441
f 2386/2728/2386 2377/2730/2377 444/509/444
f 445/510/445 2387/2731/2387 446/511/446
f 446/511/446 2386/2728/2386 444/509/444
f 444/509/444 441/506/441 445/510/445
f 447/512/447 786/841/786 448/513/448
f 451/516/451 2383/2732/2383 760/817/760
f 760/817/760 449/514/449 451/516/451
f 449/514/449 448/513/448 451/516/451
f 448/513/448 2628/2733/2628 450/515/450
f 2628/2733/2628 2384/2734/2384 450/515/450
f 175/517/175 771/844/771 452/518/452
f 454/520/454 467/520/467 455/521/455
f 457/523/457 466/534/466 440/524/440
f 2629/2735/2629 1386/1442/1386 792/848/792
f 792/848/792 786/841/786 2629/2735/2629
f 786/841/786 447/512/447 460/528/460
f 2629/2735/2629 786/841/786 460/528/460
f 447/512/447 458/526/458 460/528/460
f 462/530/462 2384/2734/2384 2628/2733/2628
f 537/598/537 760/817/760 461/529/461
f 760/817/760 2383/2732/2383 461/529/461
f 462/530/462 2628/2733/2628 463/531/463
f 537/598/537 461/529/461 463/531/463
f 465/533/465 2387/2731/2387 445/510/445
f 457/523/457 769/826/769 464/532/464
f 769/826/769 2385/2729/2385 464/532/464
f 465/533/465 445/510/445 466/534/466
f 457/523/457 464/532/464 466/534/466
f 467/520/467 454/520/454 468/535/468
f 471/537/471 2524/2721/2524 420/480/420
f 428/488/428 909/962/909 470/536/470
f 909/962/909 2522/2719/2522 470/536/470
f 471/537/471 420/480/420 472/538/472
f 428/488/428 470/536/470 472/538/472
f 474/540/474 2433/2716/2433 411/468/411
f 399/455/399 809/862/809 473/539/473
f 809/862/809 2431/2714/2431 473/539/473
f 474/540/474 411/468/411 475/541/475
f 399/455/399 473/539/473 475/541/475
f 432/491/432 431/491/431 476/542/476
f 478/544/478 487/544/487 479/545/479
f 482/547/482 2478/2701/2478 374/426/374
f 382/434/382 857/913/857 481/546/481
f 857/913/857 2476/2699/2476 481/546/481
f 482/547/482 374/426/374 483/548/483
f 382/434/382 481/546/481 483/548/483
f 485/550/485 2566/2694/2566 366/416/366
f 357/405/357 942/995/942 484/549/484
f 942/995/942 2565/2695/2565 484/549/484
f 485/550/485 366/416/366 486/551/486
f 357/405/357 484/549/484 486/551/486
f 487/544/487 478/544/478 488/552/488
f 491/554/491 2454/2680/2454 322/368/322
f 331/377/331 840/895/840 490/553/490
f 840/895/840 2453/2681/2453 490/553/490
f 491/554/491 322/368/322 492/555/492
f 331/377/331 490/553/490 492/555/492
f 494/557/494 2548/2678/2548 315/361/315
f 303/348/303 923/975/923 493/556/493
f 923/975/923 2546/2676/2546 493/556/493
f 494/557/494 315/361/315 495/558/495
f 303/348/303 493/556/493 495/558/495
f 469/535/469 468/535/468 496/559/496
f 499/561/499 2292/2668/2292 290/335/290
f 275/319/275 678/734/678 498/560/498
f 678/734/678 2290/2666/2290 498/560/498
f 499/561/499 290/335/290 500/562/500
f 275/319/275 498/560/498 500/562/500
f 501/563/501 508/563/508 502/564/502
f 504/566/504 2245/2655/2245 248/285/248
f 261/299/261 624/682/624 2630/2736/2630
f 624/682/624 2243/2653/2243 2630/2736/2630
f 504/566/504 248/285/248 505/567/505
f 261/299/261 2630/2736/2630 504/566/504
f 506/568/506 2261/2737/2261 507/569/507
f 231/267/231 242/279/242 506/568/506
f 242/279/242 2263/2649/2263 506/568/506
f 508/563/508 501/563/501 509/570/509
f 512/572/512 2342/2639/2342 2605/2638/2605
f 206/238/206 714/772/714 511/571/511
f 714/772/714 2339/2641/2339 511/571/511
f 512/572/512 2605/2638/2605 513/573/513
f 206/238/206 511/571/511 513/573/513
f 489/552/489 488/552/488 514/574/514
f 516/575/516 2365/2627/2365 182/213/182
f 193/224/193 748/805/748 2631/2738/2631
f 748/805/748 2363/2625/2363 2631/2738/2631
f 516/575/516 182/213/182 517/576/517
f 193/224/193 2631/2738/2631 516/575/516
f 519/578/519 2500/2621/2500 170/200/170
f 159/189/159 876/930/876 518/577/518
f 876/930/876 2499/2622/2499 518/577/518
f 519/578/519 170/200/170 520/579/520
f 159/189/159 518/577/518 520/579/520
f 522/581/522 2586/2608/2586 82/99/82
f 138/170/138 970/1026/970 521/580/521
f 970/1026/970 2585/2609/2585 521/580/521
f 522/581/522 82/99/82 39/52/39
f 138/170/138 521/580/521 39/52/39
f 80/155/80 125/154/125 523/582/523
f 78/145/78 119/144/119 524/583/524
f 510/570/510 509/570/509 525/584/525
f 527/586/527 2316/2602/2316 91/110/91
f 105/123/105 705/763/705 2632/2739/2632
f 705/763/705 2314/2600/2314 2632/2739/2632
f 527/586/527 91/110/91 528/587/528
f 105/123/105 2632/2739/2632 527/586/527
f 82/99/82 41/98/41 32/588/32
f 118/589/118 78/94/78 80/96/80
f 530/591/530 2409/2598/2409 76/92/76
f 56/72/56 783/838/783 529/590/529
f 783/838/783 2407/2596/2407 529/590/529
f 530/591/530 76/92/76 531/592/531
f 56/72/56 529/590/529 531/592/531
f 532/593/532 544/593/544 533/594/533
f 535/595/535 37/55/37 41/56/41
f 38/51/38 37/50/37 535/596/535
f 463/531/463 2382/2740/2382 536/597/536
f 539/600/539 2382/2740/2382 463/531/463
f 443/508/443 537/598/537 538/599/538
f 537/598/537 536/597/536 538/599/538
f 539/600/539 463/531/463 441/506/441
f 443/508/443 538/599/538 441/506/441
f 424/484/424 2518/2741/2518 540/601/540
f 543/604/543 2518/2741/2518 424/484/424
f 418/478/418 541/602/541 542/603/542
f 541/602/541 540/601/540 542/603/542
f 543/604/543 424/484/424 416/476/416
f 418/478/418 542/603/542 416/476/416
f 544/593/544 532/593/532 545/605/545
f 406/463/406 2428/2742/2428 547/606/547
f 550/609/550 2428/2742/2428 406/463/406
f 409/466/409 548/607/548 549/608/549
f 548/607/548 547/606/547 549/608/549
f 550/609/550 406/463/406 407/464/407
f 409/466/409 549/608/549 407/464/407
f 378/430/378 2472/2743/2472 551/610/551
f 554/613/554 2472/2743/2472 378/430/378
f 372/424/372 552/611/552 553/612/553
f 552/611/552 551/610/551 553/612/553
f 554/613/554 378/430/378 370/422/370
f 372/424/372 553/612/553 370/422/370
f 363/413/363 2562/2744/2562 555/614/555
f 558/617/558 2562/2744/2562 363/413/363
f 937/990/937 556/615/556 557/616/557
f 556/615/556 555/614/555 557/616/557
f 558/617/558 363/413/363 559/618/559
f 937/990/937 557/616/557 559/618/559
f 327/373/327 2449/2745/2449 560/619/560
f 563/622/563 2449/2745/2449 327/373/327
f 824/878/824 561/620/561 562/621/562
f 561/620/561 560/619/560 562/621/562
f 563/622/563 327/373/327 564/623/564
f 824/878/824 562/621/562 564/623/564
f 546/605/546 545/605/545 565/624/565
f 310/356/310 2543/2746/2543 567/625/567
f 570/628/570 2543/2746/2543 310/356/310
f 313/359/313 568/626/568 569/627/569
f 568/626/568 567/625/567 569/627/569
f 570/628/570 310/356/310 311/357/311
f 313/359/313 569/627/569 311/357/311
f 271/315/271 2286/2747/2286 571/629/571
f 574/632/574 2286/2747/2286 271/315/271
f 288/333/288 572/630/572 573/631/573
f 572/630/572 571/629/571 573/631/573
f 574/632/574 271/315/271 286/331/286
f 288/333/288 573/631/573 286/331/286
f 267/306/267 266/305/266 575/633/575
f 578/636/578 575/633/575 266/305/266
f 244/281/244 267/306/267 2633/2748/2633
f 267/306/267 576/634/576 2633/2748/2633
f 578/636/578 266/305/266 577/635/577
f 244/281/244 2633/2748/2633 578/636/578
f 579/637/579 2257/2749/2257 676/732/676
f 227/263/227 226/262/226 2634/2750/2634
f 226/262/226 2258/2751/2258 2634/2750/2634
f 579/637/579 676/732/676 243/280/243
f 227/263/227 2634/2750/2634 579/637/579
f 202/234/202 746/803/746 580/638/580
f 582/640/582 580/638/580 746/803/746
f 583/641/583 202/234/202 2333/2752/2333
f 202/234/202 581/639/581 2333/2752/2333
f 582/640/582 746/803/746 220/253/220
f 583/641/583 2333/2752/2333 582/640/582
f 199/231/199 198/230/198 584/642/584
f 587/645/587 584/642/584 198/230/198
f 178/209/178 199/231/199 2635/2753/2635
f 199/231/199 585/643/585 2635/2753/2635
f 587/645/587 198/230/198 586/644/586
f 178/209/178 2635/2753/2635 587/645/587
f 588/646/588 600/646/600 589/647/589
f 167/197/167 2496/2754/2496 591/649/591
f 594/652/594 2496/2754/2496 167/197/167
f 867/923/867 592/650/592 593/651/593
f 592/650/592 591/649/591 593/651/593
f 594/652/594 167/197/167 595/653/595
f 867/923/867 593/651/593 595/653/595
f 47/63/47 2581/2755/2581 596/654/596
f 599/657/599 2581/2755/2581 47/63/47
f 957/1011/957 597/655/597 598/656/598
f 597/655/597 596/654/596 598/656/598
f 599/657/599 47/63/47 81/97/81
f 957/1011/957 598/656/598 81/97/81
f 600/646/600 588/646/588 601/658/601
f 48/152/48 124/151/124 603/659/603
f 49/136/49 115/135/115 604/660/604
f 112/130/112 111/129/111 605/661/605
f 608/664/608 605/661/605 111/129/111
f 87/106/87 112/130/112 2636/2756/2636
f 112/130/112 606/662/606 2636/2756/2636
f 608/664/608 111/129/111 607/663/607
f 87/106/87 2636/2756/2636 608/664/608
f 86/105/86 83/104/83 609/665/609
f 609/666/609 83/100/83 46/102/46
f 610/667/610 626/667/626 611/668/611
f 52/68/52 2403/2757/2403 613/669/613
f 616/672/616 2403/2757/2403 52/68/52
f 74/90/74 614/670/614 615/671/615
f 614/670/614 613/669/613 615/671/615
f 616/672/616 52/68/52 72/88/72
f 74/90/74 615/671/615 72/88/72
f 123/673/123 48/64/48 49/65/49
f 47/63/47 46/62/46 84/674/84
f 115/135/115 267/306/267 617/675/617
f 619/677/619 617/675/617 267/306/267
f 604/660/604 115/135/115 2637/2758/2637
f 115/135/115 618/676/618 2637/2758/2637
f 619/677/619 267/306/267 244/281/244
f 604/660/604 2637/2758/2637 619/677/619
f 621/679/621 2227/2759/2227 625/683/625
f 625/683/625 261/299/261 621/679/621
f 261/299/261 523/582/523 621/679/621
f 523/582/523 125/154/125 620/678/620
f 125/154/125 2225/2760/2225 620/678/620
f 622/680/622 2219/2761/2219 623/681/623
f 624/682/624 261/299/261 625/683/625
f 626/667/626 610/667/610 627/684/627
f 629/685/629 635/692/635 634/691/634
f 115/135/115 121/148/121 2638/2762/2638
f 121/148/121 2234/2763/2234 2638/2762/2638
f 629/685/629 634/691/634 267/306/267
f 115/135/115 2638/2762/2638 629/685/629
f 630/686/630 1499/1555/1499 1431/1487/1431
f 1431/1487/1431 250/287/250 630/686/630
f 250/287/250 116/138/116 630/686/630
f 116/138/116 603/659/603 631/687/631
f 603/659/603 1496/1552/1496 631/687/631
f 523/582/523 261/299/261 127/301/127
f 602/658/602 601/658/601 632/688/632
f 21/690/21 126/293/126 257/295/257
f 2639/2764/2639 2234/2763/2234 121/148/121
f 121/148/121 122/149/122 2639/2764/2639
f 122/149/122 252/289/252 636/693/636
f 2639/2764/2639 122/149/122 636/693/636
f 252/289/252 634/691/634 636/693/636
f 116/138/116 250/287/250 252/289/252
f 604/660/604 244/281/244 637/694/637
f 2226/2765/2226 2225/2760/2225 125/154/125
f 125/154/125 604/660/604 2640/2766/2640
f 604/660/604 638/695/638 2640/2766/2640
f 2226/2765/2226 125/154/125 2640/2766/2640
f 639/696/639 637/694/637 244/281/244
f 2226/2765/2226 2640/2766/2640 639/696/639
f 624/682/624 623/681/623 640/697/640
f 640/697/640 2226/2765/2226 639/696/639
f 639/696/639 244/281/244 624/682/624
f 641/698/641 126/156/126 127/157/127
f 227/263/227 243/280/243 642/699/642
f 644/701/644 642/699/642 243/280/243
f 266/305/266 227/263/227 2589/2767/2589
f 227/263/227 643/700/643 2589/2767/2589
f 644/701/644 243/280/243 577/635/577
f 266/305/266 2589/2767/2589 644/701/644
f 646/703/646 2247/2768/2247 242/279/242
f 505/567/505 248/285/248 645/702/645
f 248/285/248 2246/2769/2246 645/702/645
f 646/703/646 242/279/242 231/267/231
f 505/567/505 645/702/645 231/267/231
f 647/704/647 233/307/233 232/309/232
f 649/706/649 2251/2770/2251 243/280/243
f 243/280/243 242/279/242 649/706/649
f 242/279/242 2247/2768/2247 648/705/648
f 651/708/651 2246/2769/2246 248/285/248
f 577/635/577 243/280/243 2249/2771/2249
f 243/280/243 2251/2770/2251 2249/2771/2249
f 651/708/651 248/285/248 650/707/650
f 248/285/248 577/635/577 650/707/650
f 649/706/649 648/705/648 651/708/651
f 577/635/577 2249/2771/2249 650/707/650
f 628/684/628 627/684/627 652/709/652
f 654/711/654 239/276/239 240/277/240
f 2587/2772/2587 253/290/253 656/713/656
f 253/290/253 251/288/251 656/713/656
f 251/288/251 240/277/240 656/713/656
f 240/277/240 2606/2643/2606 655/712/655
f 2606/2643/2606 2588/2773/2588 655/712/655
f 641/714/641 233/270/233 235/272/235
f 657/715/657 669/715/669 658/716/658
f 505/567/505 231/267/231 232/269/232
f 2641/2774/2641 1526/1582/1526 228/264/228
f 228/264/228 239/276/239 2641/2774/2641
f 239/276/239 654/711/654 662/720/662
f 2641/2774/2641 239/276/239 662/720/662
f 654/711/654 660/718/660 662/720/662
f 664/722/664 2588/2773/2588 2606/2643/2606
f 266/305/266 253/290/253 663/721/663
f 253/290/253 2587/2772/2587 663/721/663
f 664/722/664 2606/2643/2606 227/263/227
f 266/305/266 663/721/663 227/263/227
f 666/724/666 2258/2751/2258 226/262/226
f 226/262/226 572/630/572 665/723/665
f 572/630/572 2275/2775/2275 665/723/665
f 2259/2776/2259 666/724/666 665/723/665
f 2259/2776/2259 665/723/665 667/725/667
f 676/732/676 2257/2749/2257 2259/2776/2259
f 2275/2775/2275 572/630/572 668/726/668
f 572/630/572 288/333/288 668/726/668
f 288/333/288 676/732/676 667/725/667
f 676/732/676 2259/2776/2259 667/725/667
f 669/715/669 657/715/657 670/727/670
f 2642/2777/2642 2265/2778/2265 2267/2779/2267
f 2642/2777/2642 2267/2779/2267 672/728/672
f 507/569/507 2261/2737/2261 2642/2777/2642
f 2269/2780/2269 678/734/678 673/729/673
f 678/734/678 275/319/275 673/729/673
f 275/319/275 507/569/507 672/728/672
f 507/569/507 2642/2777/2642 672/728/672
f 675/731/675 2254/2650/2254 676/732/676
f 676/732/676 288/333/288 674/730/674
f 288/333/288 2279/2781/2279 674/730/674
f 2643/2782/2643 2264/2647/2264 2252/2646/2252
f 2255/2783/2255 675/731/675 674/730/674
f 2643/2782/2643 2252/2646/2252 2255/2783/2255
f 2267/2779/2267 2265/2778/2265 2643/2782/2643
f 2268/2784/2268 2267/2779/2267 2643/2782/2643
f 2643/2782/2643 2255/2783/2255 2277/2785/2277
f 2255/2783/2255 674/730/674 2277/2785/2277
f 2268/2784/2268 2643/2782/2643 2277/2785/2277
f 677/733/677 2279/2781/2279 288/333/288
f 2268/2784/2268 2277/2785/2277 677/733/677
f 678/734/678 2269/2780/2269 679/735/679
f 679/735/679 2268/2784/2268 677/733/677
f 677/733/677 288/333/288 678/734/678
f 680/736/680 281/328/281 282/329/282
f 681/737/681 2271/2786/2271 2224/2787/2224
f 2644/2788/2644 237/274/237 236/273/236
f 681/737/681 2224/2787/2224 2644/2788/2644
f 2612/2661/2612 2273/2789/2273 2272/2790/2272
f 681/737/681 2644/2788/2644 236/273/236
f 282/329/282 2612/2661/2612 2272/2790/2272
f 2272/2790/2272 681/737/681 282/329/282
f 647/738/647 222/322/222 277/324/277
f 507/569/507 275/319/275 224/321/224
f 2645/2791/2645 1554/1610/1554 272/316/272
f 272/316/272 281/328/281 2645/2791/2645
f 281/328/281 680/736/680 683/740/683
f 2645/2791/2645 281/328/281 683/740/683
f 680/736/680 2223/2645/2223 682/739/682
f 682/739/682 1552/1608/1552 1551/1607/1551
f 682/739/682 1551/1607/1551 683/740/683
f 2646/2792/2646 2224/2787/2224 2271/2786/2271
f 2646/2792/2646 2271/2786/2271 684/741/684
f 226/262/226 2220/2642/2220 2646/2792/2646
f 2273/2789/2273 2612/2661/2612 685/742/685
f 2612/2661/2612 572/630/572 685/742/685
f 572/630/572 226/262/226 684/741/684
f 226/262/226 2646/2792/2646 684/741/684
f 686/743/686 222/258/222 224/260/224
f 112/130/112 2301/2793/2301 687/744/687
f 689/746/689 2301/2793/2301 112/130/112
f 286/331/286 271/315/271 688/745/688
f 271/315/271 687/744/687 688/745/688
f 689/746/689 112/130/112 87/106/87
f 286/331/286 688/745/688 87/106/87
f 691/748/691 2295/2794/2295 705/763/705
f 500/562/500 290/335/290 690/747/690
f 290/335/290 2293/2795/2293 690/747/690
f 691/748/691 705/763/705 105/123/105
f 500/562/500 690/747/690 105/123/105
f 692/749/692 99/310/99 107/312/107
f 694/751/694 2298/2796/2298 2594/2605/2594
f 271/315/271 2611/2660/2611 693/750/693
f 2611/2660/2611 2296/2797/2296 693/750/693
f 694/751/694 2594/2605/2594 112/130/112
f 271/315/271 693/750/693 112/130/112
f 2297/2798/2297 1585/1641/1585 1477/1533/1477
f 1477/1533/1477 93/112/93 2297/2798/2297
f 93/112/93 702/760/702 697/754/697
f 2297/2798/2297 93/112/93 697/754/697
f 702/760/702 695/752/695 697/754/697
f 500/562/500 105/123/105 107/125/107
f 671/727/671 670/727/670 698/755/698
f 686/757/686 99/118/99 101/120/101
f 701/759/701 2296/2797/2296 2611/2660/2611
f 2611/2660/2611 278/325/278 701/759/701
f 278/325/278 95/114/95 701/759/701
f 95/114/95 2594/2605/2594 700/758/700
f 2594/2605/2594 2298/2796/2298 700/758/700
f 702/760/702 93/112/93 95/114/95
f 87/106/87 2305/2799/2305 703/761/703
f 2294/2800/2294 2293/2795/2293 290/335/290
f 290/335/290 286/331/286 2303/2801/2303
f 286/331/286 703/761/703 2303/2801/2303
f 2294/2800/2294 290/335/290 2303/2801/2303
f 704/762/704 2305/2799/2305 87/106/87
f 2294/2800/2294 2303/2801/2303 704/762/704
f 705/763/705 2295/2794/2295 706/764/706
f 706/764/706 2294/2800/2294 704/762/704
f 704/762/704 87/106/87 705/763/705
f 583/641/583 2324/2802/2324 707/765/707
f 709/767/709 2324/2802/2324 583/641/583
f 607/663/607 111/129/111 708/766/708
f 111/129/111 707/765/707 708/766/708
f 709/767/709 583/641/583 220/253/220
f 607/663/607 708/766/708 220/253/220
f 711/769/711 2319/2803/2319 714/772/714
f 528/587/528 91/110/91 710/768/710
f 91/110/91 2317/2804/2317 710/768/710
f 711/769/711 714/772/714 206/238/206
f 528/587/528 710/768/710 206/238/206
f 220/253/220 2328/2805/2328 712/770/712
f 2318/2806/2318 2317/2804/2317 91/110/91
f 91/110/91 607/663/607 2326/2807/2326
f 607/663/607 712/770/712 2326/2807/2326
f 2318/2806/2318 91/110/91 2326/2807/2326
f 713/771/713 2328/2805/2328 220/253/220
f 2318/2806/2318 2326/2807/2326 713/771/713
f 714/772/714 2319/2803/2319 715/773/715
f 715/773/715 2318/2806/2318 713/771/713
f 713/771/713 220/253/220 714/772/714
f 716/774/716 215/248/215 216/249/216
f 718/776/718 2320/2808/2320 96/115/96
f 96/115/96 94/113/94 718/776/718
f 94/113/94 216/249/216 718/776/718
f 216/249/216 2604/2634/2604 717/775/717
f 2604/2634/2604 2321/2809/2321 717/775/717
f 692/777/692 113/242/113 211/244/211
f 719/778/719 733/778/733 720/779/720
f 528/587/528 206/238/206 114/240/114
f 2647/2810/2647 1611/1667/1611 203/235/203
f 203/235/203 215/248/215 2647/2810/2647
f 215/248/215 716/774/716 724/782/724
f 2647/2810/2647 215/248/215 724/782/724
f 716/774/716 722/780/722 724/782/724
f 726/784/726 2321/2809/2321 2604/2634/2604
f 111/129/111 96/115/96 725/783/725
f 96/115/96 2320/2808/2320 725/783/725
f 726/784/726 2604/2634/2604 583/641/583
f 111/129/111 725/783/725 583/641/583
f 727/785/727 113/131/113 114/133/114
f 199/231/199 2350/2811/2350 728/786/728
f 730/788/730 2350/2811/2350 199/231/199
f 746/803/746 202/234/202 729/787/729
f 202/234/202 728/786/728 729/787/729
f 730/788/730 199/231/199 178/209/178
f 746/803/746 729/787/729 178/209/178
f 732/790/732 2345/2812/2345 748/805/748
f 513/573/513 2605/2638/2605 731/789/731
f 2605/2638/2605 2343/2813/2343 731/789/731
f 732/790/732 748/805/748 193/224/193
f 513/573/513 731/789/731 193/224/193
f 733/778/733 719/778/719 734/791/734
f 736/792/736 190/255/190 194/257/194
f 738/794/738 2348/2814/2348 2601/2630/2601
f 202/234/202 2603/2633/2603 737/793/737
f 2603/2633/2603 2346/2815/2346 737/793/737
f 738/794/738 2601/2630/2601 199/231/199
f 202/234/202 737/793/737 199/231/199
f 2347/2816/2347 1633/1689/1633 1453/1509/1453
f 1453/1509/1453 184/215/184 2347/2816/2347
f 184/215/184 744/801/744 741/797/741
f 2347/2816/2347 184/215/184 741/797/741
f 744/801/744 739/795/739 741/797/741
f 513/573/513 193/224/193 194/226/194
f 727/798/727 190/221/190 192/223/192
f 743/800/743 2346/2815/2346 2603/2633/2603
f 2603/2633/2603 212/245/212 743/800/743
f 212/245/212 186/217/186 743/800/743
f 186/217/186 2601/2630/2601 742/799/742
f 2601/2630/2601 2348/2814/2348 742/799/742
f 744/801/744 184/215/184 186/217/186
f 178/209/178 2354/2817/2354 745/802/745
f 2344/2818/2344 2343/2813/2343 2605/2638/2605
f 2605/2638/2605 746/803/746 2352/2819/2352
f 746/803/746 745/802/745 2352/2819/2352
f 2344/2818/2344 2605/2638/2605 2352/2819/2352
f 747/804/747 2354/2817/2354 178/209/178
f 2344/2818/2344 2352/2819/2352 747/804/747
f 748/805/748 2345/2812/2345 749/806/749
f 749/806/749 2344/2818/2344 747/804/747
f 747/804/747 178/209/178 748/805/748
f 198/230/198 537/598/537 750/807/750
f 752/809/752 750/807/750 537/598/537
f 586/644/586 198/230/198 2648/2820/2648
f 198/230/198 751/808/751 2648/2820/2648
f 752/809/752 537/598/537 443/508/443
f 586/644/586 2648/2820/2648 752/809/752
f 753/810/753 2368/2821/2368 769/826/769
f 517/576/517 182/213/182 2649/2822/2649
f 182/213/182 2366/2823/2366 2649/2822/2649
f 753/810/753 769/826/769 457/523/457
f 517/576/517 2649/2822/2649 753/810/753
f 754/811/754 761/818/761 760/817/760
f 198/230/198 187/218/187 2650/2824/2650
f 187/218/187 2369/2825/2369 2650/2824/2650
f 754/811/754 760/817/760 537/598/537
f 198/230/198 2650/2824/2650 754/811/754
f 755/812/755 1659/1715/1659 458/526/458
f 458/526/458 447/512/447 755/812/755
f 447/512/447 756/813/756 755/812/755
f 756/813/756 1460/1516/1460 757/814/757
f 1460/1516/1460 1656/1712/1656 757/814/757
f 517/576/517 457/523/457 177/525/177
f 735/791/735 734/791/734 758/815/758
f 736/816/736 175/517/175 453/519/453
f 2651/2826/2651 2369/2825/2369 187/218/187
f 187/218/187 185/216/185 2651/2826/2651
f 185/216/185 449/514/449 762/819/762
f 2651/2826/2651 185/216/185 762/819/762
f 449/514/449 760/817/760 762/819/762
f 756/813/756 447/512/447 449/514/449
f 763/820/763 775/820/775 764/821/764
f 586/644/586 443/508/443 766/823/766
f 2367/2827/2367 2366/2823/2366 182/213/182
f 182/213/182 586/644/586 2652/2828/2652
f 586/644/586 767/824/767 2652/2828/2652
f 2367/2827/2367 182/213/182 2652/2828/2652
f 768/825/768 766/823/766 443/508/443
f 2367/2827/2367 2652/2828/2652 768/825/768
f 769/826/769 2368/2821/2368 770/827/770
f 770/827/770 2367/2827/2367 768/825/768
f 768/825/768 443/508/443 769/826/769
f 771/828/771 175/206/175 177/208/177
f 614/670/614 2392/2829/2392 772/829/772
f 774/831/774 2392/2829/2392 614/670/614
f 441/506/441 463/531/463 773/830/773
f 463/531/463 772/829/772 773/830/773
f 774/831/774 614/670/614 74/90/74
f 441/506/441 773/830/773 74/90/74
f 775/820/775 763/820/763 776/832/776
f 779/834/779 2389/2830/2389 783/838/783
f 466/534/466 445/510/445 778/833/778
f 445/510/445 2388/2831/2388 778/833/778
f 779/834/779 783/838/783 56/72/56
f 466/534/466 778/833/778 56/72/56
f 780/835/780 59/503/59 58/505/58
f 782/837/782 2396/2832/2396 74/90/74
f 74/90/74 783/838/783 782/837/782
f 783/838/783 2389/2830/2389 781/836/781
f 785/840/785 2388/2831/2388 445/510/445
f 441/506/441 74/90/74 2394/2833/2394
f 74/90/74 2396/2832/2396 2394/2833/2394
f 785/840/785 445/510/445 784/839/784
f 445/510/445 441/506/441 784/839/784
f 782/837/782 781/836/781 785/840/785
f 441/506/441 2394/2833/2394 784/839/784
f 786/841/786 65/81/65 66/82/66
f 788/843/788 2390/2834/2390 2628/2733/2628
f 2628/2733/2628 448/513/448 788/843/788
f 448/513/448 66/82/66 788/843/788
f 66/82/66 2592/2591/2592 787/842/787
f 2592/2591/2592 2391/2835/2391 787/842/787
f 771/844/771 59/75/59 61/77/61
f 789/845/789 800/845/800 790/846/790
f 466/534/466 56/72/56 58/74/58
f 2653/2836/2653 1686/1742/1686 53/69/53
f 53/69/53 65/81/65 2653/2836/2653
f 65/81/65 786/841/786 794/850/794
f 2653/2836/2653 65/81/65 794/850/794
f 786/841/786 792/848/792 794/850/794
f 796/852/796 2391/2835/2391 2592/2591/2592
f 463/531/463 2628/2733/2628 795/851/795
f 2628/2733/2628 2390/2834/2390 795/851/795
f 796/852/796 2592/2591/2592 614/670/614
f 463/531/463 795/851/795 614/670/614
f 548/607/548 2417/2837/2417 797/853/797
f 799/855/799 2417/2837/2417 548/607/548
f 72/88/72 52/68/52 798/854/798
f 52/68/52 797/853/797 798/854/798
f 799/855/799 548/607/548 409/466/409
f 72/88/72 798/854/798 409/466/409
f 800/845/800 789/845/789 801/856/801
f 804/858/804 2411/2838/2411 809/862/809
f 531/592/531 76/92/76 803/857/803
f 76/92/76 2410/2839/2410 803/857/803
f 804/858/804 809/862/809 399/455/399
f 531/592/531 803/857/803 399/455/399
f 777/832/777 776/832/776 805/859/805
f 808/861/808 2421/2840/2421 409/466/409
f 409/466/409 809/862/809 808/861/808
f 809/862/809 2411/2838/2411 807/860/807
f 811/864/811 2410/2839/2410 76/92/76
f 72/88/72 409/466/409 2419/2841/2419
f 409/466/409 2421/2840/2421 2419/2841/2419
f 811/864/811 76/92/76 810/863/810
f 76/92/76 72/88/72 810/863/810
f 808/861/808 807/860/807 811/864/811
f 72/88/72 2419/2841/2419 810/863/810
f 813/866/813 2414/2842/2414 2623/2708/2623
f 52/68/52 2591/2590/2591 812/865/812
f 2591/2590/2591 2412/2843/2412 812/865/812
f 813/866/813 2623/2708/2623 548/607/548
f 52/68/52 812/865/812 548/607/548
f 2413/2844/2413 1714/1770/1714 401/458/401
f 401/458/401 390/445/390 2413/2844/2413
f 390/445/390 819/873/819 816/869/816
f 2413/2844/2413 390/445/390 816/869/816
f 819/873/819 814/867/814 816/869/816
f 531/592/531 399/455/399 68/457/68
f 780/870/780 67/450/67 396/452/396
f 818/872/818 2412/2843/2412 2591/2590/2591
f 2591/2590/2591 62/78/62 818/872/818
f 62/78/62 392/447/392 818/872/818
f 392/447/392 2623/2708/2623 817/871/817
f 2623/2708/2623 2414/2842/2414 817/871/817
f 819/873/819 390/445/390 392/447/392
f 820/874/820 67/83/67 68/85/68
f 561/620/561 2441/2845/2441 821/875/821
f 823/877/823 2441/2845/2441 561/620/561
f 407/464/407 406/463/406 822/876/822
f 406/463/406 821/875/821 822/876/822
f 823/877/823 561/620/561 824/878/824
f 407/464/407 822/876/822 824/878/824
f 826/880/826 2436/2846/2436 840/895/840
f 475/541/475 411/468/411 825/879/825
f 411/468/411 2434/2847/2434 825/879/825
f 826/880/826 840/895/840 331/377/331
f 475/541/475 825/879/825 331/377/331
f 827/881/827 337/473/337 333/475/333
f 828/882/828 343/387/343 344/388/344
f 830/884/830 2437/2848/2437 2624/2709/2624
f 2624/2709/2624 391/446/391 830/884/830
f 391/446/391 344/388/344 830/884/830
f 344/388/344 2617/2685/2617 829/883/829
f 2617/2685/2617 2438/2849/2438 829/883/829
f 820/885/820 337/381/337 339/383/339
f 802/856/802 801/856/801 831/886/831
f 475/541/475 331/377/331 333/379/333
f 2654/2850/2654 1740/1796/1740 328/374/328
f 328/374/328 343/387/343 2654/2850/2654
f 343/387/343 828/882/828 835/890/835
f 2654/2850/2654 343/387/343 835/890/835
f 828/882/828 833/888/833 835/890/835
f 837/892/837 2438/2849/2438 2617/2685/2617
f 406/463/406 2624/2709/2624 836/891/836
f 2624/2709/2624 2437/2848/2437 836/891/836
f 837/892/837 2617/2685/2617 561/620/561
f 406/463/406 836/891/836 561/620/561
f 824/878/824 2445/2851/2445 838/893/838
f 2435/2852/2435 2434/2847/2434 411/468/411
f 411/468/411 407/464/407 2443/2853/2443
f 407/464/407 838/893/838 2443/2853/2443
f 2435/2852/2435 411/468/411 2443/2853/2443
f 839/894/839 2445/2851/2445 824/878/824
f 2435/2852/2435 2443/2853/2443 839/894/839
f 840/895/840 2436/2846/2436 841/896/841
f 841/896/841 2435/2852/2435 839/894/839
f 839/894/839 824/878/824 840/895/840
f 552/611/552 2461/2854/2461 842/897/842
f 844/899/844 2461/2854/2461 552/611/552
f 564/623/564 327/373/327 843/898/843
f 327/373/327 842/897/842 843/898/843
f 844/899/844 552/611/552 372/424/372
f 564/623/564 843/898/843 372/424/372
f 846/901/846 2456/2855/2456 857/913/857
f 492/555/492 322/368/322 845/900/845
f 322/368/322 2455/2856/2455 845/900/845
f 846/901/846 857/913/857 382/434/382
f 492/555/492 845/900/845 382/434/382
f 847/902/847 388/443/388 389/444/389
f 849/904/849 2457/2857/2457 2616/2684/2616
f 2616/2684/2616 340/384/340 849/904/849
f 340/384/340 389/444/389 849/904/849
f 389/444/389 2622/2704/2622 848/903/848
f 2622/2704/2622 2458/2858/2458 848/903/848
f 827/905/827 345/437/345 384/439/384
f 492/555/492 382/434/382 346/436/346
f 2655/2859/2655 1766/1822/1766 379/431/379
f 379/431/379 388/443/388 2655/2859/2655
f 388/443/388 847/902/847 852/908/852
f 2655/2859/2655 388/443/388 852/908/852
f 847/902/847 850/906/850 852/908/852
f 854/910/854 2458/2858/2458 2622/2704/2622
f 327/373/327 2616/2684/2616 853/909/853
f 2616/2684/2616 2457/2857/2457 853/909/853
f 854/910/854 2622/2704/2622 552/611/552
f 327/373/327 853/909/853 552/611/552
f 856/912/856 2465/2860/2465 372/424/372
f 372/424/372 857/913/857 856/912/856
f 857/913/857 2456/2855/2456 855/911/855
f 859/915/859 2455/2856/2455 322/368/322
f 564/623/564 372/424/372 2463/2861/2463
f 372/424/372 2465/2860/2465 2463/2861/2463
f 859/915/859 322/368/322 858/914/858
f 322/368/322 564/623/564 858/914/858
f 856/912/856 855/911/855 859/915/859
f 564/623/564 2463/2861/2463 858/914/858
f 860/916/860 868/916/868 861/917/861
f 863/919/863 345/389/345 346/391/346
f 592/650/592 2487/2862/2487 864/920/864
f 866/922/866 2487/2862/2487 592/650/592
f 370/422/370 378/430/378 865/921/865
f 378/430/378 864/920/864 865/921/865
f 866/922/866 592/650/592 867/923/867
f 370/422/370 865/921/865 867/923/867
f 868/916/868 860/916/860 869/924/869
f 872/926/872 2481/2863/2481 876/930/876
f 483/548/483 374/426/374 871/925/871
f 374/426/374 2479/2864/2479 871/925/871
f 872/926/872 876/930/876 159/189/159
f 483/548/483 871/925/871 159/189/159
f 873/927/873 154/419/154 161/421/161
f 867/923/867 2491/2865/2491 874/928/874
f 2480/2866/2480 2479/2864/2479 374/426/374
f 374/426/374 370/422/370 2489/2867/2489
f 370/422/370 874/928/874 2489/2867/2489
f 2480/2866/2480 374/426/374 2489/2867/2489
f 875/929/875 2491/2865/2491 867/923/867
f 2480/2866/2480 2489/2867/2489 875/929/875
f 876/930/876 2481/2863/2481 877/931/877
f 877/931/877 2480/2866/2480 875/929/875
f 875/929/875 867/923/867 876/930/876
f 879/933/879 2484/2868/2484 2597/2616/2597
f 378/430/378 2621/2703/2621 878/932/878
f 2621/2703/2621 2482/2869/2482 878/932/878
f 879/933/879 2597/2616/2597 592/650/592
f 378/430/378 878/932/878 592/650/592
f 2483/2870/2483 1790/1846/1790 162/192/162
f 162/192/162 149/179/149 2483/2870/2483
f 149/179/149 885/940/885 882/936/882
f 2483/2870/2483 149/179/149 882/936/882
f 885/940/885 880/934/880 882/936/882
f 483/548/483 159/189/159 161/191/161
f 863/937/863 154/184/154 156/186/156
f 884/939/884 2482/2869/2482 2621/2703/2621
f 2621/2703/2621 385/440/385 884/939/884
f 385/440/385 151/181/151 884/939/884
f 151/181/151 2597/2616/2597 883/938/883
f 2597/2616/2597 2484/2868/2484 883/938/883
f 885/940/885 149/179/149 151/181/151
f 870/924/870 869/924/869 886/941/886
f 541/602/541 2507/2871/2507 888/943/888
f 890/945/890 2507/2871/2507 541/602/541
f 595/653/595 167/197/167 889/944/889
f 167/197/167 888/943/888 889/944/889
f 890/945/890 541/602/541 418/478/418
f 595/653/595 889/944/889 418/478/418
f 892/947/892 2502/2872/2502 909/962/909
f 520/579/520 170/200/170 891/946/891
f 170/200/170 2501/2873/2501 891/946/891
f 892/947/892 909/962/909 428/488/428
f 520/579/520 891/946/891 428/488/428
f 893/948/893 899/948/899 894/949/894
f 896/950/896 438/498/438 439/499/439
f 898/952/898 2503/2874/2503 2598/2617/2598
f 2598/2617/2598 150/180/150 898/952/898
f 150/180/150 439/499/439 898/952/898
f 439/499/439 2627/2724/2627 897/951/897
f 2627/2724/2627 2504/2875/2504 897/951/897
f 873/953/873 173/492/173 434/494/434
f 899/948/899 893/948/893 900/954/900
f 520/579/520 428/488/428 174/490/174
f 2656/2876/2656 1812/1868/1812 425/485/425
f 425/485/425 438/498/438 2656/2876/2656
f 438/498/438 896/950/896 904/957/904
f 2656/2876/2656 438/498/438 904/957/904
f 896/950/896 902/955/902 904/957/904
f 906/959/906 2504/2875/2504 2627/2724/2627
f 167/197/167 2598/2617/2598 905/958/905
f 2598/2617/2598 2503/2874/2503 905/958/905
f 906/959/906 2627/2724/2627 541/602/541
f 167/197/167 905/958/905 541/602/541
f 908/961/908 2511/2877/2511 418/478/418
f 418/478/418 909/962/909 908/961/908
f 909/962/909 2502/2872/2502 907/960/907
f 911/964/911 2501/2873/2501 170/200/170
f 595/653/595 418/478/418 2509/2878/2509
f 418/478/418 2511/2877/2511 2509/2878/2509
f 911/964/911 170/200/170 910/963/910
f 170/200/170 595/653/595 910/963/910
f 908/961/908 907/960/907 911/964/911
f 595/653/595 2509/2878/2509 910/963/910
f 912/965/912 173/203/173 174/205/174
f 568/626/568 2532/2879/2532 913/966/913
f 915/968/915 2532/2879/2532 568/626/568
f 416/476/416 424/484/424 914/967/914
f 424/484/424 913/966/913 914/967/914
f 915/968/915 568/626/568 313/359/313
f 416/476/416 914/967/914 313/359/313
f 917/970/917 2526/2880/2526 923/975/923
f 472/538/472 420/480/420 916/969/916
f 420/480/420 2525/2881/2525 916/969/916
f 917/970/917 923/975/923 303/348/303
f 472/538/472 916/969/916 303/348/303
f 918/971/918 300/500/300 304/502/304
f 901/954/901 900/954/900 919/972/919
f 922/974/922 2536/2882/2536 313/359/313
f 313/359/313 923/975/923 922/974/922
f 923/975/923 2526/2880/2526 921/973/921
f 925/977/925 2525/2881/2525 420/480/420
f 416/476/416 313/359/313 2534/2883/2534
f 313/359/313 2536/2882/2536 2534/2883/2534
f 925/977/925 420/480/420 924/976/924
f 420/480/420 416/476/416 924/976/924
f 922/974/922 921/973/921 925/977/925
f 416/476/416 2534/2883/2534 924/976/924
f 927/979/927 2529/2884/2529 2613/2670/2613
f 424/484/424 2626/2723/2626 926/978/926
f 2626/2723/2626 2527/2885/2527 926/978/926
f 927/979/927 2613/2670/2613 568/626/568
f 424/484/424 926/978/926 568/626/568
f 2528/2886/2528 1838/1894/1838 305/351/305
f 305/351/305 295/340/295 2528/2886/2528
f 295/340/295 933/986/933 930/982/930
f 2528/2886/2528 295/340/295 930/982/930
f 933/986/933 928/980/928 930/982/930
f 472/538/472 303/348/303 304/350/304
f 912/983/912 300/345/300 302/347/302
f 932/985/932 2527/2885/2527 2626/2723/2626
f 2626/2723/2626 435/495/435 932/985/932
f 435/495/435 297/342/297 932/985/932
f 297/342/297 2613/2670/2613 931/984/931
f 2613/2670/2613 2529/2884/2529 931/984/931
f 933/986/933 295/340/295 297/342/297
f 556/615/556 2554/2887/2554 934/987/934
f 936/989/936 2554/2887/2554 556/615/556
f 311/357/311 310/356/310 935/988/935
f 310/356/310 934/987/934 935/988/935
f 936/989/936 556/615/556 937/990/937
f 311/357/311 935/988/935 937/990/937
f 939/992/939 2550/2888/2550 942/995/942
f 495/558/495 315/361/315 938/991/938
f 315/361/315 2549/2889/2549 938/991/938
f 939/992/939 942/995/942 357/405/357
f 495/558/495 938/991/938 357/405/357
f 941/994/941 2556/2890/2556 937/990/937
f 937/990/937 942/995/942 941/994/941
f 942/995/942 2550/2888/2550 940/993/940
f 944/997/944 2549/2889/2549 315/361/315
f 311/357/311 937/990/937 2557/2891/2557
f 937/990/937 2556/2890/2556 2557/2891/2557
f 944/997/944 315/361/315 943/996/943
f 315/361/315 311/357/311 943/996/943
f 941/994/941 940/993/940 944/997/944
f 311/357/311 2557/2891/2557 943/996/943
f 946/999/946 2553/2892/2553 2618/2689/2618
f 310/356/310 2614/2671/2614 945/998/945
f 2614/2671/2614 2551/2893/2551 945/998/945
f 946/999/946 2618/2689/2618 556/615/556
f 310/356/310 945/998/945 556/615/556
f 2552/2894/2552 1864/1920/1864 358/408/358
f 358/408/358 348/395/348 2552/2894/2552
f 348/395/348 952/1006/952 949/1002/949
f 2552/2894/2552 348/395/348 949/1002/949
f 952/1006/952 947/1000/947 949/1002/949
f 495/558/495 357/405/357 294/407/294
f 918/1003/918 292/400/292 354/402/354
f 951/1005/951 2551/2893/2551 2614/2671/2614
f 2614/2671/2614 296/341/296 951/1005/951
f 296/341/296 350/397/350 951/1005/951
f 350/397/350 2618/2689/2618 950/1004/950
f 2618/2689/2618 2553/2892/2553 950/1004/950
f 952/1006/952 348/395/348 350/397/350
f 953/1007/953 292/337/292 294/339/294
f 597/655/597 2573/2895/2573 954/1008/954
f 956/1010/956 2573/2895/2573 597/655/597
f 559/618/559 363/413/363 955/1009/955
f 363/413/363 954/1008/954 955/1009/955
f 956/1010/956 597/655/597 957/1011/957
f 559/618/559 955/1009/955 957/1011/957
f 959/1013/959 2568/2896/2568 970/1026/970
f 486/551/486 366/416/366 958/1012/958
f 366/416/366 2567/2897/2567 958/1012/958
f 959/1013/959 970/1026/970 138/170/138
f 486/551/486 958/1012/958 138/170/138
f 35/1014/35 143/392/143 139/394/139
f 960/1015/960 147/177/147 148/178/148
f 962/1017/962 2569/2898/2569 2619/2690/2619
f 2619/2690/2619 349/396/349 962/1017/962
f 349/396/349 148/178/148 962/1017/962
f 148/178/148 2596/2612/2596 961/1016/961
f 2596/2612/2596 2570/2899/2570 961/1016/961
f 953/1018/953 143/173/143 144/174/144
f 486/551/486 138/170/138 139/171/139
f 2657/2900/2657 1893/1949/1893 135/167/135
f 135/167/135 147/177/147 2657/2900/2657
f 147/177/147 960/1015/960 965/1021/965
f 2657/2900/2657 147/177/147 965/1021/965
f 960/1015/960 963/1019/963 965/1021/965
f 967/1023/967 2570/2899/2570 2596/2612/2596
f 363/413/363 2619/2690/2619 966/1022/966
f 2619/2690/2619 2569/2898/2569 966/1022/966
f 967/1023/967 2596/2612/2596 597/655/597
f 363/413/363 966/1022/966 597/655/597
f 969/1025/969 2577/2901/2577 957/1011/957
f 957/1011/957 970/1026/970 969/1025/969
f 970/1026/970 2568/2896/2568 968/1024/968
f 972/1028/972 2567/2897/2567 366/416/366
f 559/618/559 957/1011/957 2575/2902/2575
f 957/1011/957 2577/2901/2577 2575/2902/2575
f 972/1028/972 366/416/366 971/1027/971
f 366/416/366 559/618/559 971/1027/971
f 969/1025/969 968/1024/968 972/1028/972
f 559/618/559 2575/2902/2575 971/1027/971
f 973/1029/973 979/1035/979 974/1030/974
f 61/77/61 975/1031/975 973/1029/973
f 975/1031/975 2070/1970/2070 973/1029/973
f 60/76/60 977/1033/977 975/1031/975
f 976/1032/976 2076/1969/2076 977/1033/977
f 60/76/60 981/1037/981 976/1032/976
f 981/1037/981 980/1036/980 976/1032/976
f 983/1039/983 2402/2903/2402 984/1040/984
f 985/1041/985 987/1043/987 983/1039/983
f 986/1042/986 2401/2904/2401 987/1043/987
f 990/1046/990 2401/2904/2401 986/1042/986
f 986/1042/986 988/1044/988 990/1046/990
f 2658/2905/2658 989/1045/989 988/1044/988
f 984/1040/984 2402/2903/2402 991/1047/991
f 991/1047/991 2658/2905/2658 988/1044/988
f 992/1048/992 2311/2906/2311 993/1049/993
f 994/1050/994 996/1052/996 992/1048/992
f 995/1051/995 2309/2907/2309 996/1052/996
f 999/1055/999 2309/2907/2309 995/1051/995
f 995/1051/995 997/1053/997 999/1055/999
f 1000/1056/1000 998/1054/998 997/1053/997
f 993/1049/993 2311/2906/2311 2310/2908/2310
f 2310/2908/2310 1000/1056/1000 993/1049/993
f 1001/1057/1001 1007/1063/1007 1002/1058/1002
f 101/120/101 1003/1059/1003 1001/1057/1001
f 1003/1059/1003 2100/1972/2100 1001/1057/1001
f 100/119/100 1005/1061/1005 1003/1059/1003
f 1004/1060/1004 2105/1971/2105 1005/1061/1005
f 100/119/100 1009/1065/1009 1004/1060/1004
f 1009/1065/1009 1008/1064/1008 1004/1060/1004
f 1011/1067/1011 1361/1417/1361 1012/1068/1012
f 1015/1071/1015 1012/1068/1012 1361/1417/1361
f 1361/1417/1361 85/103/85 1015/1071/1015
f 1017/1073/1017 1014/1070/1014 85/103/85
f 85/103/85 86/105/86 1017/1073/1017
f 2659/2909/2659 1016/1072/1016 86/105/86
f 1011/1067/1011 1013/1069/1013 1018/1074/1018
f 1018/1074/1018 2659/2909/2659 86/105/86
f 1019/1075/1019 1025/1081/1025 1020/1076/1020
f 144/174/144 1021/1077/1021 1019/1075/1019
f 1021/1077/1021 2117/1974/2117 1019/1075/1019
f 36/49/36 1023/1079/1023 1021/1077/1021
f 1022/1078/1022 2121/1973/2121 1023/1079/1023
f 36/49/36 38/51/38 1022/1078/1022
f 38/51/38 1026/1082/1026 1022/1078/1022
f 1028/1084/1028 1034/1090/1034 1029/1085/1029
f 156/186/156 1030/1086/1030 1028/1084/1028
f 1030/1086/1030 2128/2091/2128 1028/1084/1028
f 155/185/155 1032/1088/1032 1030/1086/1030
f 1031/1087/1031 2131/1975/2131 1032/1088/1032
f 155/185/155 1036/1092/1036 1031/1087/1031
f 1036/1092/1036 1035/1091/1035 1031/1087/1031
f 1038/1094/1038 1355/1411/1355 1039/1095/1039
f 1043/1099/1043 1039/1095/1039 1355/1411/1355
f 1355/1411/1355 1041/1097/1041 1043/1099/1043
f 1046/1102/1046 1042/1098/1042 1041/1097/1041
f 1041/1097/1041 1044/1100/1044 1046/1102/1046
f 2660/2910/2660 1045/1101/1045 1044/1100/1044
f 1038/1094/1038 1040/1096/1040 1047/1103/1047
f 1047/1103/1047 2660/2910/2660 1044/1100/1044
f 1048/1104/1048 2360/2911/2360 1049/1105/1049
f 1050/1106/1050 1052/1108/1052 1048/1104/1048
f 1051/1107/1051 2358/2912/2358 1052/1108/1052
f 1055/1111/1055 2358/2912/2358 1051/1107/1051
f 1051/1107/1051 1053/1109/1053 1055/1111/1055
f 1056/1112/1056 1054/1110/1054 1053/1109/1053
f 1049/1105/1049 2360/2911/2360 2359/2913/2359
f 2359/2913/2359 1056/1112/1056 1049/1105/1049
f 1057/1113/1057 1063/1119/1063 1058/1114/1058
f 192/223/192 1059/1115/1059 1057/1113/1057
f 1059/1115/1059 2149/1978/2149 1057/1113/1057
f 191/222/191 1061/1117/1061 1059/1115/1059
f 1060/1116/1060 2152/2102/2152 1061/1117/1061
f 191/222/191 1065/1121/1065 1060/1116/1060
f 1065/1121/1065 1064/1120/1064 1060/1116/1060
f 211/244/211 1069/1125/1069 1067/1123/1067
f 210/243/210 1071/1127/1071 1069/1125/1069
f 1070/1126/1070 2160/2106/2160 1071/1127/1071
f 210/243/210 1074/1130/1074 1070/1126/1070
f 1074/1130/1074 1076/1132/1076 1070/1126/1070
f 1072/1128/1072 1068/1124/1068 1067/1123/1067
f 1077/1133/1077 1081/1137/1081 1078/1134/1078
f 1080/1136/1080 2661/1980/2661 1081/1137/1081
f 1077/1133/1077 1343/1399/1343 1080/1136/1080
f 1343/1399/1343 2332/2914/2332 1080/1136/1080
f 1084/1140/1084 2332/2914/2332 1343/1399/1343
f 1343/1399/1343 1082/1138/1082 1084/1140/1084
f 2662/2915/2662 1083/1139/1083 1082/1138/1082
f 1079/1135/1079 1078/1134/1078 1085/1141/1085
f 1078/1134/1078 2168/1981/2168 1085/1141/1085
f 1085/1141/1085 2662/2915/2662 1082/1138/1082
f 235/272/235 1088/1144/1088 1086/1142/1086
f 234/271/234 1089/1145/1089 1088/1144/1088
f 1089/1145/1089 234/271/234 1090/1146/1090
f 1092/1148/1092 1087/1143/1087 1086/1142/1086
f 1094/1150/1094 1098/1154/1098 1095/1151/1095
f 1097/1153/1097 2663/1983/2663 1098/1154/1098
f 1094/1150/1094 1102/1158/1102 1097/1153/1097
f 1102/1158/1102 1104/1160/1104 1097/1153/1097
f 1105/1161/1105 1100/1156/1100 1099/1155/1099
f 1096/1152/1096 1095/1151/1095 1105/1161/1105
f 1095/1151/1095 2186/2118/2186 1105/1161/1105
f 1106/1162/1106 2240/2916/2240 1107/1163/1107
f 1108/1164/1108 1110/1166/1110 1106/1162/1106
f 1109/1165/1109 2238/2917/2238 1110/1166/1110
f 1113/1169/1113 2238/2917/2238 1109/1165/1109
f 1109/1165/1109 1111/1167/1111 1113/1169/1113
f 1114/1170/1114 1112/1168/1112 1111/1167/1111
f 1107/1163/1107 2240/2916/2240 2239/2918/2239
f 2239/2918/2239 1114/1170/1114 1107/1163/1107
f 1115/1171/1115 1121/1177/1121 1116/1172/1116
f 257/295/257 1117/1173/1117 1115/1171/1115
f 1117/1173/1117 2194/2120/2194 1115/1171/1115
f 256/294/256 1119/1175/1119 1117/1173/1117
f 1118/1174/1118 2197/1985/2197 1119/1175/1119
f 256/294/256 1123/1179/1123 1118/1174/1118
f 1123/1179/1123 1122/1178/1122 1118/1174/1118
f 1125/1181/1125 1131/1187/1131 1126/1182/1126
f 277/324/277 1127/1183/1127 1125/1181/1125
f 1127/1183/1127 2200/1988/2200 1125/1181/1125
f 276/323/276 1129/1185/1129 1127/1183/1127
f 1128/1184/1128 2206/1987/2206 1129/1185/1129
f 276/323/276 1133/1189/1133 1128/1184/1128
f 1133/1189/1133 1132/1188/1132 1128/1184/1128
f 1135/1191/1135 2285/2919/2285 1136/1192/1136
f 1137/1193/1137 1139/1195/1139 1135/1191/1135
f 1138/1194/1138 2284/2920/2284 1139/1195/1139
f 1142/1198/1142 2284/2920/2284 1138/1194/1138
f 1138/1194/1138 1140/1196/1140 1142/1198/1142
f 2664/2921/2664 1141/1197/1141 1140/1196/1140
f 1136/1192/1136 2285/2919/2285 1143/1199/1143
f 1143/1199/1143 2664/2921/2664 1140/1196/1140
f 1144/1200/1144 1150/1206/1150 1145/1201/1145
f 302/347/302 1147/1203/1147 1144/1200/1144
f 1147/1203/1147 2212/1990/2212 1144/1200/1144
f 302/347/302 301/346/301 1146/1202/1146
f 1148/1204/1148 2216/1989/2216 1146/1202/1146
f 301/346/301 1152/1208/1152 1148/1204/1148
f 1152/1208/1152 1151/1207/1151 1148/1204/1148
f 1154/1210/1154 2542/2922/2542 1155/1211/1155
f 1156/1212/1156 1158/1214/1158 1154/1210/1154
f 1157/1213/1157 2541/2923/2541 1158/1214/1158
f 1161/1217/1161 2541/2923/2541 1157/1213/1157
f 1157/1213/1157 1159/1215/1159 1161/1217/1161
f 2665/2924/2665 1160/1216/1160 1159/1215/1159
f 1155/1211/1155 2542/2922/2542 1162/1218/1162
f 1162/1218/1162 2665/2924/2665 1159/1215/1159
f 1163/1219/1163 1304/1360/1304 1164/1220/1164
f 1168/1224/1168 1164/1220/1164 1304/1360/1304
f 1304/1360/1304 1166/1222/1166 1168/1224/1168
f 1171/1227/1171 1167/1223/1167 1166/1222/1166
f 1166/1222/1166 1169/1225/1169 1171/1227/1171
f 2666/2925/2666 1170/1226/1170 1169/1225/1169
f 1163/1219/1163 1165/1221/1165 1172/1228/1172
f 1172/1228/1172 2666/2925/2666 1169/1225/1169
f 1173/1229/1173 1177/1233/1177 1174/1230/1174
f 339/383/339 735/791/735 1173/1229/1173
f 735/791/735 759/815/759 1173/1229/1173
f 339/383/339 338/382/338 733/778/733
f 1175/1231/1175 720/779/720 733/778/733
f 338/382/338 1179/1235/1179 1175/1231/1175
f 1179/1235/1179 1178/1234/1178 1175/1231/1175
f 1181/1237/1181 1185/1241/1185 1182/1238/1182
f 354/402/354 628/684/628 1181/1237/1181
f 628/684/628 653/710/653 1181/1237/1181
f 354/402/354 353/401/353 626/667/626
f 1183/1239/1183 611/668/611 626/667/626
f 353/401/353 1187/1243/1187 1183/1239/1183
f 1187/1243/1187 1186/1242/1186 1183/1239/1183
f 1189/1245/1189 1298/1354/1298 1190/1246/1190
f 1194/1250/1194 1190/1246/1190 1298/1354/1298
f 1298/1354/1298 1192/1248/1192 1194/1250/1194
f 1197/1253/1197 1193/1249/1193 1192/1248/1192
f 1192/1248/1192 1195/1251/1195 1197/1253/1197
f 2667/2926/2667 1196/1252/1196 1195/1251/1195
f 1189/1245/1189 1191/1247/1191 1198/1254/1198
f 1198/1254/1198 2667/2926/2667 1195/1251/1195
f 1199/1255/1199 2471/2927/2471 1200/1256/1200
f 1201/1257/1201 1203/1259/1203 1199/1255/1199
f 1202/1258/1202 2470/2928/2470 1203/1259/1203
f 1206/1262/1206 2470/2928/2470 1202/1258/1202
f 1202/1258/1202 1204/1260/1204 1206/1262/1206
f 2668/2929/2668 1205/1261/1205 1204/1260/1204
f 1200/1256/1200 2471/2927/2471 1207/1263/1207
f 1207/1263/1207 2668/2929/2668 1204/1260/1204
f 1208/1264/1208 1212/1268/1212 1209/1265/1209
f 384/439/384 142/172/142 1208/1264/1208
f 142/172/142 209/241/209 1208/1264/1208
f 383/438/383 140/121/140 142/172/142
f 1210/1266/1210 103/122/103 140/121/140
f 383/438/383 1214/1270/1214 1210/1266/1210
f 1214/1270/1214 1213/1269/1213 1210/1266/1210
f 1216/1272/1216 1222/1278/1222 1217/1273/1217
f 396/452/396 1218/1274/1218 1216/1272/1216
f 1218/1274/1218 2074/2071/2074 1216/1272/1216
f 395/451/395 1220/1276/1220 1218/1274/1218
f 1219/1275/1219 2081/1991/2081 1220/1276/1220
f 395/451/395 1224/1280/1224 1219/1275/1219
f 1224/1280/1224 1223/1279/1223 1219/1275/1219
f 1226/1282/1226 2427/2930/2427 1227/1283/1227
f 1228/1284/1228 1230/1286/1230 1226/1282/1226
f 1229/1285/1229 2426/2931/2426 1230/1286/1230
f 1233/1289/1233 2426/2931/2426 1229/1285/1229
f 1229/1285/1229 1231/1287/1231 1233/1289/1233
f 2669/2932/2669 1232/1288/1232 1231/1287/1231
f 1227/1283/1227 2427/2930/2427 1234/1290/1234
f 1234/1290/1234 2669/2932/2669 1231/1287/1231
f 1235/1291/1235 2517/2933/2517 1236/1292/1236
f 1237/1293/1237 1239/1295/1239 1235/1291/1235
f 1238/1294/1238 2516/2934/2516 1239/1295/1239
f 1242/1298/1242 2516/2934/2516 1238/1294/1238
f 1238/1294/1238 1240/1296/1240 1242/1298/1242
f 2670/2935/2670 1241/1297/1241 1240/1296/1240
f 1236/1292/1236 2517/2933/2517 1243/1299/1243
f 1243/1299/1243 2670/2935/2670 1240/1296/1240
f 1244/1300/1244 1250/1306/1250 1245/1301/1245
f 434/494/434 1247/1303/1247 1244/1300/1244
f 1247/1303/1247 2103/1994/2103 1244/1300/1244
f 434/494/434 433/493/433 1246/1302/1246
f 1248/1304/1248 2108/1993/2108 1246/1302/1246
f 433/493/433 1252/1308/1252 1248/1304/1248
f 1252/1308/1252 1251/1307/1251 1248/1304/1248
f 1254/1310/1254 2381/2936/2381 1255/1311/1255
f 1256/1312/1256 1258/1314/1258 1254/1310/1254
f 1257/1313/1257 2380/2937/2380 1258/1314/1258
f 1261/1317/1261 2380/2937/2380 1257/1313/1257
f 1257/1313/1257 1259/1315/1259 1261/1317/1261
f 2671/2938/2671 1260/1316/1260 1259/1315/1259
f 1255/1311/1255 2381/2936/2381 1262/1318/1262
f 1262/1318/1262 2671/2938/2671 1259/1315/1259
f 1263/1319/1263 1269/1325/1269 1264/1320/1264
f 453/519/453 1265/1321/1265 1263/1319/1263
f 1265/1321/1265 2119/1996/2119 1263/1319/1263
f 452/518/452 1267/1323/1267 1265/1321/1265
f 1266/1322/1266 2125/2089/2125 1267/1323/1267
f 452/518/452 1271/1327/1271 1266/1322/1266
f 1271/1327/1271 1270/1326/1270 1266/1322/1266
f 1273/1329/1273 2378/2939/2378 1256/1312/1256
f 1264/1320/1264 1274/1330/1274 1273/1329/1273
f 2672/2940/2672 1272/1328/1272 1271/1327/1271
f 1271/1327/1271 2376/2941/2376 2672/2940/2672
f 2376/2941/2376 1274/1330/1274 1275/1331/1275
f 2672/2940/2672 2376/2941/2376 1275/1331/1275
f 1264/1320/1264 1268/1324/1268 1275/1331/1275
f 1277/1333/1277 2376/2941/2376 1271/1327/1271
f 1271/1327/1271 1257/1313/1257 1277/1333/1277
f 2673/2942/2673 1276/1332/1276 1257/1313/1257
f 1256/1312/1256 2378/2939/2378 1278/1334/1278
f 1278/1334/1278 2673/2942/2673 1257/1313/1257
f 1279/1335/1279 2514/2943/2514 1237/1293/1237
f 1245/1301/1245 1280/1336/1280 1279/1335/1279
f 2674/2944/2674 1253/1309/1253 1252/1308/1252
f 1252/1308/1252 2512/2945/2512 2674/2944/2674
f 2512/2945/2512 1280/1336/1280 1281/1337/1281
f 2674/2944/2674 2512/2945/2512 1281/1337/1281
f 1245/1301/1245 1249/1305/1249 1281/1337/1281
f 1283/1339/1283 2512/2945/2512 1252/1308/1252
f 1252/1308/1252 1238/1294/1238 1283/1339/1283
f 2675/2946/2675 1282/1338/1282 1238/1294/1238
f 1237/1293/1237 2514/2943/2514 1284/1340/1284
f 1284/1340/1284 2675/2946/2675 1238/1294/1238
f 1285/1341/1285 2424/2947/2424 1228/1284/1228
f 1217/1273/1217 1286/1342/1286 1285/1341/1285
f 2676/2948/2676 1225/1281/1225 1224/1280/1224
f 1224/1280/1224 2422/2949/2422 2676/2948/2676
f 2422/2949/2422 1286/1342/1286 1287/1343/1287
f 2676/2948/2676 2422/2949/2422 1287/1343/1287
f 1217/1273/1217 1221/1277/1221 1287/1343/1287
f 1289/1345/1289 2422/2949/2422 1224/1280/1224
f 1224/1280/1224 1229/1285/1229 1289/1345/1289
f 2677/2950/2677 1288/1344/1288 1229/1285/1229
f 1228/1284/1228 2424/2947/2424 1290/1346/1290
f 1290/1346/1290 2677/2950/2677 1229/1285/1229
f 1291/1347/1291 2468/2951/2468 1201/1257/1201
f 1209/1265/1209 1292/1348/1292 1291/1347/1291
f 2678/2952/2678 1215/1271/1215 1214/1270/1214
f 1214/1270/1214 2466/2953/2466 2678/2952/2678
f 2466/2953/2466 1292/1348/1292 1293/1349/1293
f 2678/2952/2678 2466/2953/2466 1293/1349/1293
f 1209/1265/1209 1211/1267/1211 1293/1349/1293
f 1295/1351/1295 2466/2953/2466 1214/1270/1214
f 1214/1270/1214 1202/1258/1202 1295/1351/1295
f 2679/2954/2679 1294/1350/1294 1202/1258/1202
f 1201/1257/1201 2468/2951/2468 1296/1352/1296
f 1296/1352/1296 2679/2954/2679 1202/1258/1202
f 1297/1353/1297 2560/2955/2560 1298/1354/1298
f 1182/1238/1182 1299/1355/1299 1297/1353/1297
f 2680/2956/2680 1188/1244/1188 1187/1243/1187
f 1187/1243/1187 2558/2957/2558 2680/2956/2680
f 2558/2957/2558 1299/1355/1299 1300/1356/1300
f 2680/2956/2680 2558/2957/2558 1300/1356/1300
f 1182/1238/1182 1184/1240/1184 1300/1356/1300
f 1302/1358/1302 2558/2957/2558 1187/1243/1187
f 1187/1243/1187 1192/1248/1192 1302/1358/1302
f 2681/2958/2681 1301/1357/1301 1192/1248/1192
f 1298/1354/1298 2560/2955/2560 1303/1359/1303
f 1303/1359/1303 2681/2958/2681 1192/1248/1192
f 1304/1360/1304 1174/1230/1174 1305/1361/1305
f 2682/2959/2682 1180/1236/1180 1179/1235/1179
f 1179/1235/1179 2446/2960/2446 2682/2959/2682
f 2446/2960/2446 1307/1363/1307 1308/1364/1308
f 2682/2959/2682 2446/2960/2446 1308/1364/1308
f 1307/1363/1307 1305/1361/1305 1174/1230/1174
f 1174/1230/1174 1176/1232/1176 1308/1364/1308
f 1310/1366/1310 2446/2960/2446 1179/1235/1179
f 1179/1235/1179 1166/1222/1166 1310/1366/1310
f 2683/2961/2683 1309/1365/1309 1166/1222/1166
f 1304/1360/1304 1306/1362/1306 1311/1367/1311
f 1311/1367/1311 2683/2961/2683 1166/1222/1166
f 1312/1368/1312 2539/2962/2539 1156/1212/1156
f 1145/1201/1145 1313/1369/1313 1312/1368/1312
f 2684/2963/2684 1153/1209/1153 1152/1208/1152
f 1152/1208/1152 2537/2964/2537 2684/2963/2684
f 2537/2964/2537 1313/1369/1313 1314/1370/1314
f 2684/2963/2684 2537/2964/2537 1314/1370/1314
f 1145/1201/1145 1149/1205/1149 1314/1370/1314
f 1316/1372/1316 2537/2964/2537 1152/1208/1152
f 1152/1208/1152 1157/1213/1157 1316/1372/1316
f 2685/2965/2685 1315/1371/1315 1157/1213/1157
f 1156/1212/1156 2539/2962/2539 1317/1373/1317
f 1317/1373/1317 2685/2965/2685 1157/1213/1157
f 1318/1374/1318 2282/2966/2282 1137/1193/1137
f 1126/1182/1126 1319/1375/1319 1318/1374/1318
f 2686/2967/2686 1134/1190/1134 1133/1189/1133
f 1133/1189/1133 2280/2968/2280 2686/2967/2686
f 2280/2968/2280 1319/1375/1319 1320/1376/1320
f 2686/2967/2686 2280/2968/2280 1320/1376/1320
f 1126/1182/1126 1130/1186/1130 1320/1376/1320
f 1322/1378/1322 2280/2968/2280 1133/1189/1133
f 1133/1189/1133 1138/1194/1138 1322/1378/1322
f 2687/2969/2687 1321/1377/1321 1138/1194/1138
f 1137/1193/1137 2282/2966/2282 1323/1379/1323
f 1323/1379/1323 2687/2969/2687 1138/1194/1138
f 1324/1380/1324 2237/2970/2237 1108/1164/1108
f 1116/1172/1116 1326/1382/1326 1324/1380/1324
f 1325/1381/1325 1124/1180/1124 1123/1179/1123
f 1123/1179/1123 2235/2971/2235 1325/1381/1325
f 2235/2971/2235 1326/1382/1326 1325/1381/1325
f 1116/1172/1116 1120/1176/1120 1327/1383/1327
f 1326/1382/1326 1116/1172/1116 1327/1383/1327
f 1329/1385/1329 2235/2971/2235 1123/1179/1123
f 1123/1179/1123 1109/1165/1109 1329/1385/1329
f 1330/1386/1330 1328/1384/1328 1109/1165/1109
f 1108/1164/1108 2237/2970/2237 2236/2972/2236
f 2236/2972/2236 1330/1386/1330 1108/1164/1108
f 1087/1143/1087 1333/1389/1333 1331/1387/1331
f 1332/1388/1332 2688/2973/2688 1333/1389/1333
f 1333/1389/1333 1087/1143/1087 1334/1390/1334
f 1087/1143/1087 1092/1148/1092 1334/1390/1334
f 1334/1390/1334 1336/1392/1336 2253/2974/2253
f 1334/1390/1334 2253/2974/2253 1332/1388/1332
f 1335/1391/1335 2253/2974/2253 1336/1392/1336
f 1340/1396/1340 1338/1394/1338 1102/1158/1102
f 1094/1150/1094 1331/1387/1331 1340/1396/1340
f 1331/1387/1331 2195/1998/2195 1340/1396/1340
f 1068/1124/1068 2203/2123/2203 1341/1397/1341
f 2329/2975/2329 2689/2976/2689 2203/2123/2203
f 2203/2123/2203 1068/1124/1068 2340/2977/2340
f 1068/1124/1068 1072/1128/1072 2340/2977/2340
f 1074/1130/1074 2330/2978/2330 1342/1398/1342
f 2330/2978/2330 2329/2975/2329 2340/2977/2340
f 1342/1398/1342 2330/2978/2330 2340/2977/2340
f 2329/2975/2329 2203/2123/2203 2340/2977/2340
f 1345/1401/1345 2330/2978/2330 1074/1130/1074
f 1074/1130/1074 1343/1399/1343 1345/1401/1345
f 2690/2979/2690 1344/1400/1344 1343/1399/1343
f 1077/1133/1077 1341/1397/1341 1346/1402/1346
f 1341/1397/1341 2204/2000/2204 1346/1402/1346
f 1346/1402/1346 2690/2979/2690 1343/1399/1343
f 1347/1403/1347 2357/2980/2357 1050/1106/1050
f 1058/1114/1058 1349/1405/1349 1347/1403/1347
f 1348/1404/1348 1066/1122/1066 1065/1121/1065
f 1065/1121/1065 2355/2981/2355 1348/1404/1348
f 2355/2981/2355 1349/1405/1349 1348/1404/1348
f 1058/1114/1058 1062/1118/1062 1350/1406/1350
f 1349/1405/1349 1058/1114/1058 1350/1406/1350
f 1352/1408/1352 2355/2981/2355 1065/1121/1065
f 1065/1121/1065 1051/1107/1051 1352/1408/1352
f 1353/1409/1353 1351/1407/1351 1051/1107/1051
f 1050/1106/1050 2357/2980/2357 2356/2982/2356
f 2356/2982/2356 1353/1409/1353 1050/1106/1050
f 1354/1410/1354 2494/2983/2494 1355/1411/1355
f 1029/1085/1029 1356/1412/1356 1354/1410/1354
f 2691/2984/2691 1037/1093/1037 1036/1092/1036
f 1036/1092/1036 2492/2985/2492 2691/2984/2691
f 2492/2985/2492 1356/1412/1356 1357/1413/1357
f 2691/2984/2691 2492/2985/2492 1357/1413/1357
f 1029/1085/1029 1033/1089/1033 1357/1413/1357
f 1359/1415/1359 2492/2985/2492 1036/1092/1036
f 1036/1092/1036 1041/1097/1041 1359/1415/1359
f 2692/2986/2692 1358/1414/1358 1041/1097/1041
f 1355/1411/1355 2494/2983/2494 1360/1416/1360
f 1360/1416/1360 2692/2986/2692 1041/1097/1041
f 1361/1417/1361 1020/1076/1020 1362/1418/1362
f 2693/2987/2693 1027/1083/1027 38/51/38
f 38/51/38 2578/2988/2578 2693/2987/2693
f 2578/2988/2578 1364/1420/1364 1365/1421/1365
f 2693/2987/2693 2578/2988/2578 1365/1421/1365
f 1364/1420/1364 1362/1418/1362 1020/1076/1020
f 1020/1076/1020 1024/1080/1024 1365/1421/1365
f 1367/1423/1367 2578/2988/2578 38/51/38
f 38/51/38 85/103/85 1367/1423/1367
f 2694/2989/2694 1366/1422/1366 85/103/85
f 1361/1417/1361 1363/1419/1363 1368/1424/1368
f 1368/1424/1368 2694/2989/2694 85/103/85
f 1369/1425/1369 2308/2990/2308 994/1050/994
f 1002/1058/1002 1371/1427/1371 1369/1425/1369
f 1370/1426/1370 1010/1066/1010 1009/1065/1009
f 1009/1065/1009 2306/2991/2306 1370/1426/1370
f 2306/2991/2306 1371/1427/1371 1370/1426/1370
f 1002/1058/1002 1006/1062/1006 1372/1428/1372
f 1371/1427/1371 1002/1058/1002 1372/1428/1372
f 1374/1430/1374 2306/2991/2306 1009/1065/1009
f 1009/1065/1009 995/1051/995 1374/1430/1374
f 1375/1431/1375 1373/1429/1373 995/1051/995
f 994/1050/994 2308/2990/2308 2307/2992/2307
f 2307/2992/2307 1375/1431/1375 994/1050/994
f 1376/1432/1376 2399/2993/2399 985/1041/985
f 974/1030/974 1377/1433/1377 1376/1432/1376
f 2695/2994/2695 982/1038/982 981/1037/981
f 981/1037/981 2397/2995/2397 2695/2994/2695
f 2397/2995/2397 1377/1433/1377 1378/1434/1378
f 2695/2994/2695 2397/2995/2397 1378/1434/1378
f 974/1030/974 978/1034/978 1378/1434/1378
f 1380/1436/1380 2397/2995/2397 981/1037/981
f 981/1037/981 986/1042/986 1380/1436/1380
f 2696/2996/2696 1379/1435/1379 986/1042/986
f 985/1041/985 2399/2993/2399 1381/1437/1381
f 1381/1437/1381 2696/2996/2696 986/1042/986
f 1382/1438/1382 1384/1440/1384 458/526/458
f 1255/1311/1255 602/658/602 1382/1438/1382
f 602/658/602 633/689/633 1382/1438/1382
f 1259/1315/1259 600/646/600 602/658/602
f 1383/1439/1383 589/647/589 600/646/600
f 1259/1315/1259 792/848/792 1383/1439/1383
f 792/848/792 1385/1441/1385 1383/1439/1383
f 1387/1443/1387 1389/1445/1389 425/485/425
f 1236/1292/1236 510/570/510 1387/1443/1387
f 510/570/510 526/585/526 1387/1443/1387
f 1236/1292/1236 1240/1296/1240 508/563/508
f 1388/1444/1388 502/564/502 508/563/508
f 1240/1296/1240 928/980/928 1388/1444/1388
f 928/980/928 1390/1446/1390 1388/1444/1388
f 1392/1448/1392 1394/1450/1394 401/458/401
f 1227/1283/1227 336/380/336 1392/1448/1392
f 336/380/336 398/454/398 1392/1448/1392
f 1231/1287/1231 334/363/334 336/380/336
f 1393/1449/1393 318/364/318 334/363/334
f 1231/1287/1231 833/888/833 1393/1449/1393
f 833/888/833 1395/1451/1395 1393/1449/1393
f 1397/1453/1397 1399/1455/1399 379/431/379
f 1200/1256/1200 71/87/71 1397/1453/1397
f 71/87/71 158/188/158 1397/1453/1397
f 1204/1260/1204 69/86/69 71/87/71
f 1398/1454/1398 2068/2068/2068 69/86/69
f 1204/1260/1204 880/934/880 1398/1454/1398
f 880/934/880 1400/1456/1400 1398/1454/1398
f 1402/1458/1402 1406/1462/1406 358/408/358
f 1189/1245/1189 1404/1460/1404 1402/1458/1402
f 1404/1460/1404 2079/2072/2079 1402/1458/1402
f 1189/1245/1189 1195/1251/1195 1403/1459/1403
f 1405/1461/1405 2084/2073/2084 1403/1459/1403
f 1195/1251/1195 963/1019/963 1405/1461/1405
f 963/1019/963 1407/1463/1407 1405/1461/1405
f 1409/1465/1409 1413/1469/1413 328/374/328
f 1163/1219/1163 1411/1467/1411 1409/1465/1409
f 1411/1467/1411 2087/2074/2087 1409/1465/1409
f 1163/1219/1163 1169/1225/1169 1410/1466/1410
f 1412/1468/1412 2089/2075/2089 1410/1466/1410
f 1169/1225/1169 850/906/850 1412/1468/1412
f 850/906/850 1414/1470/1414 1412/1468/1412
f 1416/1472/1416 1420/1476/1420 305/351/305
f 1155/1211/1155 1418/1474/1418 1416/1472/1416
f 1418/1474/1418 2096/2079/2096 1416/1472/1416
f 1155/1211/1155 1159/1215/1159 1417/1473/1417
f 1419/1475/1419 2099/2081/2099 1417/1473/1417
f 1159/1215/1159 947/1000/947 1419/1475/1419
f 947/1000/947 1421/1477/1421 1419/1475/1419
f 1423/1479/1423 1427/1483/1427 272/316/272
f 1136/1192/1136 1424/1480/1424 1423/1479/1423
f 1424/1480/1424 2106/2083/2106 1423/1479/1423
f 1140/1196/1140 1426/1482/1426 1424/1480/1424
f 1425/1481/1425 2110/2084/2110 1426/1482/1426
f 1140/1196/1140 695/752/695 1425/1481/1425
f 695/752/695 1428/1484/1428 1425/1481/1425
f 1430/1486/1430 1436/1492/1436 1431/1487/1431
f 1107/1163/1107 1432/1488/1432 1430/1486/1430
f 1432/1488/1432 2114/2087/2114 1430/1486/1430
f 1111/1167/1111 1434/1490/1434 1432/1488/1432
f 1433/1489/1433 2116/2088/2116 1434/1490/1434
f 1111/1167/1111 660/718/660 1433/1489/1433
f 660/718/660 1437/1493/1437 1433/1489/1433
f 1096/1152/1096 1440/1496/1440 1439/1495/1439
f 1099/1155/1099 1441/1497/1441 1440/1496/1440
f 1441/1497/1441 1099/1155/1099 1442/1498/1442
f 229/265/229 228/264/228 1439/1495/1439
f 1079/1135/1079 1446/1502/1446 1445/1501/1445
f 1082/1138/1082 1448/1504/1448 1446/1502/1446
f 1447/1503/1447 2135/2094/2135 1448/1504/1448
f 1082/1138/1082 739/795/739 1447/1503/1447
f 739/795/739 1451/1507/1451 1447/1503/1447
f 204/236/204 203/235/203 1445/1501/1445
f 1452/1508/1452 1458/1514/1458 1453/1509/1453
f 1049/1105/1049 1454/1510/1454 1452/1508/1452
f 1454/1510/1454 2140/2096/2140 1452/1508/1452
f 1053/1109/1053 1456/1512/1456 1454/1510/1454
f 1455/1511/1455 2142/2097/2142 1456/1512/1456
f 1053/1109/1053 1460/1516/1460 1455/1511/1455
f 1460/1516/1460 1459/1515/1459 1455/1511/1455
f 1462/1518/1462 1466/1522/1466 162/192/162
f 1038/1094/1038 1463/1519/1463 1462/1518/1462
f 1463/1519/1463 2146/2100/2146 1462/1518/1462
f 1044/1100/1044 1465/1521/1465 1463/1519/1463
f 1464/1520/1464 2148/2101/2148 1465/1521/1465
f 1044/1100/1044 902/955/902 1464/1520/1464
f 902/955/902 1467/1523/1467 1464/1520/1464
f 1469/1525/1469 1473/1529/1473 135/167/135
f 1011/1067/1011 1470/1526/1470 1469/1525/1469
f 1470/1526/1470 2155/2103/2155 1469/1525/1469
f 86/105/86 1472/1528/1472 1470/1526/1470
f 1471/1527/1471 2157/2104/2157 1472/1528/1472
f 86/105/86 45/61/45 1471/1527/1471
f 45/61/45 1474/1530/1474 1471/1527/1471
f 1476/1532/1476 1482/1538/1482 1477/1533/1477
f 993/1049/993 1478/1534/1478 1476/1532/1476
f 1478/1534/1478 2164/2109/2164 1476/1532/1476
f 997/1053/997 1480/1536/1480 1478/1534/1478
f 1479/1535/1479 2166/2110/2166 1480/1536/1480
f 997/1053/997 722/780/722 1479/1535/1479
f 722/780/722 1483/1539/1483 1479/1535/1479
f 1485/1541/1485 1489/1545/1489 53/69/53
f 984/1040/984 1486/1542/1486 1485/1541/1485
f 1486/1542/1486 2172/2111/2172 1485/1541/1485
f 988/1044/988 1488/1544/1488 1486/1542/1486
f 1487/1543/1487 2174/2112/2174 1488/1544/1488
f 988/1044/988 814/867/814 1487/1543/1487
f 814/867/814 1490/1546/1490 1487/1543/1487
f 1492/1548/1492 1497/1553/1497 603/659/603
f 124/151/124 1493/1549/1493 1492/1548/1492
f 1493/1549/1493 2183/2116/2183 1492/1548/1492
f 1107/1163/1107 1495/1551/1495 1493/1549/1493
f 1494/1550/1494 2185/2117/2185 1495/1551/1495
f 1107/1163/1107 1431/1487/1431 1494/1550/1494
f 1431/1487/1431 1498/1554/1498 1494/1550/1494
f 1500/1556/1500 2233/2997/2233 524/583/524
f 119/144/119 1502/1558/1502 1500/1556/1500
f 1501/1557/1501 1514/1570/1514 1116/1172/1116
f 1116/1172/1116 2231/2998/2231 1501/1557/1501
f 2231/2998/2231 1502/1558/1502 1501/1557/1501
f 119/144/119 1511/1567/1511 1503/1559/1503
f 1502/1558/1502 119/144/119 1503/1559/1503
f 1505/1561/1505 2231/2998/2231 1116/1172/1116
f 1116/1172/1116 1108/1164/1108 1505/1561/1505
f 1506/1562/1506 1504/1560/1504 1108/1164/1108
f 524/583/524 2233/2997/2233 2232/2999/2232
f 2232/2999/2232 1506/1562/1506 524/583/524
f 1507/1563/1507 1512/1568/1512 119/144/119
f 120/147/120 1508/1564/1508 1507/1563/1507
f 1508/1564/1508 2191/2027/2191 1507/1563/1507
f 257/295/257 2192/2026/2192 1508/1564/1508
f 1116/1172/1116 1513/1569/1513 2218/3000/2218
f 1513/1569/1513 2697/3001/2697 2218/3000/2218
f 2698/2119/2698 2192/2026/2192 1510/1566/1510
f 2192/2026/2192 257/295/257 1510/1566/1510
f 1509/1565/1509 2217/3002/2217 1510/1566/1510
f 257/295/257 1116/1172/1116 1509/1565/1509
f 1116/1172/1116 2218/3000/2218 1509/1565/1509
f 1515/1571/1515 2230/3003/2230 124/151/124
f 524/583/524 1516/1572/1516 1515/1571/1515
f 1108/1164/1108 2228/3004/2228 1516/1572/1516
f 1518/1574/1518 2228/3004/2228 1108/1164/1108
f 1108/1164/1108 1107/1163/1107 1518/1574/1518
f 1519/1575/1519 1517/1573/1517 1107/1163/1107
f 124/151/124 2230/3003/2230 2229/3005/2229
f 2229/3005/2229 1519/1575/1519 124/151/124
f 1520/1576/1520 1524/1580/1524 660/718/660
f 1111/1167/1111 1521/1577/1521 1520/1576/1520
f 1521/1577/1521 2207/2124/2207 1520/1576/1520
f 1096/1152/1096 1523/1579/1523 1521/1577/1521
f 1522/1578/1522 2210/2125/2210 1523/1579/1523
f 1096/1152/1096 228/264/228 1522/1578/1522
f 228/264/228 1525/1581/1525 1522/1578/1522
f 1527/1583/1527 2250/3006/2250 1109/1165/1109
f 1123/1179/1123 2248/3007/2248 1527/1583/1527
f 1528/1584/1528 1546/1602/1546 1087/1143/1087
f 1529/1585/1529 2248/3007/2248 1530/1586/1530
f 2248/3007/2248 1123/1179/1123 1530/1586/1530
f 1123/1179/1123 1543/1599/1543 1530/1586/1530
f 1528/1584/1528 1087/1143/1087 1529/1585/1529
f 1532/1588/1532 1529/1585/1529 1087/1143/1087
f 1087/1143/1087 1094/1150/1094 1532/1588/1532
f 2699/3008/2699 1531/1587/1531 1094/1150/1094
f 1109/1165/1109 2250/3006/2250 1533/1589/1533
f 1533/1589/1533 2699/3008/2699 1094/1150/1094
f 1111/1167/1111 1109/1165/1109 1534/1590/1534
f 1537/1593/1537 1534/1590/1534 1109/1165/1109
f 1109/1165/1109 1094/1150/1094 1537/1593/1537
f 1094/1150/1094 1096/1152/1096 1538/1594/1538
f 1096/1152/1096 2590/3009/2590 1538/1594/1538
f 1111/1167/1111 1535/1591/1535 1539/1595/1539
f 1540/1596/1540 2590/3009/2590 1096/1152/1096
f 1111/1167/1111 1539/1595/1539 1096/1152/1096
f 1541/1597/1541 1544/1600/1544 1123/1179/1123
f 256/294/256 901/954/901 1541/1597/1541
f 901/954/901 920/972/920 1541/1597/1541
f 235/272/235 899/948/899 901/954/901
f 1542/1598/1542 894/949/894 899/948/899
f 235/272/235 1087/1143/1087 1542/1598/1542
f 1087/1143/1087 1545/1601/1545 1542/1598/1542
f 1548/1604/1548 1442/1498/1442 1099/1155/1099
f 1099/1155/1099 802/856/802 1547/1603/1547
f 802/856/802 832/887/832 1547/1603/1547
f 1547/1603/1547 2270/3010/2270 1548/1604/1548
f 2270/3010/2270 1550/1606/1550 1548/1604/1548
f 1136/1192/1136 800/845/800 802/856/802
f 1549/1605/1549 790/846/790 800/845/800
f 1136/1192/1136 272/316/272 1549/1605/1549
f 272/316/272 1553/1609/1553 1549/1605/1549
f 1550/1606/1550 2270/3010/2270 1551/1607/1551
f 1557/1613/1557 1335/1391/1335 1555/1611/1555
f 1335/1391/1335 1337/1393/1337 1555/1611/1555
f 1555/1611/1555 1559/1615/1559 1556/1612/1556
f 1556/1612/1556 2278/3011/2278 1557/1613/1557
f 2278/3011/2278 2256/3012/2256 1557/1613/1557
f 2700/3013/2700 1580/1636/1580 1126/1182/1126
f 1126/1182/1126 2276/3014/2276 2700/3013/2700
f 2276/3014/2276 1559/1615/1559 1561/1617/1561
f 2700/3013/2700 2276/3014/2276 1561/1617/1561
f 1559/1615/1559 1555/1611/1555 1560/1616/1560
f 1560/1616/1560 1578/1634/1578 1577/1633/1577
f 1560/1616/1560 1577/1633/1577 1561/1617/1561
f 1563/1619/1563 2276/3014/2276 1126/1182/1126
f 1126/1182/1126 1137/1193/1137 1563/1619/1563
f 1565/1621/1565 1562/1618/1562 1137/1193/1137
f 1137/1193/1137 1102/1158/1102 1564/1620/1564
f 1102/1158/1102 1558/1614/1558 2701/3015/2701
f 2701/3015/2701 2256/3012/2256 1564/1620/1564
f 2256/3012/2256 2278/3011/2278 1564/1620/1564
f 1102/1158/1102 2701/3015/2701 1564/1620/1564
f 1566/1622/1566 1103/1159/1103 1102/1158/1102
f 1102/1158/1102 1569/1625/1569 1567/1623/1567
f 1099/1155/1099 1101/1157/1101 2260/3016/2260
f 1566/1622/1566 1102/1158/1102 1567/1623/1567
f 1568/1624/1568 1099/1155/1099 2260/3016/2260
f 2260/3016/2260 1566/1622/1566 1568/1624/1568
f 1137/1193/1137 2274/3017/2274 1569/1625/1569
f 1571/1627/1571 2274/3017/2274 1137/1193/1137
f 1137/1193/1137 1136/1192/1136 1571/1627/1571
f 2702/3018/2702 1570/1626/1570 1136/1192/1136
f 1099/1155/1099 1568/1624/1568 1572/1628/1572
f 1572/1628/1572 2702/3018/2702 1136/1192/1136
f 1574/1630/1574 1090/1146/1090 234/271/234
f 234/271/234 489/552/489 1573/1629/1573
f 489/552/489 515/574/515 1573/1629/1573
f 1573/1629/1573 2266/3019/2266 1574/1630/1574
f 2266/3019/2266 1576/1632/1576 1574/1630/1574
f 277/324/277 487/544/487 489/552/489
f 1575/1631/1575 479/545/479 487/544/487
f 277/324/277 1126/1182/1126 1575/1631/1575
f 1126/1182/1126 1579/1635/1579 1575/1631/1575
f 1576/1632/1576 2266/3019/2266 1577/1633/1577
f 1581/1637/1581 1583/1639/1583 695/752/695
f 1140/1196/1140 285/330/285 1581/1637/1581
f 285/330/285 356/404/356 1581/1637/1581
f 993/1049/993 283/296/283 285/330/285
f 1582/1638/1582 259/297/259 283/296/283
f 993/1049/993 1477/1533/1477 1582/1638/1582
f 1477/1533/1477 1584/1640/1584 1582/1638/1582
f 1586/1642/1586 2304/3020/2304 1138/1194/1138
f 1133/1189/1133 1587/1643/1587 1586/1642/1586
f 2703/3021/2703 1599/1655/1599 1002/1058/1002
f 1002/1058/1002 2302/3022/2302 2703/3021/2703
f 2302/3022/2302 1587/1643/1587 1588/1644/1588
f 2703/3021/2703 2302/3022/2302 1588/1644/1588
f 1133/1189/1133 1596/1652/1596 1588/1644/1588
f 1590/1646/1590 2302/3022/2302 1002/1058/1002
f 1002/1058/1002 994/1050/994 1590/1646/1590
f 2704/3023/2704 1589/1645/1589 994/1050/994
f 1138/1194/1138 2304/3020/2304 1591/1647/1591
f 1591/1647/1591 2704/3023/2704 994/1050/994
f 1592/1648/1592 1597/1653/1597 1133/1189/1133
f 276/323/276 1593/1649/1593 1592/1648/1592
f 1593/1649/1593 2082/2031/2082 1592/1648/1592
f 101/120/101 1595/1651/1595 1593/1649/1593
f 1594/1650/1594 2086/2030/2086 1595/1651/1595
f 101/120/101 1002/1058/1002 1594/1650/1594
f 1002/1058/1002 1598/1654/1598 1594/1650/1594
f 1600/1656/1600 2300/3024/2300 1140/1196/1140
f 1138/1194/1138 1601/1657/1601 1600/1656/1600
f 994/1050/994 2299/3025/2299 1601/1657/1601
f 1603/1659/1603 2299/3025/2299 994/1050/994
f 994/1050/994 993/1049/993 1603/1659/1603
f 2705/3026/2705 1602/1658/1602 993/1049/993
f 1140/1196/1140 2300/3024/2300 1604/1660/1604
f 1604/1660/1604 2705/3026/2705 993/1049/993
f 1605/1661/1605 1609/1665/1609 722/780/722
f 997/1053/997 1606/1662/1606 1605/1661/1605
f 1606/1662/1606 2097/2080/2097 1605/1661/1605
f 1079/1135/1079 1608/1664/1608 1606/1662/1606
f 1607/1663/1607 2102/2082/2102 1608/1664/1608
f 1079/1135/1079 203/235/203 1607/1663/1607
f 203/235/203 1610/1666/1610 1607/1663/1607
f 1612/1668/1612 2327/3027/2327 995/1051/995
f 1009/1065/1009 1613/1669/1613 1612/1668/1612
f 2706/3028/2706 1628/1684/1628 1068/1124/1068
f 1068/1124/1068 2325/3029/2325 2706/3028/2706
f 2325/3029/2325 1613/1669/1613 1614/1670/1614
f 2706/3028/2706 2325/3029/2325 1614/1670/1614
f 1009/1065/1009 1625/1681/1625 1614/1670/1614
f 1616/1672/1616 2325/3029/2325 1068/1124/1068
f 1068/1124/1068 1077/1133/1077 1616/1672/1616
f 2707/3030/2707 1615/1671/1615 1077/1133/1077
f 995/1051/995 2327/3027/2327 1617/1673/1617
f 1617/1673/1617 2707/3030/2707 1077/1133/1077
f 1618/1674/1618 2323/3031/2323 997/1053/997
f 995/1051/995 1619/1675/1619 1618/1674/1618
f 1077/1133/1077 2322/3032/2322 1619/1675/1619
f 1621/1677/1621 2322/3032/2322 1077/1133/1077
f 1077/1133/1077 1079/1135/1079 1621/1677/1621
f 2708/3033/2708 1620/1676/1620 1079/1135/1079
f 997/1053/997 2323/3031/2323 1622/1678/1622
f 1622/1678/1622 2708/3033/2708 1079/1135/1079
f 1623/1679/1623 1626/1682/1626 1009/1065/1009
f 100/119/100 777/832/777 1623/1679/1623
f 777/832/777 806/859/806 1623/1679/1623
f 211/244/211 775/820/775 777/832/777
f 1624/1680/1624 764/821/764 775/820/775
f 211/244/211 1068/1124/1068 1624/1680/1624
f 1068/1124/1068 1627/1683/1627 1624/1680/1624
f 1629/1685/1629 1631/1687/1631 739/795/739
f 1082/1138/1082 671/727/671 1629/1685/1629
f 671/727/671 699/756/699 1629/1685/1629
f 1049/1105/1049 669/715/669 671/727/671
f 1630/1686/1630 658/716/658 669/715/669
f 1049/1105/1049 1453/1509/1453 1630/1686/1630
f 1453/1509/1453 1632/1688/1632 1630/1686/1630
f 1634/1690/1634 2353/3034/2353 1343/1399/1343
f 1074/1130/1074 1635/1691/1635 1634/1690/1634
f 2709/3035/2709 1645/1701/1645 1058/1114/1058
f 1058/1114/1058 2351/3036/2351 2709/3035/2709
f 2351/3036/2351 1635/1691/1635 1636/1692/1636
f 2709/3035/2709 2351/3036/2351 1636/1692/1636
f 1074/1130/1074 1642/1698/1642 1636/1692/1636
f 1638/1694/1638 2351/3036/2351 1058/1114/1058
f 1058/1114/1058 1050/1106/1050 1638/1694/1638
f 2710/3037/2710 1637/1693/1637 1050/1106/1050
f 1343/1399/1343 2353/3034/2353 1639/1695/1639
f 1639/1695/1639 2710/3037/2710 1050/1106/1050
f 1640/1696/1640 1643/1699/1643 1074/1130/1074
f 210/243/210 469/535/469 1640/1696/1640
f 469/535/469 497/559/497 1640/1696/1640
f 192/223/192 467/520/467 469/535/469
f 1641/1697/1641 455/521/455 467/520/467
f 192/223/192 1058/1114/1058 1641/1697/1641
f 1058/1114/1058 1644/1700/1644 1641/1697/1641
f 1646/1702/1646 2349/3038/2349 1082/1138/1082
f 1343/1399/1343 1648/1704/1648 1646/1702/1646
f 1343/1399/1343 1050/1106/1050 1647/1703/1647
f 1650/1706/1650 1647/1703/1647 1050/1106/1050
f 1050/1106/1050 1049/1105/1049 1650/1706/1650
f 2711/3039/2711 1649/1705/1649 1049/1105/1049
f 1082/1138/1082 2349/3038/2349 1651/1707/1651
f 1651/1707/1651 2711/3039/2711 1049/1105/1049
f 1652/1708/1652 1657/1713/1657 1460/1516/1460
f 1053/1109/1053 1653/1709/1653 1652/1708/1652
f 1653/1709/1653 2069/2069/2069 1652/1708/1652
f 1255/1311/1255 1655/1711/1655 1653/1709/1653
f 1654/1710/1654 2073/2070/2073 1655/1711/1655
f 1255/1311/1255 458/526/458 1654/1710/1654
f 458/526/458 1658/1714/1658 1654/1710/1654
f 1660/1716/1660 2375/3040/2375 1051/1107/1051
f 1065/1121/1065 1662/1718/1662 1660/1716/1660
f 1661/1717/1661 1674/1730/1674 1264/1320/1264
f 1264/1320/1264 2373/3041/2373 1661/1717/1661
f 2373/3041/2373 1662/1718/1662 1661/1717/1661
f 1065/1121/1065 1671/1727/1671 1663/1719/1663
f 1662/1718/1662 1065/1121/1065 1663/1719/1663
f 1665/1721/1665 2373/3041/2373 1264/1320/1264
f 1264/1320/1264 1256/1312/1256 1665/1721/1665
f 1666/1722/1666 1664/1720/1664 1256/1312/1256
f 1051/1107/1051 2375/3040/2375 2374/3042/2374
f 2374/3042/2374 1666/1722/1666 1051/1107/1051
f 1667/1723/1667 1672/1728/1672 1065/1121/1065
f 191/222/191 1668/1724/1668 1667/1723/1667
f 1668/1724/1668 2090/2037/2090 1667/1723/1667
f 453/519/453 1670/1726/1670 1668/1724/1668
f 1669/1725/1669 2093/2077/2093 1670/1726/1670
f 453/519/453 1264/1320/1264 1669/1725/1669
f 1264/1320/1264 1673/1729/1673 1669/1725/1669
f 1675/1731/1675 2372/3043/2372 1053/1109/1053
f 1051/1107/1051 1676/1732/1676 1675/1731/1675
f 1256/1312/1256 2370/3044/2370 1676/1732/1676
f 1678/1734/1678 2370/3044/2370 1256/1312/1256
f 1256/1312/1256 1255/1311/1255 1678/1734/1678
f 1679/1735/1679 1677/1733/1677 1255/1311/1255
f 1053/1109/1053 2372/3043/2372 2371/3045/2371
f 2371/3045/2371 1679/1735/1679 1053/1109/1053
f 1680/1736/1680 1684/1740/1684 792/848/792
f 1259/1315/1259 1681/1737/1681 1680/1736/1680
f 1681/1737/1681 2111/2085/2111 1680/1736/1680
f 984/1040/984 1683/1739/1683 1681/1737/1681
f 1682/1738/1682 2113/2086/2113 1683/1739/1683
f 984/1040/984 53/69/53 1682/1738/1682
f 53/69/53 1685/1741/1685 1682/1738/1682
f 1687/1743/1687 2395/3046/2395 1257/1313/1257
f 1271/1327/1271 1688/1744/1688 1687/1743/1687
f 2712/3047/2712 1707/1763/1707 974/1030/974
f 974/1030/974 2393/3048/2393 2712/3047/2712
f 2393/3048/2393 1688/1744/1688 1689/1745/1689
f 2712/3047/2712 2393/3048/2393 1689/1745/1689
f 1271/1327/1271 1704/1760/1704 1689/1745/1689
f 1691/1747/1691 2393/3048/2393 974/1030/974
f 974/1030/974 985/1041/985 1691/1747/1691
f 2713/3049/2713 1690/1746/1690 985/1041/985
f 1257/1313/1257 2395/3046/2395 1692/1748/1692
f 1692/1748/1692 2713/3049/2713 985/1041/985
f 1259/1315/1259 1257/1313/1257 1693/1749/1693
f 1696/1752/1696 1693/1749/1693 1257/1313/1257
f 1257/1313/1257 985/1041/985 1696/1752/1696
f 1698/1754/1698 1695/1751/1695 985/1041/985
f 985/1041/985 984/1040/984 1698/1754/1698
f 2714/3050/2714 1697/1753/1697 984/1040/984
f 1259/1315/1259 1694/1750/1694 1699/1755/1699
f 1699/1755/1699 2714/3050/2714 984/1040/984
f 1700/1756/1700 1705/1761/1705 1271/1327/1271
f 452/518/452 1701/1757/1701 1700/1756/1700
f 1701/1757/1701 2137/2041/2137 1700/1756/1700
f 61/77/61 1703/1759/1703 1701/1757/1701
f 1702/1758/1702 2139/2040/2139 1703/1759/1703
f 61/77/61 974/1030/974 1702/1758/1702
f 974/1030/974 1706/1762/1706 1702/1758/1702
f 1708/1764/1708 1712/1768/1712 814/867/814
f 988/1044/988 1709/1765/1709 1708/1764/1708
f 1709/1765/1709 2143/2098/2143 1708/1764/1708
f 1227/1283/1227 1711/1767/1711 1709/1765/1709
f 1710/1766/1710 2145/2099/2145 1711/1767/1711
f 1227/1283/1227 401/458/401 1710/1766/1710
f 401/458/401 1713/1769/1713 1710/1766/1710
f 1715/1771/1715 2420/3051/2420 986/1042/986
f 981/1037/981 1716/1772/1716 1715/1771/1715
f 2715/3052/2715 1733/1789/1733 1217/1273/1217
f 1217/1273/1217 2418/3053/2418 2715/3052/2715
f 2418/3053/2418 1716/1772/1716 1717/1773/1717
f 2715/3052/2715 2418/3053/2418 1717/1773/1717
f 981/1037/981 1730/1786/1730 1717/1773/1717
f 1719/1775/1719 2418/3053/2418 1217/1273/1217
f 1217/1273/1217 1228/1284/1228 1719/1775/1719
f 2716/3054/2716 1718/1774/1718 1228/1284/1228
f 986/1042/986 2420/3051/2420 1720/1776/1720
f 1720/1776/1720 2716/3054/2716 1228/1284/1228
f 1721/1777/1721 2416/3055/2416 988/1044/988
f 986/1042/986 1722/1778/1722 1721/1777/1721
f 1228/1284/1228 2415/3056/2415 1722/1778/1722
f 1724/1780/1724 2415/3056/2415 1228/1284/1228
f 1228/1284/1228 1227/1283/1227 1724/1780/1724
f 2717/3057/2717 1723/1779/1723 1227/1283/1227
f 988/1044/988 2416/3055/2416 1725/1781/1725
f 1725/1781/1725 2717/3057/2717 1227/1283/1227
f 1726/1782/1726 1731/1787/1731 981/1037/981
f 60/76/60 1727/1783/1727 1726/1782/1726
f 1727/1783/1727 2167/2045/2167 1726/1782/1726
f 396/452/396 1729/1785/1729 1727/1783/1727
f 1728/1784/1728 2170/2044/2170 1729/1785/1729
f 396/452/396 1217/1273/1217 1728/1784/1728
f 1217/1273/1217 1732/1788/1732 1728/1784/1728
f 1734/1790/1734 1738/1794/1738 833/888/833
f 1231/1287/1231 1735/1791/1735 1734/1790/1734
f 1735/1791/1735 2175/2113/2175 1734/1790/1734
f 1163/1219/1163 1737/1793/1737 1735/1791/1735
f 1736/1792/1736 2178/2114/2178 1737/1793/1737
f 1163/1219/1163 328/374/328 1736/1792/1736
f 328/374/328 1739/1795/1739 1736/1792/1736
f 1741/1797/1741 2444/3058/2444 1229/1285/1229
f 1224/1280/1224 1742/1798/1742 1741/1797/1741
f 2718/3059/2718 1754/1810/1754 1174/1230/1174
f 1174/1230/1174 2442/3060/2442 2718/3059/2718
f 2442/3060/2442 1742/1798/1742 1743/1799/1743
f 2718/3059/2718 2442/3060/2442 1743/1799/1743
f 1224/1280/1224 1751/1807/1751 1743/1799/1743
f 1745/1801/1745 2442/3060/2442 1174/1230/1174
f 1174/1230/1174 1304/1360/1304 1745/1801/1745
f 2719/3061/2719 1744/1800/1744 1304/1360/1304
f 1229/1285/1229 2444/3058/2444 1746/1802/1746
f 1746/1802/1746 2719/3061/2719 1304/1360/1304
f 1747/1803/1747 1752/1808/1752 1224/1280/1224
f 395/451/395 1748/1804/1748 1747/1803/1747
f 1748/1804/1748 2188/2049/2188 1747/1803/1747
f 339/383/339 1750/1806/1750 1748/1804/1748
f 1749/1805/1749 2190/2048/2190 1750/1806/1750
f 339/383/339 1174/1230/1174 1749/1805/1749
f 1174/1230/1174 1753/1809/1753 1749/1805/1749
f 1755/1811/1755 2440/3062/2440 1231/1287/1231
f 1229/1285/1229 1756/1812/1756 1755/1811/1755
f 1304/1360/1304 2439/3063/2439 1756/1812/1756
f 1758/1814/1758 2439/3063/2439 1304/1360/1304
f 1304/1360/1304 1163/1219/1163 1758/1814/1758
f 2720/3064/2720 1757/1813/1757 1163/1219/1163
f 1231/1287/1231 2440/3062/2440 1759/1815/1759
f 1759/1815/1759 2720/3064/2720 1163/1219/1163
f 1760/1816/1760 1764/1820/1764 850/906/850
f 1169/1225/1169 1762/1818/1762 1760/1816/1760
f 1762/1818/1762 2199/2121/2199 1760/1816/1760
f 1169/1225/1169 1200/1256/1200 1761/1817/1761
f 1763/1819/1763 2202/2122/2202 1761/1817/1761
f 1200/1256/1200 379/431/379 1763/1819/1763
f 379/431/379 1765/1821/1765 1763/1819/1763
f 1767/1823/1767 2464/3065/2464 1166/1222/1166
f 1179/1235/1179 1768/1824/1768 1767/1823/1767
f 2721/3066/2721 1780/1836/1780 1209/1265/1209
f 1209/1265/1209 2462/3067/2462 2721/3066/2721
f 2462/3067/2462 1768/1824/1768 1769/1825/1769
f 2721/3066/2721 2462/3067/2462 1769/1825/1769
f 1179/1235/1179 1777/1833/1777 1769/1825/1769
f 1771/1827/1771 2462/3067/2462 1209/1265/1209
f 1209/1265/1209 1201/1257/1201 1771/1827/1771
f 2722/3068/2722 1770/1826/1770 1201/1257/1201
f 1166/1222/1166 2464/3065/2464 1772/1828/1772
f 1772/1828/1772 2722/3068/2722 1201/1257/1201
f 1773/1829/1773 1778/1834/1778 1179/1235/1179
f 338/382/338 1775/1831/1775 1773/1829/1773
f 1775/1831/1775 2211/2053/2211 1773/1829/1773
f 338/382/338 384/439/384 1774/1830/1774
f 1776/1832/1776 2214/2126/2214 1774/1830/1774
f 384/439/384 1209/1265/1209 1776/1832/1776
f 1209/1265/1209 1779/1835/1779 1776/1832/1776
f 1781/1837/1781 2460/3069/2460 1169/1225/1169
f 1166/1222/1166 1782/1838/1782 1781/1837/1781
f 1201/1257/1201 2459/3070/2459 1782/1838/1782
f 1784/1840/1784 2459/3070/2459 1201/1257/1201
f 1201/1257/1201 1200/1256/1200 1784/1840/1784
f 2723/3071/2723 1783/1839/1783 1200/1256/1200
f 1169/1225/1169 2460/3069/2460 1785/1841/1785
f 1785/1841/1785 2723/3071/2723 1200/1256/1200
f 1786/1842/1786 1788/1844/1788 880/934/880
f 1204/1260/1204 870/924/870 1786/1842/1786
f 870/924/870 887/942/887 1786/1842/1786
f 1204/1260/1204 1038/1094/1038 868/916/868
f 1787/1843/1787 861/917/861 868/916/868
f 1038/1094/1038 162/192/162 1787/1843/1787
f 162/192/162 1789/1845/1789 1787/1843/1787
f 1791/1847/1791 2490/3072/2490 1202/1258/1202
f 1214/1270/1214 1792/1848/1792 1791/1847/1791
f 2724/3073/2724 1807/1863/1807 1029/1085/1029
f 1029/1085/1029 2488/3074/2488 2724/3073/2724
f 2488/3074/2488 1792/1848/1792 1793/1849/1793
f 2724/3073/2724 2488/3074/2488 1793/1849/1793
f 1214/1270/1214 1804/1860/1804 1793/1849/1793
f 1795/1851/1795 2488/3074/2488 1029/1085/1029
f 1029/1085/1029 1355/1411/1355 1795/1851/1795
f 2725/3075/2725 1794/1850/1794 1355/1411/1355
f 1202/1258/1202 2490/3072/2490 1796/1852/1796
f 1796/1852/1796 2725/3075/2725 1355/1411/1355
f 1797/1853/1797 2486/3076/2486 1204/1260/1204
f 1202/1258/1202 1798/1854/1798 1797/1853/1797
f 1355/1411/1355 2485/3077/2485 1798/1854/1798
f 1800/1856/1800 2485/3077/2485 1355/1411/1355
f 1355/1411/1355 1038/1094/1038 1800/1856/1800
f 2726/3078/2726 1799/1855/1799 1038/1094/1038
f 1204/1260/1204 2486/3076/2486 1801/1857/1801
f 1801/1857/1801 2726/3078/2726 1038/1094/1038
f 1802/1858/1802 1805/1861/1805 1214/1270/1214
f 383/438/383 546/605/546 1802/1858/1802
f 546/605/546 566/624/566 1802/1858/1802
f 383/438/383 156/186/156 544/593/544
f 1803/1859/1803 533/594/533 544/593/544
f 156/186/156 1029/1085/1029 1803/1859/1803
f 1029/1085/1029 1806/1862/1806 1803/1859/1803
f 1808/1864/1808 1810/1866/1810 902/955/902
f 1044/1100/1044 432/491/432 1808/1864/1808
f 432/491/432 477/543/477 1808/1864/1808
f 1044/1100/1044 1236/1292/1236 430/470/430
f 1809/1865/1809 414/471/414 430/470/430
f 1236/1292/1236 425/485/425 1809/1865/1809
f 425/485/425 1811/1867/1811 1809/1865/1809
f 1813/1869/1813 2510/3079/2510 1041/1097/1041
f 1036/1092/1036 1814/1870/1814 1813/1869/1813
f 2727/3080/2727 1826/1882/1826 1245/1301/1245
f 1245/1301/1245 2508/3081/2508 2727/3080/2727
f 2508/3081/2508 1814/1870/1814 1815/1871/1815
f 2727/3080/2727 2508/3081/2508 1815/1871/1815
f 1036/1092/1036 1823/1879/1823 1815/1871/1815
f 1817/1873/1817 2508/3081/2508 1245/1301/1245
f 1245/1301/1245 1237/1293/1237 1817/1873/1817
f 2728/3082/2728 1816/1872/1816 1237/1293/1237
f 1041/1097/1041 2510/3079/2510 1818/1874/1818
f 1818/1874/1818 2728/3082/2728 1237/1293/1237
f 1819/1875/1819 1824/1880/1824 1036/1092/1036
f 155/185/155 1821/1877/1821 1819/1875/1819
f 1821/1877/1821 2071/2055/2071 1819/1875/1819
f 155/185/155 434/494/434 1820/1876/1820
f 1822/1878/1822 2078/2054/2078 1820/1876/1820
f 434/494/434 1245/1301/1245 1822/1878/1822
f 1245/1301/1245 1825/1881/1825 1822/1878/1822
f 1827/1883/1827 2506/3083/2506 1044/1100/1044
f 1041/1097/1041 1828/1884/1828 1827/1883/1827
f 1237/1293/1237 2505/3084/2505 1828/1884/1828
f 1830/1886/1830 2505/3084/2505 1237/1293/1237
f 1237/1293/1237 1236/1292/1236 1830/1886/1830
f 2729/3085/2729 1829/1885/1829 1236/1292/1236
f 1044/1100/1044 2506/3083/2506 1831/1887/1831
f 1831/1887/1831 2729/3085/2729 1236/1292/1236
f 1832/1888/1832 1836/1892/1836 928/980/928
f 1240/1296/1240 1833/1889/1833 1832/1888/1832
f 1833/1889/1833 2091/2076/2091 1832/1888/1832
f 1155/1211/1155 1835/1891/1835 1833/1889/1833
f 1834/1890/1834 2095/2078/2095 1835/1891/1835
f 1155/1211/1155 305/351/305 1834/1890/1834
f 305/351/305 1837/1893/1837 1834/1890/1834
f 1839/1895/1839 2535/3086/2535 1238/1294/1238
f 1252/1308/1252 1840/1896/1840 1839/1895/1839
f 2730/3087/2730 1857/1913/1857 1145/1201/1145
f 1145/1201/1145 2533/3088/2533 2730/3087/2730
f 2533/3088/2533 1840/1896/1840 1841/1897/1841
f 2730/3087/2730 2533/3088/2533 1841/1897/1841
f 1252/1308/1252 1854/1910/1854 1841/1897/1841
f 1843/1899/1843 2533/3088/2533 1145/1201/1145
f 1145/1201/1145 1156/1212/1156 1843/1899/1843
f 2731/3089/2731 1842/1898/1842 1156/1212/1156
f 1238/1294/1238 2535/3086/2535 1844/1900/1844
f 1844/1900/1844 2731/3089/2731 1156/1212/1156
f 1845/1901/1845 2531/3090/2531 1240/1296/1240
f 1238/1294/1238 1846/1902/1846 1845/1901/1845
f 1156/1212/1156 2530/3091/2530 1846/1902/1846
f 1848/1904/1848 2530/3091/2530 1156/1212/1156
f 1156/1212/1156 1155/1211/1155 1848/1904/1848
f 2732/3092/2732 1847/1903/1847 1155/1211/1155
f 1240/1296/1240 2531/3090/2531 1849/1905/1849
f 1849/1905/1849 2732/3092/2732 1155/1211/1155
f 1850/1906/1850 1855/1911/1855 1252/1308/1252
f 433/493/433 1851/1907/1851 1850/1906/1850
f 1851/1907/1851 2118/2059/2118 1850/1906/1850
f 302/347/302 1853/1909/1853 1851/1907/1851
f 1852/1908/1852 2123/2058/2123 1853/1909/1853
f 302/347/302 1145/1201/1145 1852/1908/1852
f 1145/1201/1145 1856/1912/1856 1852/1908/1852
f 1858/1914/1858 1862/1918/1862 947/1000/947
f 1159/1215/1159 1860/1916/1860 1858/1914/1858
f 1860/1916/1860 2129/2092/2129 1858/1914/1858
f 1159/1215/1159 1189/1245/1189 1859/1915/1859
f 1861/1917/1861 2133/2093/2133 1859/1915/1859
f 1189/1245/1189 358/408/358 1861/1917/1861
f 358/408/358 1863/1919/1863 1861/1917/1861
f 1157/1213/1157 1152/1208/1152 1865/1921/1865
f 2733/3093/2733 1886/1942/1886 1182/1238/1182
f 1182/1238/1182 2555/3094/2555 2733/3093/2733
f 2555/3094/2555 1867/1923/1867 1868/1924/1868
f 2733/3093/2733 2555/3094/2555 1868/1924/1868
f 1867/1923/1867 1865/1921/1865 1152/1208/1152
f 1152/1208/1152 1883/1939/1883 1868/1924/1868
f 1870/1926/1870 2555/3094/2555 1182/1238/1182
f 1182/1238/1182 1298/1354/1298 1870/1926/1870
f 2734/3095/2734 1869/1925/1869 1298/1354/1298
f 1157/1213/1157 1866/1922/1866 1871/1927/1871
f 1871/1927/1871 2734/3095/2734 1298/1354/1298
f 1159/1215/1159 1157/1213/1157 1872/1928/1872
f 1875/1931/1875 1872/1928/1872 1157/1213/1157
f 1157/1213/1157 1298/1354/1298 1875/1931/1875
f 1877/1933/1877 1874/1930/1874 1298/1354/1298
f 1298/1354/1298 1189/1245/1189 1877/1933/1877
f 2735/3096/2735 1876/1932/1876 1189/1245/1189
f 1159/1215/1159 1873/1929/1873 1878/1934/1878
f 1878/1934/1878 2735/3096/2735 1189/1245/1189
f 1879/1935/1879 1884/1940/1884 1152/1208/1152
f 301/346/301 1881/1937/1881 1879/1935/1879
f 1881/1937/1881 2150/2063/2150 1879/1935/1879
f 301/346/301 354/402/354 1880/1936/1880
f 1882/1938/1882 2154/2062/2154 1880/1936/1880
f 354/402/354 1182/1238/1182 1882/1938/1882
f 1182/1238/1182 1885/1941/1885 1882/1938/1882
f 1887/1943/1887 1891/1947/1891 963/1019/963
f 1195/1251/1195 1889/1945/1889 1887/1943/1887
f 1889/1945/1889 2158/2105/2158 1887/1943/1887
f 1195/1251/1195 1011/1067/1011 1888/1944/1888
f 1890/1946/1890 2163/2108/2163 1888/1944/1888
f 1011/1067/1011 135/167/135 1890/1946/1890
f 135/167/135 1892/1948/1892 1890/1946/1890
f 1894/1950/1894 2576/3097/2576 1192/1248/1192
f 1187/1243/1187 1895/1951/1895 1894/1950/1894
f 2736/3098/2736 1907/1963/1907 1020/1076/1020
f 1020/1076/1020 2574/3099/2574 2736/3098/2736
f 2574/3099/2574 1895/1951/1895 1896/1952/1896
f 2736/3098/2736 2574/3099/2574 1896/1952/1896
f 1187/1243/1187 1904/1960/1904 1896/1952/1896
f 1898/1954/1898 2574/3099/2574 1020/1076/1020
f 1020/1076/1020 1361/1417/1361 1898/1954/1898
f 2737/3100/2737 1897/1953/1897 1361/1417/1361
f 1192/1248/1192 2576/3097/2576 1899/1955/1899
f 1899/1955/1899 2737/3100/2737 1361/1417/1361
f 1900/1956/1900 1905/1961/1905 1187/1243/1187
f 353/401/353 1902/1958/1902 1900/1956/1900
f 1902/1958/1902 2176/2067/2176 1900/1956/1900
f 353/401/353 144/174/144 1901/1957/1901
f 1903/1959/1903 2182/2066/2182 1901/1957/1901
f 144/174/144 1020/1076/1020 1903/1959/1903
f 1020/1076/1020 1906/1962/1906 1903/1959/1903
f 1908/1964/1908 2572/3101/2572 1195/1251/1195
f 1192/1248/1192 1909/1965/1909 1908/1964/1908
f 1361/1417/1361 2571/3102/2571 1909/1965/1909
f 1911/1967/1911 2571/3102/2571 1361/1417/1361
f 1361/1417/1361 1011/1067/1011 1911/1967/1911
f 2738/3103/2738 1910/1966/1910 1011/1067/1011
f 1195/1251/1195 2572/3101/2572 1912/1968/1912
f 1912/1968/1912 2738/3103/2738 1011/1067/1011
f 1913/1031/1913 2075/1033/2075 1914/1969/1914
f 1916/1059/1916 2104/1061/2104 1917/1971/1917
f 1919/1077/1919 2120/1079/2120 1920/1973/1920
f 1922/1086/1922 2130/1088/2130 1923/1975/1923
f 1925/1115/1925 2151/1117/2151 1926/1977/1926
f 1928/1979/1928 2338/1129/2338 1929/1123/1929
f 1930/1125/1930 2159/1127/2159 1928/1979/1928
f 2159/1127/2159 2161/2107/2161 1928/1979/1928
f 1931/1134/1931 2171/1137/2171 1932/1980/1932
f 1934/1982/1934 2262/3104/2262 1935/1142/1935
f 1936/1144/1936 2179/1145/2179 1934/1982/1934
f 2179/1145/2179 2180/2115/2180 1934/1982/1934
f 1937/1151/1937 2187/1154/2187 1938/1983/1938
f 1940/1173/1940 2196/1175/2196 1941/1985/1941
f 1943/1183/1943 2205/1185/2205 1944/1987/1944
f 1946/1203/1946 2215/1202/2215 1947/1989/1947
f 734/791/734 719/778/719 721/779/721
f 627/684/627 610/667/610 612/668/612
f 141/172/141 102/121/102 104/122/104
f 1949/1274/1949 2080/1276/2080 1950/1991/1950
f 1952/1303/1952 2107/1302/2107 1953/1993/1953
f 1955/1321/1955 2124/1323/2124 1956/1995/1956
f 1958/1387/1958 2198/1389/2198 1959/1997/1959
f 1961/1397/1961 2208/2123/2208 1962/1999/1962
f 601/658/601 588/646/588 590/648/590
f 509/570/509 501/563/501 503/565/503
f 335/380/335 317/363/317 319/365/319
f 70/87/70 2067/86/2067 1964/2001/1964
f 1965/1460/1965 2083/1459/2083 1966/2002/1966
f 1968/1467/1968 2088/1466/2088 1969/2004/1969
f 1971/1474/1971 2098/1473/2098 1972/2006/1972
f 1974/1480/1974 2109/1482/2109 1975/2008/1975
f 1977/1488/1977 2115/1490/2115 1978/2010/1978
f 1980/2012/1980 2221/1500/2221 1981/1495/1981
f 1982/1496/1982 2126/1497/2126 1980/2012/1980
f 2126/1497/2126 2127/2090/2127 1980/2012/1980
f 1983/2013/1983 2334/1505/2334 1984/1501/1984
f 1985/1502/1985 2134/1504/2134 1983/2013/1983
f 2134/1504/2134 2136/2095/2136 1983/2013/1983
f 1986/1510/1986 2141/1512/2141 1987/2014/1987
f 1989/1519/1989 2147/1521/2147 1990/2016/1990
f 1992/1526/1992 2156/1528/2156 1993/2018/1993
f 1995/1534/1995 2165/1536/2165 1996/2020/1996
f 1998/1542/1998 2173/1544/2173 1999/2022/1999
f 2001/1549/2001 2184/1551/2184 2002/2024/2002
f 2004/2026/2004 2193/2119/2193 2005/2027/2005
f 2007/1577/2007 2209/1579/2209 2008/2028/2008
f 900/954/900 893/948/893 895/949/895
f 801/856/801 789/845/789 791/847/791
f 488/552/488 478/544/478 480/545/480
f 284/330/284 258/296/258 260/298/260
f 2010/1649/2010 2085/1651/2085 2011/2030/2011
f 2013/1662/2013 2101/1664/2101 2014/2032/2014
f 776/832/776 763/820/763 765/822/765
f 670/727/670 657/715/657 659/717/659
f 468/535/468 454/520/454 456/522/456
f 2016/1709/2016 2072/1711/2072 2017/2034/2017
f 2019/1724/2019 2092/1726/2092 2020/2036/2020
f 2022/1737/2022 2112/1739/2112 2023/2038/2023
f 2025/1757/2025 2138/1759/2138 2026/2040/2026
f 2028/1765/2028 2144/1767/2144 2029/2042/2029
f 2031/1783/2031 2169/1785/2169 2032/2044/2032
f 2034/1791/2034 2177/1793/2177 2035/2046/2035
f 2037/1804/2037 2189/1806/2189 2038/2048/2038
f 2040/1818/2040 2201/1817/2201 2041/2050/2041
f 2043/1831/2043 2213/1830/2213 2044/2052/2044
f 869/924/869 860/916/860 862/918/862
f 545/605/545 532/593/532 534/594/534
f 431/491/431 413/470/413 415/472/415
f 2046/1877/2046 2077/1876/2077 2047/2054/2047
f 2049/1889/2049 2094/1891/2094 2050/2056/2050
f 2052/1907/2052 2122/1909/2122 2053/2058/2053
f 2055/1916/2055 2132/1915/2132 2056/2060/2056
f 2058/1937/2058 2153/1936/2153 2059/2062/2059
f 2061/1945/2061 2162/1944/2162 2062/2064/2062
f 2064/1958/2064 2181/1957/2181 2065/2066/2065
f 2067/86/2067 69/86/69 2068/2068/2068
f 1653/1709/1653 2016/1709/2016 2018/2035/2018
f 975/1031/975 1913/1031/1913 1915/1970/1915
f 1821/1877/1821 2046/1877/2046 2048/2055/2048
f 1655/1711/1655 2072/1711/2072 2016/1709/2016
f 2072/1711/2072 1655/1711/1655 2073/2070/2073
f 1218/1274/1218 1949/1274/1949 1951/1992/1951
f 977/1033/977 2075/1033/2075 1913/1031/1913
f 1820/1876/1820 2077/1876/2077 2046/1877/2046
f 2075/1033/2075 977/1033/977 2076/1969/2076
f 2077/1876/2077 1820/1876/1820 2078/2054/2078
f 1404/1460/1404 1965/1460/1965 1967/2003/1967
f 1220/1276/1220 2080/1276/2080 1949/1274/1949
f 2080/1276/2080 1220/1276/1220 2081/1991/2081
f 1593/1649/1593 2010/1649/2010 2012/2031/2012
f 1403/1459/1403 2083/1459/2083 1965/1460/1965
f 2083/1459/2083 1403/1459/1403 2084/2073/2084
f 1595/1651/1595 2085/1651/2085 2010/1649/2010
f 2085/1651/2085 1595/1651/1595 2086/2030/2086
f 1411/1467/1411 1968/1467/1968 1970/2005/1970
f 1410/1466/1410 2088/1466/2088 1968/1467/1968
f 2088/1466/2088 1410/1466/1410 2089/2075/2089
f 1668/1724/1668 2019/1724/2019 2021/2037/2021
f 1833/1889/1833 2049/1889/2049 2051/2057/2051
f 1670/1726/1670 2092/1726/2092 2019/1724/2019
f 2092/1726/2092 1670/1726/1670 2093/2077/2093
f 1835/1891/1835 2094/1891/2094 2049/1889/2049
f 2094/1891/2094 1835/1891/1835 2095/2078/2095
f 1418/1474/1418 1971/1474/1971 1973/2007/1973
f 1606/1662/1606 2013/1662/2013 2015/2033/2015
f 1417/1473/1417 2098/1473/2098 1971/1474/1971
f 2098/1473/2098 1417/1473/1417 2099/2081/2099
f 1608/1664/1608 2101/1664/2101 2013/1662/2013
f 1003/1059/1003 1916/1059/1916 1918/1972/1918
f 2101/1664/2101 1608/1664/1608 2102/2082/2102
f 1247/1303/1247 1952/1303/1952 1954/1994/1954
f 1005/1061/1005 2104/1061/2104 1916/1059/1916
f 2104/1061/2104 1005/1061/1005 2105/1971/2105
f 1424/1480/1424 1974/1480/1974 1976/2009/1976
f 1246/1302/1246 2107/1302/2107 1952/1303/1952
f 2107/1302/2107 1246/1302/1246 2108/1993/2108
f 1426/1482/1426 2109/1482/2109 1974/1480/1974
f 2109/1482/2109 1426/1482/1426 2110/2084/2110
f 1681/1737/1681 2022/1737/2022 2024/2039/2024
f 1683/1739/1683 2112/1739/2112 2022/1737/2022
f 2112/1739/2112 1683/1739/1683 2113/2086/2113
f 1432/1488/1432 1977/1488/1977 1979/2011/1979
f 1434/1490/1434 2115/1490/2115 1977/1488/1977
f 2115/1490/2115 1434/1490/1434 2116/2088/2116
f 1021/1077/1021 1919/1077/1919 1921/1974/1921
f 1851/1907/1851 2052/1907/2052 2054/2059/2054
f 1265/1321/1265 1955/1321/1955 1957/1996/1957
f 1023/1079/1023 2120/1079/2120 1919/1077/1919
f 1853/1909/1853 2122/1909/2122 2052/1907/2052
f 2120/1079/2120 1023/1079/1023 2121/1973/2121
f 2122/1909/2122 1853/1909/1853 2123/2058/2123
f 1440/1496/1440 1982/1496/1982 1981/1495/1981
f 1267/1323/1267 2124/1323/2124 1955/1321/1955
f 1981/1495/1981 2221/1500/2221 1444/1500/1444
f 2124/1323/2124 1267/1323/1267 2125/2089/2125
f 1441/1497/1441 2126/1497/2126 1982/1496/1982
f 2126/1497/2126 1441/1497/1441 1443/1499/1443
f 1030/1086/1030 1922/1086/1922 1924/1976/1924
f 1860/1916/1860 2055/1916/2055 2057/2061/2057
f 1032/1088/1032 2130/1088/2130 1922/1086/1922
f 1859/1915/1859 2132/1915/2132 2055/1916/2055
f 2130/1088/2130 1032/1088/1032 2131/1975/2131
f 2132/1915/2132 1859/1915/1859 2133/2093/2133
f 1446/1502/1446 1985/1502/1985 1984/1501/1984
f 1984/1501/1984 2334/1505/2334 1449/1505/1449
f 1448/1504/1448 2134/1504/2134 1985/1502/1985
f 2134/1504/2134 1448/1504/1448 2135/2094/2135
f 1701/1757/1701 2025/1757/2025 2027/2041/2027
f 1703/1759/1703 2138/1759/2138 2025/1757/2025
f 2138/1759/2138 1703/1759/1703 2139/2040/2139
f 1454/1510/1454 1986/1510/1986 1988/2015/1988
f 1456/1512/1456 2141/1512/2141 1986/1510/1986
f 2141/1512/2141 1456/1512/1456 2142/2097/2142
f 1709/1765/1709 2028/1765/2028 2030/2043/2030
f 1711/1767/1711 2144/1767/2144 2028/1765/2028
f 2144/1767/2144 1711/1767/1711 2145/2099/2145
f 1463/1519/1463 1989/1519/1989 1991/2017/1991
f 1465/1521/1465 2147/1521/2147 1989/1519/1989
f 2147/1521/2147 1465/1521/1465 2148/2101/2148
f 1059/1115/1059 1925/1115/1925 1927/1978/1927
f 1881/1937/1881 2058/1937/2058 2060/2063/2060
f 1061/1117/1061 2151/1117/2151 1925/1115/1925
f 1880/1936/1880 2153/1936/2153 2058/1937/2058
f 2151/1117/2151 1061/1117/1061 2152/2102/2152
f 2153/1936/2153 1880/1936/1880 2154/2062/2154
f 1470/1526/1470 1992/1526/1992 1994/2019/1994
f 1472/1528/1472 2156/1528/2156 1992/1526/1992
f 2156/1528/2156 1472/1528/1472 2157/2104/2157
f 1069/1125/1069 1930/1125/1930 1929/1123/1929
f 1889/1945/1889 2061/1945/2061 2063/2065/2063
f 1929/1123/1929 2338/1129/2338 1073/1129/1073
f 1071/1127/1071 2159/1127/2159 1930/1125/1930
f 1888/1944/1888 2162/1944/2162 2061/1945/2061
f 2159/1127/2159 1071/1127/1071 2160/2106/2160
f 2162/1944/2162 1888/1944/1888 2163/2108/2163
f 1478/1534/1478 1995/1534/1995 1997/2021/1997
f 1480/1536/1480 2165/1536/2165 1995/1534/1995
f 2165/1536/2165 1480/1536/1480 2166/2110/2166
f 1727/1783/1727 2031/1783/2031 2033/2045/2033
f 1081/1137/1081 2171/1137/2171 1931/1134/1931
f 1729/1785/1729 2169/1785/2169 2031/1783/2031
f 1931/1134/1931 1933/1981/1933 2168/1981/2168
f 2169/1785/2169 1729/1785/1729 2170/2044/2170
f 1081/1137/1081 2661/1980/2661 1932/1980/1932
f 1486/1542/1486 1998/1542/1998 2000/2023/2000
f 1488/1544/1488 2173/1544/2173 1998/1542/1998
f 2173/1544/2173 1488/1544/1488 2174/2112/2174
f 1735/1791/1735 2034/1791/2034 2036/2047/2036
f 1088/1144/1088 1936/1144/1936 1935/1142/1935
f 1902/1958/1902 2064/1958/2064 2066/2067/2066
f 1737/1793/1737 2177/1793/2177 2034/1791/2034
f 1935/1142/1935 2262/3104/2262 1093/1149/1093
f 2177/1793/2177 1737/1793/1737 2178/2114/2178
f 1089/1145/1089 2179/1145/2179 1936/1144/1936
f 1901/1957/1901 2181/1957/2181 2064/1958/2064
f 2179/1145/2179 1089/1145/1089 1091/1147/1091
f 2181/1957/2181 1901/1957/1901 2182/2066/2182
f 1493/1549/1493 2001/1549/2001 2003/2025/2003
f 1495/1551/1495 2184/1551/2184 2001/1549/2001
f 2184/1551/2184 1495/1551/1495 2185/2117/2185
f 1098/1154/1098 2187/1154/2187 1937/1151/1937
f 1937/1151/1937 1939/1984/1939 2186/2118/2186
f 1098/1154/1098 2663/1983/2663 1938/1983/1938
f 1748/1804/1748 2037/1804/2037 2039/2049/2039
f 1750/1806/1750 2189/1806/2189 2037/1804/2037
f 2189/1806/2189 1750/1806/1750 2190/2048/2190
f 1508/1564/1508 2006/1564/2006 2005/2027/2005
f 2192/2026/2192 2004/2026/2004 2006/1564/2006
f 2192/2026/2192 2698/2119/2698 2193/2119/2193
f 1117/1173/1117 1940/1173/1940 1942/1986/1942
f 1333/1389/1333 2198/1389/2198 1958/1387/1958
f 1119/1175/1119 2196/1175/2196 1940/1173/1940
f 1958/1387/1958 1960/1998/1960 2195/1998/2195
f 2196/1175/2196 1119/1175/1119 2197/1985/2197
f 1333/1389/1333 2688/2973/2688 1959/1997/1959
f 1762/1818/1762 2040/1818/2040 2042/2051/2042
f 1127/1183/1127 1943/1183/1943 1945/1988/1945
f 1761/1817/1761 2201/1817/2201 2040/1818/2040
f 2201/1817/2201 1761/1817/1761 2202/2122/2202
f 2203/2123/2203 2208/2123/2208 1961/1397/1961
f 1129/1185/1129 2205/1185/2205 1943/1183/1943
f 1961/1397/1961 1963/2000/1963 2204/2000/2204
f 2205/1185/2205 1129/1185/1129 2206/1987/2206
f 1521/1577/1521 2007/1577/2007 2009/2029/2009
f 2203/2123/2203 2689/2976/2689 1962/1999/1962
f 1523/1579/1523 2209/1579/2209 2007/1577/2007
f 2209/1579/2209 1523/1579/1523 2210/2125/2210
f 1775/1831/1775 2043/1831/2043 2045/2053/2045
f 1147/1203/1147 1946/1203/1946 1948/1990/1948
f 1774/1830/1774 2213/1830/2213 2043/1831/2043
f 2213/1830/2213 1774/1830/1774 2214/2126/2214
f 1146/1202/1146 2215/1202/2215 1946/1203/1946
f 2215/1202/2215 1146/1202/1146 2216/1989/2216
f 625/2127/625 2227/3105/2227 2217/2128/2217
f 2218/2130/2218 2697/3106/2697 2219/2131/2219
f 625/2133/625 1509/3107/1509 2218/2130/2218
f 1442/2134/1442 1548/2286/1548 2646/2577/2646
f 2220/2135/2220 225/2578/225 2127/2136/2127
f 225/2578/225 1980/3108/1980 2127/2136/2127
f 1442/2134/1442 2646/2577/2646 2220/2135/2220
f 2127/2136/2127 1443/3109/1443 1442/2134/1442
f 2221/2137/2221 1980/3108/1980 225/2578/225
f 2222/2138/2222 238/2141/238 230/2153/230
f 2221/2137/2221 225/2578/225 2222/2138/2222
f 229/2139/229 1444/3110/1444 2221/2137/2221
f 2222/2138/2222 230/2153/230 229/2139/229
f 237/2142/237 2644/2581/2644 682/2172/682
f 2223/2140/2223 230/2153/230 238/2141/238
f 237/2142/237 682/2172/682 2223/2140/2223
f 1552/2145/1552 682/2172/682 2644/2581/2644
f 2224/2143/2224 2646/2160/2646 1550/2144/1550
f 2646/2160/2646 1548/3111/1548 1550/2144/1550
f 1552/2145/1552 2644/2581/2644 2224/2143/2224
f 2193/2147/2193 2698/3112/2698 1510/2286/1510
f 620/2189/620 1507/2280/1507 2005/2146/2005
f 1507/2280/1507 2191/3113/2191 2005/2146/2005
f 2193/2147/2193 1510/2286/1510 621/2148/621
f 620/2189/620 2005/2146/2005 621/2148/621
f 1512/2149/1512 1507/2280/1507 620/2189/620
f 2225/2150/2225 2226/2154/2226 1503/2153/1503
f 1512/2149/1512 620/2189/620 2225/2150/2225
f 2225/2150/2225 1503/2153/1503 1511/2151/1511
f 640/2152/640 1501/2172/1501 1503/2153/1503
f 1514/2155/1514 1501/2172/1501 640/2152/640
f 623/2156/623 2219/3114/2219 1513/2157/1513
f 2219/3114/2219 2697/3115/2697 1513/2157/1513
f 1514/2155/1514 640/2152/640 623/2156/623
f 1510/2158/1510 2217/3116/2217 2227/2159/2227
f 2228/2162/2228 1518/2286/1518 619/2148/619
f 619/2148/619 2637/2189/2637 1516/2161/1516
f 2637/2189/2637 1515/2280/1515 1516/2161/1516
f 2230/2163/2230 1515/2280/1515 2637/2189/2637
f 2637/2189/2637 618/2154/618 2230/2163/2230
f 617/2152/617 1519/2172/1519 2229/2153/2229
f 1517/2164/1517 1519/2172/1519 617/2152/617
f 617/2152/617 619/2160/619 1517/2164/1517
f 2231/2166/2231 1505/2286/1505 639/2148/639
f 639/2148/639 2640/2189/2640 1502/2165/1502
f 2640/2189/2640 1500/2280/1500 1502/2165/1502
f 2233/2167/2233 1500/2280/1500 2640/2189/2640
f 2640/2189/2640 638/2154/638 2233/2167/2233
f 637/2152/637 1506/2172/1506 2232/2153/2232
f 1504/2168/1504 1506/2172/1506 637/2152/637
f 637/2152/637 639/2160/639 1504/2168/1504
f 2002/2147/2002 2185/3112/2185 1494/2286/1494
f 2638/2189/2638 1492/2280/1492 2003/2146/2003
f 1492/2280/1492 2183/3113/2183 2003/2146/2003
f 2002/2147/2002 1494/2286/1494 629/2148/629
f 2638/2189/2638 2003/2146/2003 629/2148/629
f 1497/2169/1497 1492/2280/1492 2638/2189/2638
f 2234/2170/2234 2639/2154/2639 631/2153/631
f 1497/2169/1497 2638/2189/2638 2234/2170/2234
f 2234/2170/2234 631/2153/631 1496/2171/1496
f 631/2153/631 2639/2154/2639 636/2152/636
f 1499/2173/1499 630/2172/630 636/2152/636
f 635/2143/635 629/2160/629 1498/2174/1498
f 629/2160/629 1494/2158/1494 1498/2174/1498
f 1499/2173/1499 636/2152/636 635/2143/635
f 2235/2176/2235 1329/2286/1329 247/2148/247
f 247/2148/247 2609/2189/2609 1326/2175/1326
f 2609/2189/2609 1324/2280/1324 1326/2175/1326
f 2237/2177/2237 1324/2280/1324 2609/2189/2609
f 2609/2189/2609 246/2154/246 2237/2177/2237
f 245/2152/245 1330/2172/1330 2236/2153/2236
f 1328/2178/1328 1330/2172/1330 245/2152/245
f 245/2152/245 247/2160/247 1328/2178/1328
f 2238/2180/2238 1113/2286/1113 578/2148/578
f 578/2148/578 2633/2189/2633 1110/2179/1110
f 2633/2189/2633 1106/2280/1106 1110/2179/1110
f 2240/2181/2240 1106/2280/1106 2633/2189/2633
f 2633/2189/2633 576/2154/576 2240/2181/2240
f 575/2152/575 1114/2172/1114 2239/2153/2239
f 1112/2182/1112 1114/2172/1114 575/2152/575
f 575/2152/575 578/2160/578 1112/2182/1112
f 1978/2184/1978 2116/3117/2116 1433/2286/1433
f 2610/2189/2610 1430/2280/1430 1979/2183/1979
f 1430/2280/1430 2114/3118/2114 1979/2183/1979
f 1978/2184/1978 1433/2286/1433 265/2148/265
f 2610/2189/2610 1979/2183/1979 265/2148/265
f 1436/2185/1436 1430/2280/1430 2610/2189/2610
f 2241/2170/2241 2242/2154/2242 264/2153/264
f 1436/2185/1436 2610/2189/2610 2241/2170/2241
f 2241/2170/2241 264/2153/264 1435/2171/1435
f 255/2152/255 263/2172/263 264/2153/264
f 1438/2173/1438 263/2172/263 255/2152/255
f 254/2143/254 265/2160/265 1437/2186/1437
f 265/2160/265 1433/2158/1433 1437/2186/1437
f 1438/2173/1438 255/2152/255 254/2143/254
f 1941/2184/1941 2197/3117/2197 1118/2286/1118
f 2630/2189/2630 1115/2280/1115 1942/2183/1942
f 1115/2280/1115 2194/3118/2194 1942/2183/1942
f 1941/2184/1941 1118/2286/1118 504/2148/504
f 2630/2189/2630 1942/2183/1942 504/2148/504
f 1121/2187/1121 1115/2280/1115 2630/2189/2630
f 2243/2150/2243 2244/2154/2244 1327/2153/1327
f 1121/2187/1121 2630/2189/2630 2243/2150/2243
f 2243/2150/2243 1327/2153/1327 1120/2151/1120
f 249/2152/249 1325/2172/1325 1327/2153/1327
f 1124/2155/1124 1325/2172/1325 249/2152/249
f 2245/2156/2245 504/2160/504 1122/2188/1122
f 504/2160/504 1118/2158/1118 1122/2188/1122
f 1124/2155/1124 249/2152/249 2245/2156/2245
f 895/2190/895 894/3119/894 1542/2286/1542
f 645/2189/645 1541/2280/1541 919/3120/919
f 1541/2280/1541 920/3121/920 919/3120/919
f 895/2190/895 1542/2286/1542 646/2148/646
f 645/2189/645 919/3120/919 895/2190/895
f 1544/2191/1544 1541/2280/1541 645/2189/645
f 2246/2150/2246 651/2154/651 1530/2153/1530
f 1544/2191/1544 645/2189/645 2246/2150/2246
f 2246/2150/2246 1530/2153/1530 1543/2151/1543
f 648/2152/648 1528/2172/1528 1530/2153/1530
f 1546/2155/1546 1528/2172/1528 648/2152/648
f 2247/2156/2247 646/2160/646 1545/2192/1545
f 646/2160/646 1542/2158/1542 1545/2192/1545
f 1546/2155/1546 648/2152/648 2247/2156/2247
f 1529/2194/1529 1532/2286/1532 649/2148/649
f 649/2148/649 650/2189/650 1529/2194/1529
f 650/2189/650 1527/2280/1527 2248/2193/2248
f 2250/2195/2250 1527/2280/1527 650/2189/650
f 650/2189/650 2249/2154/2249 2250/2195/2250
f 2251/2152/2251 2699/2172/2699 1533/2153/1533
f 1531/2196/1531 2699/2172/2699 2251/2152/2251
f 2251/2152/2251 649/2160/649 1531/2196/1531
f 1335/2197/1335 1557/2286/1557 2255/2148/2255
f 2252/2198/2252 241/2189/241 2253/2199/2253
f 241/2189/241 1332/2280/1332 2253/2199/2253
f 1335/2197/1335 2255/2148/2255 2252/2198/2252
f 1959/2201/1959 2688/3122/2688 1332/2280/1332
f 2608/2154/2608 1340/2153/1340 1960/2200/1960
f 1340/2153/1340 2195/3123/2195 1960/2200/1960
f 1959/2201/1959 1332/2280/1332 241/2189/241
f 2608/2154/2608 1960/2200/1960 241/2189/241
f 1338/3124/1338 1340/2153/1340 2608/2154/2608
f 2254/2202/2254 675/2152/675 1558/2203/1558
f 675/2152/675 2701/2172/2701 1558/2203/1558
f 1338/3124/1338 2608/2154/2608 2254/2202/2254
f 1339/2204/1339 1338/3124/1338 2254/2202/2254
f 2256/2205/2256 2701/2172/2701 675/2152/675
f 675/2152/675 2255/2160/2255 2256/2205/2256
f 1103/2197/1103 1566/2286/1566 2259/2148/2259
f 2257/2198/2257 579/2189/579 1104/2206/1104
f 579/2189/579 1097/2280/1097 1104/2206/1104
f 1103/2197/1103 2259/2148/2259 2257/2198/2257
f 1938/2208/1938 2663/3125/2663 1097/2280/1097
f 2634/2154/2634 1105/2153/1105 1939/2207/1939
f 1105/2153/1105 2186/3126/2186 1939/2207/1939
f 1938/2208/1938 1097/2280/1097 579/2189/579
f 2634/2154/2634 1939/2207/1939 579/2189/579
f 1100/2209/1100 1105/2153/1105 2634/2154/2634
f 2258/2202/2258 666/2152/666 2260/2172/2260
f 1100/2209/1100 2634/2154/2634 2258/2202/2258
f 2258/2202/2258 2260/2172/2260 1101/2204/1101
f 2259/2160/2259 1566/2158/1566 2260/2172/2260
f 1090/2197/1090 1574/2286/1574 2642/2148/2642
f 2261/2198/2261 506/2189/506 2180/2210/2180
f 506/2189/506 1934/3108/1934 2180/2210/2180
f 1090/2197/1090 2642/2148/2642 2261/2198/2261
f 2180/2210/2180 1091/3127/1091 1090/2197/1090
f 2262/2211/2262 1934/3108/1934 506/2189/506
f 2263/2150/2263 2607/2154/2607 1334/2153/1334
f 2262/2211/2262 506/2189/506 2263/2150/2263
f 1092/2151/1092 1093/3128/1093 2262/2211/2262
f 2263/2150/2263 1334/2153/1334 1092/2151/1092
f 1336/3129/1336 1334/2153/1334 2607/2154/2607
f 2264/2202/2264 2643/2152/2643 1555/2212/1555
f 2643/2152/2643 1560/2172/1560 1555/2212/1555
f 1336/3129/1336 2607/2154/2607 2264/2202/2264
f 1337/2204/1337 1336/3129/1336 2264/2202/2264
f 1578/2155/1578 1560/2172/1560 2643/2152/2643
f 2265/2156/2265 2642/2160/2642 1576/2213/1576
f 2642/2160/2642 1574/2158/1574 1576/2213/1576
f 1578/2155/1578 2643/2152/2643 2265/2156/2265
f 672/2189/672 1573/2280/1573 514/3130/514
f 1573/2280/1573 515/3131/515 514/3130/514
f 479/3132/479 1575/2286/1575 480/2214/480
f 1575/2286/1575 673/2148/673 480/2214/480
f 672/2189/672 514/3130/514 480/2214/480
f 2266/2215/2266 1573/2280/1573 672/2189/672
f 2267/2150/2267 2268/2154/2268 1561/2153/1561
f 2266/2215/2266 672/2189/672 2267/2150/2267
f 2267/2150/2267 1561/2153/1561 1577/2151/1577
f 679/2152/679 2700/2172/2700 1561/2153/1561
f 1580/2155/1580 2700/2172/2700 679/2152/679
f 2269/2156/2269 673/2160/673 1579/2216/1579
f 673/2160/673 1575/2158/1575 1579/2216/1579
f 1580/2155/1580 679/2152/679 2269/2156/2269
f 791/2214/791 790/3132/790 1549/2286/1549
f 684/2189/684 1547/2280/1547 831/3130/831
f 1547/2280/1547 832/3131/832 831/3130/831
f 791/2214/791 1549/2286/1549 685/2148/685
f 684/2189/684 831/3130/831 791/2214/791
f 2270/2217/2270 1547/2280/1547 684/2189/684
f 2271/2170/2271 681/2154/681 683/2153/683
f 2270/2217/2270 684/2189/684 2271/2170/2271
f 2271/2170/2271 683/2153/683 1551/2171/1551
f 2272/2152/2272 2645/2172/2645 683/2153/683
f 1554/2173/1554 2645/2172/2645 2272/2152/2272
f 2273/2143/2273 685/2160/685 1553/2218/1553
f 685/2160/685 1549/2158/1549 1553/2218/1553
f 1554/2173/1554 2272/2152/2272 2273/2143/2273
f 2274/2220/2274 1571/2286/1571 668/2148/668
f 668/2148/668 667/2189/667 2274/2220/2274
f 667/2189/667 1567/2280/1567 1569/2219/1569
f 1568/2221/1568 1567/2280/1567 667/2189/667
f 667/2189/667 665/2154/665 1568/2221/1568
f 2275/2152/2275 2702/2172/2702 1572/2153/1572
f 1570/2222/1570 2702/2172/2702 2275/2152/2275
f 2275/2152/2275 668/2160/668 1570/2222/1570
f 2276/2224/2276 1563/2286/1563 677/2148/677
f 677/2148/677 2277/2189/2277 2276/2224/2276
f 2277/2189/2277 1556/2280/1556 1559/2223/1559
f 2278/2225/2278 1556/2280/1556 2277/2189/2277
f 2277/2189/2277 674/2154/674 2278/2225/2278
f 2279/2152/2279 1565/2172/1565 1564/2153/1564
f 1562/2226/1562 1565/2172/1565 2279/2152/2279
f 2279/2152/2279 677/2160/677 1562/2226/1562
f 2280/2228/2280 1322/2286/1322 289/2148/289
f 289/2148/289 2281/2189/2281 2280/2228/2280
f 2281/2189/2281 1318/2280/1318 1319/2227/1319
f 2282/2229/2282 1318/2280/1318 2281/2189/2281
f 2281/2189/2281 287/2154/287 2282/2229/2282
f 2283/2152/2283 2687/2172/2687 1323/2153/1323
f 1321/2230/1321 2687/2172/2687 2283/2152/2283
f 2283/2152/2283 289/2160/289 1321/2230/1321
f 2284/2232/2284 1142/2286/1142 574/2148/574
f 574/2148/574 573/2189/573 2284/2232/2284
f 573/2189/573 1135/2280/1135 1139/2231/1139
f 2285/2233/2285 1135/2280/1135 573/2189/573
f 573/2189/573 571/2154/571 2285/2233/2285
f 2286/2152/2286 2664/2172/2664 1143/2153/1143
f 1141/2234/1141 2664/2172/2664 2286/2152/2286
f 2286/2152/2286 574/2160/574 1141/2234/1141
f 1975/2235/1975 2110/3133/2110 1425/2286/1425
f 269/2189/269 1423/2280/1423 1976/3134/1976
f 1423/2280/1423 2106/3135/2106 1976/3134/1976
f 1975/2235/1975 1425/2286/1425 270/2148/270
f 269/2189/269 1976/3134/1976 1975/2235/1975
f 1427/2236/1427 1423/2280/1423 269/2189/269
f 2287/2170/2287 280/2154/280 274/2153/274
f 1427/2236/1427 269/2189/269 2287/2170/2287
f 2287/2170/2287 274/2153/274 273/2171/273
f 274/2153/274 280/2154/280 279/2152/279
f 1429/2173/1429 2288/2172/2288 279/2152/279
f 2289/2143/2289 270/2160/270 1428/2237/1428
f 270/2160/270 1425/2158/1425 1428/2237/1428
f 1429/2173/1429 279/2152/279 2289/2143/2289
f 1944/2235/1944 2206/3133/2206 1128/2286/1128
f 498/2189/498 1125/2280/1125 1945/3134/1945
f 1125/2280/1125 2200/3135/2200 1945/3134/1945
f 1944/2235/1944 1128/2286/1128 499/2148/499
f 498/2189/498 1945/3134/1945 1944/2235/1944
f 1131/2238/1131 1125/2280/1125 498/2189/498
f 2290/2150/2290 2291/2154/2291 1320/2153/1320
f 1131/2238/1131 498/2189/498 2290/2150/2290
f 2290/2150/2290 1320/2153/1320 1130/2151/1130
f 291/2152/291 2686/2172/2686 1320/2153/1320
f 1134/2155/1134 2686/2172/2686 291/2152/291
f 2292/2156/2292 499/2160/499 1132/2239/1132
f 499/2160/499 1128/2158/1128 1132/2239/1132
f 1134/2155/1134 291/2152/291 2292/2156/2292
f 2011/2240/2011 2086/3136/2086 1594/2286/1594
f 690/2189/690 1592/2280/1592 2012/3137/2012
f 1592/2280/1592 2082/3138/2082 2012/3137/2012
f 2011/2240/2011 1594/2286/1594 691/2148/691
f 690/2189/690 2012/3137/2012 2011/2240/2011
f 1597/2241/1597 1592/2280/1592 690/2189/690
f 2293/2150/2293 2294/2154/2294 1588/2153/1588
f 1597/2241/1597 690/2189/690 2293/2150/2293
f 2293/2150/2293 1588/2153/1588 1596/2151/1596
f 706/2152/706 2703/2172/2703 1588/2153/1588
f 1599/2155/1599 2703/2172/2703 706/2152/706
f 2295/2156/2295 691/2160/691 1598/2242/1598
f 691/2160/691 1594/2158/1594 1598/2242/1598
f 1599/2155/1599 706/2152/706 2295/2156/2295
f 693/2189/693 1581/2280/1581 355/3137/355
f 1581/2280/1581 356/3138/356 355/3137/355
f 259/3136/259 1582/2286/1582 260/2240/260
f 1582/2286/1582 694/2148/694 260/2240/260
f 693/2189/693 355/3137/355 260/2240/260
f 1583/2243/1583 1581/2280/1581 693/2189/693
f 2296/2170/2296 701/2154/701 697/2153/697
f 1583/2243/1583 693/2189/693 2296/2170/2296
f 2296/2170/2296 697/2153/697 696/2171/696
f 697/2153/697 701/2154/701 700/2152/700
f 1585/2173/1585 2297/2172/2297 700/2152/700
f 2298/2143/2298 694/2160/694 1584/2244/1584
f 694/2160/694 1582/2158/1582 1584/2244/1584
f 1585/2173/1585 700/2152/700 2298/2143/2298
f 2299/2246/2299 1603/2286/1603 689/2148/689
f 689/2148/689 688/2189/688 2299/2246/2299
f 688/2189/688 1600/2280/1600 1601/2245/1601
f 2300/2247/2300 1600/2280/1600 688/2189/688
f 688/2189/688 687/2154/687 2300/2247/2300
f 2301/2152/2301 2705/2172/2705 1604/2153/1604
f 1602/2248/1602 2705/2172/2705 2301/2152/2301
f 2301/2152/2301 689/2160/689 1602/2248/1602
f 2302/2250/2302 1590/2286/1590 704/2148/704
f 704/2148/704 2303/2189/2303 2302/2250/2302
f 2303/2189/2303 1586/2280/1586 1587/2249/1587
f 2304/2251/2304 1586/2280/1586 2303/2189/2303
f 2303/2189/2303 703/2154/703 2304/2251/2304
f 2305/2152/2305 2704/2172/2704 1591/2153/1591
f 1589/2252/1589 2704/2172/2704 2305/2152/2305
f 2305/2152/2305 704/2160/704 1589/2252/1589
f 2306/2254/2306 1374/2286/1374 90/2148/90
f 90/2148/90 2593/2189/2593 1371/2253/1371
f 2593/2189/2593 1369/2280/1369 1371/2253/1371
f 2308/2255/2308 1369/2280/1369 2593/2189/2593
f 2593/2189/2593 89/2154/89 2308/2255/2308
f 88/2152/88 1375/2172/1375 2307/2153/2307
f 1373/2256/1373 1375/2172/1375 88/2152/88
f 88/2152/88 90/2160/90 1373/2256/1373
f 2309/2258/2309 999/2286/999 608/2148/608
f 608/2148/608 2636/2189/2636 996/2257/996
f 2636/2189/2636 992/2280/992 996/2257/996
f 2311/2259/2311 992/2280/992 2636/2189/2636
f 2636/2189/2636 606/2154/606 2311/2259/2311
f 605/2152/605 1000/2172/1000 2310/2153/2310
f 998/2260/998 1000/2172/1000 605/2152/605
f 605/2152/605 608/2160/608 998/2260/998
f 1996/2262/1996 2166/3139/2166 1479/2286/1479
f 2595/2189/2595 1476/2280/1476 1997/2261/1997
f 1476/2280/1476 2164/3140/2164 1997/2261/1997
f 1996/2262/1996 1479/2286/1479 110/2148/110
f 2595/2189/2595 1997/2261/1997 110/2148/110
f 1482/2263/1482 1476/2280/1476 2595/2189/2595
f 2312/2170/2312 2313/2154/2313 109/2153/109
f 1482/2263/1482 2595/2189/2595 2312/2170/2312
f 2312/2170/2312 109/2153/109 1481/2171/1481
f 98/2152/98 108/2172/108 109/2153/109
f 1484/2173/1484 108/2172/108 98/2152/98
f 97/2143/97 110/2160/110 1483/2264/1483
f 110/2160/110 1479/2158/1479 1483/2264/1483
f 1484/2173/1484 98/2152/98 97/2143/97
f 1917/2262/1917 2105/3139/2105 1004/2286/1004
f 2632/2189/2632 1001/2280/1001 1918/2261/1918
f 1001/2280/1001 2100/3140/2100 1918/2261/1918
f 1917/2262/1917 1004/2286/1004 527/2148/527
f 2632/2189/2632 1918/2261/1918 527/2148/527
f 1007/2265/1007 1001/2280/1001 2632/2189/2632
f 2314/2150/2314 2315/2154/2315 1372/2153/1372
f 1007/2265/1007 2632/2189/2632 2314/2150/2314
f 2314/2150/2314 1372/2153/1372 1006/2151/1006
f 92/2152/92 1370/2172/1370 1372/2153/1372
f 1010/2155/1010 1370/2172/1370 92/2152/92
f 2316/2156/2316 527/2160/527 1008/2266/1008
f 527/2160/527 1004/2158/1004 1008/2266/1008
f 1010/2155/1010 92/2152/92 2316/2156/2316
f 765/2267/765 764/3141/764 1624/2286/1624
f 710/2189/710 1623/2280/1623 805/3142/805
f 1623/2280/1623 806/3143/806 805/3142/805
f 765/2267/765 1624/2286/1624 711/2148/711
f 710/2189/710 805/3142/805 765/2267/765
f 1626/2268/1626 1623/2280/1623 710/2189/710
f 2317/2150/2317 2318/2154/2318 1614/2153/1614
f 1626/2268/1626 710/2189/710 2317/2150/2317
f 2317/2150/2317 1614/2153/1614 1625/2151/1625
f 715/2152/715 2706/2172/2706 1614/2153/1614
f 1628/2155/1628 2706/2172/2706 715/2152/715
f 2319/2156/2319 711/2160/711 1627/2269/1627
f 711/2160/711 1624/2158/1624 1627/2269/1627
f 1628/2155/1628 715/2152/715 2319/2156/2319
f 2014/2267/2014 2102/3141/2102 1607/2286/1607
f 725/2189/725 1605/2280/1605 2015/3142/2015
f 1605/2280/1605 2097/3143/2097 2015/3142/2015
f 2014/2267/2014 1607/2286/1607 726/2148/726
f 725/2189/725 2015/3142/2015 2014/2267/2014
f 1609/2270/1609 1605/2280/1605 725/2189/725
f 2320/2170/2320 718/2154/718 724/2153/724
f 1609/2270/1609 725/2189/725 2320/2170/2320
f 2320/2170/2320 724/2153/724 723/2171/723
f 717/2152/717 2647/2172/2647 724/2153/724
f 1611/2173/1611 2647/2172/2647 717/2152/717
f 2321/2143/2321 726/2160/726 1610/2271/1610
f 726/2160/726 1607/2158/1607 1610/2271/1610
f 1611/2173/1611 717/2152/717 2321/2143/2321
f 2322/2273/2322 1621/2286/1621 709/2148/709
f 709/2148/709 708/2189/708 2322/2273/2322
f 708/2189/708 1618/2280/1618 1619/2272/1619
f 2323/2274/2323 1618/2280/1618 708/2189/708
f 708/2189/708 707/2154/707 2323/2274/2323
f 2324/2152/2324 2708/2172/2708 1622/2153/1622
f 1620/2275/1620 2708/2172/2708 2324/2152/2324
f 2324/2152/2324 709/2160/709 1620/2275/1620
f 2325/2277/2325 1616/2286/1616 713/2148/713
f 713/2148/713 2326/2189/2326 2325/2277/2325
f 2326/2189/2326 1612/2280/1612 1613/2276/1613
f 2327/2278/2327 1612/2280/1612 2326/2189/2326
f 2326/2189/2326 712/2154/712 2327/2278/2327
f 2328/2152/2328 2707/2172/2707 1617/2153/1617
f 1615/2279/1615 2707/2172/2707 2328/2152/2328
f 2328/2152/2328 713/2160/713 1615/2279/1615
f 2330/2281/2330 1345/2286/1345 219/2148/219
f 219/2148/219 218/2189/218 2330/2281/2330
f 1962/2201/1962 2689/3122/2689 2329/2280/2329
f 221/2154/221 1346/2153/1346 1963/2200/1963
f 1346/2153/1346 2204/3123/2204 1963/2200/1963
f 1962/2201/1962 2329/2280/2329 218/2189/218
f 221/2154/221 1963/2200/1963 218/2189/218
f 2331/2152/2331 2690/2172/2690 1346/2153/1346
f 1344/2282/1344 2690/2172/2690 2331/2152/2331
f 2331/2152/2331 219/2160/219 1344/2282/1344
f 2332/2283/2332 1084/2286/1084 580/2148/580
f 580/2148/580 582/2189/582 2332/2283/2332
f 1932/2208/1932 2661/3125/2661 1080/2280/1080
f 2333/2154/2333 1085/2153/1085 1933/2207/1933
f 1085/2153/1085 2168/3126/2168 1933/2207/1933
f 1932/2208/1932 1080/2280/1080 582/2189/582
f 2333/2154/2333 1933/2207/1933 582/2189/582
f 581/2152/581 2662/2172/2662 1085/2153/1085
f 1083/2284/1083 2662/2172/2662 581/2152/581
f 581/2152/581 580/2160/580 1083/2284/1083
f 2136/2285/2136 2135/3144/2135 1447/2286/1447
f 201/2148/201 200/2189/200 2136/2285/2136
f 200/2189/200 1983/3108/1983 2136/2285/2136
f 2334/2137/2334 1983/3108/1983 200/2189/200
f 2335/2170/2335 214/2154/214 205/2153/205
f 2334/2137/2334 200/2189/200 2335/2170/2335
f 204/2171/204 1449/3145/1449 2334/2137/2334
f 2335/2170/2335 205/2153/205 204/2171/204
f 205/2153/205 214/2154/214 213/2152/213
f 1450/2173/1450 2336/2172/2336 213/2152/213
f 2337/2143/2337 201/2160/201 1451/2287/1451
f 201/2160/201 1447/2158/1447 1451/2287/1451
f 1450/2173/1450 213/2152/213 2337/2143/2337
f 2161/2285/2161 2160/3144/2160 1070/2286/1070
f 512/2148/512 511/2189/511 2161/2285/2161
f 511/2189/511 1928/3108/1928 2161/2285/2161
f 2338/2211/2338 1928/3108/1928 511/2189/511
f 2339/2150/2339 2341/2154/2341 2340/2153/2340
f 2338/2211/2338 511/2189/511 2339/2150/2339
f 1072/2151/1072 1073/3128/1073 2338/2211/2338
f 2339/2150/2339 2340/2153/2340 1072/2151/1072
f 217/2152/217 1342/2172/1342 2340/2153/2340
f 1075/2155/1075 1342/2172/1342 217/2152/217
f 2342/2156/2342 512/2160/512 1076/2288/1076
f 512/2160/512 1070/2158/1070 1076/2288/1076
f 1075/2155/1075 217/2152/217 2342/2156/2342
f 731/2189/731 1640/2280/1640 496/3146/496
f 1640/2280/1640 497/3147/497 496/3146/496
f 455/3148/455 1641/2286/1641 456/2289/456
f 1641/2286/1641 732/2148/732 456/2289/456
f 731/2189/731 496/3146/496 456/2289/456
f 1643/2290/1643 1640/2280/1640 731/2189/731
f 2343/2150/2343 2344/2154/2344 1636/2153/1636
f 1643/2290/1643 731/2189/731 2343/2150/2343
f 2343/2150/2343 1636/2153/1636 1642/2151/1642
f 749/2152/749 2709/2172/2709 1636/2153/1636
f 1645/2155/1645 2709/2172/2709 749/2152/749
f 2345/2156/2345 732/2160/732 1644/2291/1644
f 732/2160/732 1641/2158/1641 1644/2291/1644
f 1645/2155/1645 749/2152/749 2345/2156/2345
f 737/2189/737 1629/2280/1629 698/3146/698
f 1629/2280/1629 699/3147/699 698/3146/698
f 658/3148/658 1630/2286/1630 659/2289/659
f 1630/2286/1630 738/2148/738 659/2289/659
f 737/2189/737 698/3146/698 659/2289/659
f 1631/2292/1631 1629/2280/1629 737/2189/737
f 2346/2170/2346 743/2154/743 741/2153/741
f 1631/2292/1631 737/2189/737 2346/2170/2346
f 2346/2170/2346 741/2153/741 740/2171/740
f 741/2153/741 743/2154/743 742/2152/742
f 1633/2173/1633 2347/2172/2347 742/2152/742
f 2348/2143/2348 738/2160/738 1632/2293/1632
f 738/2160/738 1630/2158/1630 1632/2293/1632
f 1633/2173/1633 742/2152/742 2348/2143/2348
f 1647/2295/1647 1650/2286/1650 730/2148/730
f 730/2148/730 729/2189/729 1647/2295/1647
f 729/2189/729 1646/2280/1646 1648/2294/1648
f 2349/2296/2349 1646/2280/1646 729/2189/729
f 729/2189/729 728/2154/728 2349/2296/2349
f 2350/2152/2350 2711/2172/2711 1651/2153/1651
f 1649/2297/1649 2711/2172/2711 2350/2152/2350
f 2350/2152/2350 730/2160/730 1649/2297/1649
f 2351/2299/2351 1638/2286/1638 747/2148/747
f 747/2148/747 2352/2189/2352 2351/2299/2351
f 2352/2189/2352 1634/2280/1634 1635/2298/1635
f 2353/2300/2353 1634/2280/1634 2352/2189/2352
f 2352/2189/2352 745/2154/745 2353/2300/2353
f 2354/2152/2354 2710/2172/2710 1639/2153/1639
f 1637/2301/1637 2710/2172/2710 2354/2152/2354
f 2354/2152/2354 747/2160/747 1637/2301/1637
f 2355/2303/2355 1352/2286/1352 181/2148/181
f 181/2148/181 2600/2189/2600 1349/2302/1349
f 2600/2189/2600 1347/2280/1347 1349/2302/1349
f 2357/2304/2357 1347/2280/1347 2600/2189/2600
f 2600/2189/2600 180/2154/180 2357/2304/2357
f 179/2152/179 1353/2172/1353 2356/2153/2356
f 1351/2305/1351 1353/2172/1353 179/2152/179
f 179/2152/179 181/2160/181 1351/2305/1351
f 2358/2307/2358 1055/2286/1055 587/2148/587
f 587/2148/587 2635/2189/2635 1052/2306/1052
f 2635/2189/2635 1048/2280/1048 1052/2306/1052
f 2360/2308/2360 1048/2280/1048 2635/2189/2635
f 2635/2189/2635 585/2154/585 2360/2308/2360
f 584/2152/584 1056/2172/1056 2359/2153/2359
f 1054/2309/1054 1056/2172/1056 584/2152/584
f 584/2152/584 587/2160/587 1054/2309/1054
f 1987/2311/1987 2142/3149/2142 1455/2286/1455
f 2602/2189/2602 1452/2280/1452 1988/2310/1988
f 1452/2280/1452 2140/3150/2140 1988/2310/1988
f 1987/2311/1987 1455/2286/1455 197/2148/197
f 2602/2189/2602 1988/2310/1988 197/2148/197
f 1458/2312/1458 1452/2280/1452 2602/2189/2602
f 2361/2170/2361 2362/2154/2362 196/2153/196
f 1458/2312/1458 2602/2189/2602 2361/2170/2361
f 2361/2170/2361 196/2153/196 1457/2171/1457
f 189/2152/189 195/2172/195 196/2153/196
f 1461/2173/1461 195/2172/195 189/2152/189
f 188/2143/188 197/2160/197 1459/2313/1459
f 197/2160/197 1455/2158/1455 1459/2313/1459
f 1461/2173/1461 189/2152/189 188/2143/188
f 1926/2311/1926 2152/3149/2152 1060/2286/1060
f 2631/2189/2631 1057/2280/1057 1927/2310/1927
f 1057/2280/1057 2149/3150/2149 1927/2310/1927
f 1926/2311/1926 1060/2286/1060 516/2148/516
f 2631/2189/2631 1927/2310/1927 516/2148/516
f 1063/2314/1063 1057/2280/1057 2631/2189/2631
f 2363/2150/2363 2364/2154/2364 1350/2153/1350
f 1063/2314/1063 2631/2189/2631 2363/2150/2363
f 2363/2150/2363 1350/2153/1350 1062/2151/1062
f 183/2152/183 1348/2172/1348 1350/2153/1350
f 1066/2155/1066 1348/2172/1348 183/2152/183
f 2365/2156/2365 516/2160/516 1064/2315/1064
f 516/2160/516 1060/2158/1060 1064/2315/1064
f 1066/2155/1066 183/2152/183 2365/2156/2365
f 2020/2317/2020 2093/3151/2093 1669/2286/1669
f 2649/2189/2649 1667/2280/1667 2021/2316/2021
f 1667/2280/1667 2090/3152/2090 2021/2316/2021
f 2020/2317/2020 1669/2286/1669 753/2148/753
f 2649/2189/2649 2021/2316/2021 753/2148/753
f 1672/2318/1672 1667/2280/1667 2649/2189/2649
f 2366/2150/2366 2367/2154/2367 1663/2153/1663
f 1672/2318/1672 2649/2189/2649 2366/2150/2366
f 2366/2150/2366 1663/2153/1663 1671/2151/1671
f 770/2152/770 1661/2172/1661 1663/2153/1663
f 1674/2155/1674 1661/2172/1661 770/2152/770
f 2368/2156/2368 753/2160/753 1673/2319/1673
f 753/2160/753 1669/2158/1669 1673/2319/1673
f 1674/2155/1674 770/2152/770 2368/2156/2368
f 2017/2317/2017 2073/3151/2073 1654/2286/1654
f 2650/2189/2650 1652/2280/1652 2018/2316/2018
f 1652/2280/1652 2069/3152/2069 2018/2316/2018
f 2017/2317/2017 1654/2286/1654 754/2148/754
f 2650/2189/2650 2018/2316/2018 754/2148/754
f 1657/2320/1657 1652/2280/1652 2650/2189/2650
f 2369/2170/2369 2651/2154/2651 757/2153/757
f 1657/2320/1657 2650/2189/2650 2369/2170/2369
f 2369/2170/2369 757/2153/757 1656/2171/1656
f 757/2153/757 2651/2154/2651 762/2152/762
f 1659/2173/1659 755/2172/755 762/2152/762
f 761/2143/761 754/2160/754 1658/2321/1658
f 754/2160/754 1654/2158/1654 1658/2321/1658
f 1659/2173/1659 762/2152/762 761/2143/761
f 2370/2323/2370 1678/2286/1678 752/2148/752
f 752/2148/752 2648/2189/2648 1676/2322/1676
f 2648/2189/2648 1675/2280/1675 1676/2322/1676
f 2372/2324/2372 1675/2280/1675 2648/2189/2648
f 2648/2189/2648 751/2154/751 2372/2324/2372
f 750/2152/750 1679/2172/1679 2371/2153/2371
f 1677/2325/1677 1679/2172/1679 750/2152/750
f 750/2152/750 752/2160/752 1677/2325/1677
f 2373/2327/2373 1665/2286/1665 768/2148/768
f 768/2148/768 2652/2189/2652 1662/2326/1662
f 2652/2189/2652 1660/2280/1660 1662/2326/1662
f 2375/2328/2375 1660/2280/1660 2652/2189/2652
f 2652/2189/2652 767/2154/767 2375/2328/2375
f 766/2152/766 1666/2172/1666 2374/2153/2374
f 1664/2329/1664 1666/2172/1666 766/2152/766
f 766/2152/766 768/2160/768 1664/2329/1664
f 2376/2331/2376 1277/2286/1277 444/2148/444
f 444/2148/444 2377/2189/2377 2376/2331/2376
f 2377/2189/2377 1273/2280/1273 1274/2330/1274
f 2378/2332/2378 1273/2280/1273 2377/2189/2377
f 2377/2189/2377 442/2154/442 2378/2332/2378
f 2379/2152/2379 2673/2172/2673 1278/2153/1278
f 1276/2333/1276 2673/2172/2673 2379/2152/2379
f 2379/2152/2379 444/2160/444 1276/2333/1276
f 2380/2335/2380 1261/2286/1261 539/2148/539
f 539/2148/539 538/2189/538 2380/2335/2380
f 538/2189/538 1254/2280/1254 1258/2334/1258
f 2381/2336/2381 1254/2280/1254 538/2189/538
f 538/2189/538 536/2154/536 2381/2336/2381
f 2382/2152/2382 2671/2172/2671 1262/2153/1262
f 1260/2337/1260 2671/2172/2671 2382/2152/2382
f 2382/2152/2382 539/2160/539 1260/2337/1260
f 590/2338/590 589/3153/589 1383/2286/1383
f 461/2189/461 1382/2280/1382 632/3154/632
f 1382/2280/1382 633/3155/633 632/3154/632
f 590/2338/590 1383/2286/1383 462/2148/462
f 461/2189/461 632/3154/632 590/2338/590
f 1384/2339/1384 1382/2280/1382 461/2189/461
f 2383/2170/2383 451/2154/451 460/2153/460
f 1384/2339/1384 461/2189/461 2383/2170/2383
f 2383/2170/2383 460/2153/460 459/2171/459
f 450/2152/450 2629/2172/2629 460/2153/460
f 1386/2173/1386 2629/2172/2629 450/2152/450
f 2384/2143/2384 462/2160/462 1385/2340/1385
f 462/2160/462 1383/2158/1383 1385/2340/1385
f 1386/2173/1386 450/2152/450 2384/2143/2384
f 1956/2338/1956 2125/3153/2125 1266/2286/1266
f 464/2189/464 1263/2280/1263 1957/3154/1957
f 1263/2280/1263 2119/3155/2119 1957/3154/1957
f 1956/2338/1956 1266/2286/1266 465/2148/465
f 464/2189/464 1957/3154/1957 1956/2338/1956
f 1269/2341/1269 1263/2280/1263 464/2189/464
f 2385/2150/2385 2386/2154/2386 1275/2153/1275
f 1269/2341/1269 464/2189/464 2385/2150/2385
f 2385/2150/2385 1275/2153/1275 1268/2151/1268
f 446/2152/446 2672/2172/2672 1275/2153/1275
f 1272/2155/1272 2672/2172/2672 446/2152/446
f 2387/2156/2387 465/2160/465 1270/2342/1270
f 465/2160/465 1266/2158/1266 1270/2342/1270
f 1272/2155/1272 446/2152/446 2387/2156/2387
f 2026/2343/2026 2139/3156/2139 1702/2286/1702
f 778/2189/778 1700/2280/1700 2027/3157/2027
f 1700/2280/1700 2137/3158/2137 2027/3157/2027
f 2026/2343/2026 1702/2286/1702 779/2148/779
f 778/2189/778 2027/3157/2027 2026/2343/2026
f 1705/2344/1705 1700/2280/1700 778/2189/778
f 2388/2150/2388 785/2154/785 1689/2153/1689
f 1705/2344/1705 778/2189/778 2388/2150/2388
f 2388/2150/2388 1689/2153/1689 1704/2151/1704
f 781/2152/781 2712/2172/2712 1689/2153/1689
f 1707/2155/1707 2712/2172/2712 781/2152/781
f 2389/2156/2389 779/2160/779 1706/2345/1706
f 779/2160/779 1702/2158/1702 1706/2345/1706
f 1707/2155/1707 781/2152/781 2389/2156/2389
f 2023/2343/2023 2113/3156/2113 1682/2286/1682
f 795/2189/795 1680/2280/1680 2024/3157/2024
f 1680/2280/1680 2111/3158/2111 2024/3157/2024
f 2023/2343/2023 1682/2286/1682 796/2148/796
f 795/2189/795 2024/3157/2024 2023/2343/2023
f 1684/2346/1684 1680/2280/1680 795/2189/795
f 2390/2170/2390 788/2154/788 794/2153/794
f 1684/2346/1684 795/2189/795 2390/2170/2390
f 2390/2170/2390 794/2153/794 793/2171/793
f 787/2152/787 2653/2172/2653 794/2153/794
f 1686/2173/1686 2653/2172/2653 787/2152/787
f 2391/2143/2391 796/2160/796 1685/2347/1685
f 796/2160/796 1682/2158/1682 1685/2347/1685
f 1686/2173/1686 787/2152/787 2391/2143/2391
f 1695/2348/1695 1698/2286/1698 774/2148/774
f 774/2148/774 773/2189/773 1695/2348/1695
f 1693/2350/1693 1696/2280/1696 773/2189/773
f 773/2189/773 772/2154/772 1694/2349/1694
f 772/2154/772 1699/2153/1699 1694/2349/1694
f 2392/2152/2392 2714/2172/2714 1699/2153/1699
f 1697/2351/1697 2714/2172/2714 2392/2152/2392
f 2392/2152/2392 774/2160/774 1697/2351/1697
f 2393/2353/2393 1691/2286/1691 782/2148/782
f 782/2148/782 784/2189/784 2393/2353/2393
f 784/2189/784 1687/2280/1687 1688/2352/1688
f 2395/2354/2395 1687/2280/1687 784/2189/784
f 784/2189/784 2394/2154/2394 2395/2354/2395
f 2396/2152/2396 2713/2172/2713 1692/2153/1692
f 1690/2355/1690 2713/2172/2713 2396/2152/2396
f 2396/2152/2396 782/2160/782 1690/2355/1690
f 2397/2357/2397 1380/2286/1380 75/2148/75
f 75/2148/75 2398/2189/2398 2397/2357/2397
f 2398/2189/2398 1376/2280/1376 1377/2356/1377
f 2399/2358/2399 1376/2280/1376 2398/2189/2398
f 2398/2189/2398 73/2154/73 2399/2358/2399
f 2400/2152/2400 2696/2172/2696 1381/2153/1381
f 1379/2359/1379 2696/2172/2696 2400/2152/2400
f 2400/2152/2400 75/2160/75 1379/2359/1379
f 2401/2361/2401 990/2286/990 616/2148/616
f 616/2148/616 615/2189/615 2401/2361/2401
f 615/2189/615 983/2280/983 987/2360/987
f 2402/2362/2402 983/2280/983 615/2189/615
f 615/2189/615 613/2154/613 2402/2362/2402
f 2403/2152/2403 2658/2172/2658 991/2153/991
f 989/2363/989 2658/2172/2658 2403/2152/2403
f 2403/2152/2403 616/2160/616 989/2363/989
f 1999/2364/1999 2174/3159/2174 1487/2286/1487
f 50/2189/50 1485/2280/1485 2000/3160/2000
f 1485/2280/1485 2172/3161/2172 2000/3160/2000
f 1999/2364/1999 1487/2286/1487 51/2148/51
f 50/2189/50 2000/3160/2000 1999/2364/1999
f 1489/2365/1489 1485/2280/1485 50/2189/50
f 2404/2170/2404 64/2154/64 55/2153/55
f 1489/2365/1489 50/2189/50 2404/2170/2404
f 2404/2170/2404 55/2153/55 54/2171/54
f 55/2153/55 64/2154/64 63/2152/63
f 1491/2173/1491 2405/2172/2405 63/2152/63
f 2406/2143/2406 51/2160/51 1490/2366/1490
f 51/2160/51 1487/2158/1487 1490/2366/1490
f 1491/2173/1491 63/2152/63 2406/2143/2406
f 1914/2364/1914 2076/3159/2076 976/2286/976
f 529/2189/529 973/2280/973 1915/3160/1915
f 973/2280/973 2070/3161/2070 1915/3160/1915
f 1914/2364/1914 976/2286/976 530/2148/530
f 529/2189/529 1915/3160/1915 1914/2364/1914
f 979/2367/979 973/2280/973 529/2189/529
f 2407/2150/2407 2408/2154/2408 1378/2153/1378
f 979/2367/979 529/2189/529 2407/2150/2407
f 2407/2150/2407 1378/2153/1378 978/2151/978
f 77/2152/77 2695/2172/2695 1378/2153/1378
f 982/2155/982 2695/2172/2695 77/2152/77
f 2409/2156/2409 530/2160/530 980/2368/980
f 530/2160/530 976/2158/976 980/2368/980
f 982/2155/982 77/2152/77 2409/2156/2409
f 2032/2369/2032 2170/3162/2170 1728/2286/1728
f 803/2189/803 1726/2280/1726 2033/3163/2033
f 1726/2280/1726 2167/3164/2167 2033/3163/2033
f 2032/2369/2032 1728/2286/1728 804/2148/804
f 803/2189/803 2033/3163/2033 2032/2369/2032
f 1731/2370/1731 1726/2280/1726 803/2189/803
f 2410/2150/2410 811/2154/811 1717/2153/1717
f 1731/2370/1731 803/2189/803 2410/2150/2410
f 2410/2150/2410 1717/2153/1717 1730/2151/1730
f 807/2152/807 2715/2172/2715 1717/2153/1717
f 1733/2155/1733 2715/2172/2715 807/2152/807
f 2411/2156/2411 804/2160/804 1732/2371/1732
f 804/2160/804 1728/2158/1728 1732/2371/1732
f 1733/2155/1733 807/2152/807 2411/2156/2411
f 2029/2369/2029 2145/3162/2145 1710/2286/1710
f 812/2189/812 1708/2280/1708 2030/3163/2030
f 1708/2280/1708 2143/3164/2143 2030/3163/2030
f 2029/2369/2029 1710/2286/1710 813/2148/813
f 812/2189/812 2030/3163/2030 2029/2369/2029
f 1712/2372/1712 1708/2280/1708 812/2189/812
f 2412/2170/2412 818/2154/818 816/2153/816
f 1712/2372/1712 812/2189/812 2412/2170/2412
f 2412/2170/2412 816/2153/816 815/2171/815
f 816/2153/816 818/2154/818 817/2152/817
f 1714/2173/1714 2413/2172/2413 817/2152/817
f 2414/2143/2414 813/2160/813 1713/2373/1713
f 813/2160/813 1710/2158/1710 1713/2373/1713
f 1714/2173/1714 817/2152/817 2414/2143/2414
f 2415/2375/2415 1724/2286/1724 799/2148/799
f 799/2148/799 798/2189/798 2415/2375/2415
f 798/2189/798 1721/2280/1721 1722/2374/1722
f 2416/2376/2416 1721/2280/1721 798/2189/798
f 798/2189/798 797/2154/797 2416/2376/2416
f 2417/2152/2417 2717/2172/2717 1725/2153/1725
f 1723/2377/1723 2717/2172/2717 2417/2152/2417
f 2417/2152/2417 799/2160/799 1723/2377/1723
f 2418/2379/2418 1719/2286/1719 808/2148/808
f 808/2148/808 810/2189/810 2418/2379/2418
f 810/2189/810 1715/2280/1715 1716/2378/1716
f 2420/2380/2420 1715/2280/1715 810/2189/810
f 810/2189/810 2419/2154/2419 2420/2380/2420
f 2421/2152/2421 2716/2172/2716 1720/2153/1720
f 1718/2381/1718 2716/2172/2716 2421/2152/2421
f 2421/2152/2421 808/2160/808 1718/2381/1718
f 2422/2383/2422 1289/2286/1289 410/2148/410
f 410/2148/410 2423/2189/2423 2422/2383/2422
f 2423/2189/2423 1285/2280/1285 1286/2382/1286
f 2424/2384/2424 1285/2280/1285 2423/2189/2423
f 2423/2189/2423 408/2154/408 2424/2384/2424
f 2425/2152/2425 2677/2172/2677 1290/2153/1290
f 1288/2385/1288 2677/2172/2677 2425/2152/2425
f 2425/2152/2425 410/2160/410 1288/2385/1288
f 2426/2387/2426 1233/2286/1233 550/2148/550
f 550/2148/550 549/2189/549 2426/2387/2426
f 549/2189/549 1226/2280/1226 1230/2386/1230
f 2427/2388/2427 1226/2280/1226 549/2189/549
f 549/2189/549 547/2154/547 2427/2388/2427
f 2428/2152/2428 2669/2172/2669 1234/2153/1234
f 1232/2389/1232 2669/2172/2669 2428/2152/2428
f 2428/2152/2428 550/2160/550 1232/2389/1232
f 404/2189/404 1392/2280/1392 397/3165/397
f 1392/2280/1392 398/3166/398 397/3165/397
f 318/3167/318 1393/2286/1393 319/2390/319
f 1393/2286/1393 405/2148/405 319/2390/319
f 404/2189/404 397/3165/397 319/2390/319
f 1394/2391/1394 1392/2280/1392 404/2189/404
f 2429/2170/2429 394/2154/394 403/2153/403
f 1394/2391/1394 404/2189/404 2429/2170/2429
f 2429/2170/2429 403/2153/403 402/2171/402
f 393/2152/393 2625/2172/2625 403/2153/403
f 1396/2173/1396 2625/2172/2625 393/2152/393
f 2430/2143/2430 405/2160/405 1395/2392/1395
f 405/2160/405 1393/2158/1393 1395/2392/1395
f 1396/2173/1396 393/2152/393 2430/2143/2430
f 1950/2390/1950 2081/3167/2081 1219/2286/1219
f 473/2189/473 1216/2280/1216 1951/3165/1951
f 1216/2280/1216 2074/3166/2074 1951/3165/1951
f 1950/2390/1950 1219/2286/1219 474/2148/474
f 473/2189/473 1951/3165/1951 1950/2390/1950
f 1222/2393/1222 1216/2280/1216 473/2189/473
f 2431/2150/2431 2432/2154/2432 1287/2153/1287
f 1222/2393/1222 473/2189/473 2431/2150/2431
f 2431/2150/2431 1287/2153/1287 1221/2151/1221
f 412/2152/412 2676/2172/2676 1287/2153/1287
f 1225/2155/1225 2676/2172/2676 412/2152/412
f 2433/2156/2433 474/2160/474 1223/2394/1223
f 474/2160/474 1219/2158/1219 1223/2394/1223
f 1225/2155/1225 412/2152/412 2433/2156/2433
f 2038/2395/2038 2190/3168/2190 1749/2286/1749
f 825/2189/825 1747/2280/1747 2039/3169/2039
f 1747/2280/1747 2188/3170/2188 2039/3169/2039
f 2038/2395/2038 1749/2286/1749 826/2148/826
f 825/2189/825 2039/3169/2039 2038/2395/2038
f 1752/2396/1752 1747/2280/1747 825/2189/825
f 2434/2150/2434 2435/2154/2435 1743/2153/1743
f 1752/2396/1752 825/2189/825 2434/2150/2434
f 2434/2150/2434 1743/2153/1743 1751/2151/1751
f 841/2152/841 2718/2172/2718 1743/2153/1743
f 1754/2155/1754 2718/2172/2718 841/2152/841
f 2436/2156/2436 826/2160/826 1753/2397/1753
f 826/2160/826 1749/2158/1749 1753/2397/1753
f 1754/2155/1754 841/2152/841 2436/2156/2436
f 2035/2395/2035 2178/3168/2178 1736/2286/1736
f 836/2189/836 1734/2280/1734 2036/3169/2036
f 1734/2280/1734 2175/3170/2175 2036/3169/2036
f 2035/2395/2035 1736/2286/1736 837/2148/837
f 836/2189/836 2036/3169/2036 2035/2395/2035
f 1738/2398/1738 1734/2280/1734 836/2189/836
f 2437/2170/2437 830/2154/830 835/2153/835
f 1738/2398/1738 836/2189/836 2437/2170/2437
f 2437/2170/2437 835/2153/835 834/2171/834
f 829/2152/829 2654/2172/2654 835/2153/835
f 1740/2173/1740 2654/2172/2654 829/2152/829
f 2438/2143/2438 837/2160/837 1739/2399/1739
f 837/2160/837 1736/2158/1736 1739/2399/1739
f 1740/2173/1740 829/2152/829 2438/2143/2438
f 2439/2401/2439 1758/2286/1758 823/2148/823
f 823/2148/823 822/2189/822 2439/2401/2439
f 822/2189/822 1755/2280/1755 1756/2400/1756
f 2440/2402/2440 1755/2280/1755 822/2189/822
f 822/2189/822 821/2154/821 2440/2402/2440
f 2441/2152/2441 2720/2172/2720 1759/2153/1759
f 1757/2403/1757 2720/2172/2720 2441/2152/2441
f 2441/2152/2441 823/2160/823 1757/2403/1757
f 2442/2405/2442 1745/2286/1745 839/2148/839
f 839/2148/839 2443/2189/2443 2442/2405/2442
f 2443/2189/2443 1741/2280/1741 1742/2404/1742
f 2444/2406/2444 1741/2280/1741 2443/2189/2443
f 2443/2189/2443 838/2154/838 2444/2406/2444
f 2445/2152/2445 2719/2172/2719 1746/2153/1746
f 1744/2407/1744 2719/2172/2719 2445/2152/2445
f 2445/2152/2445 839/2160/839 1744/2407/1744
f 2446/2408/2446 1310/2286/1310 321/2148/321
f 321/2148/321 323/2189/323 2446/2408/2446
f 1305/2410/1305 1307/2280/1307 323/2189/323
f 323/2189/323 2448/2154/2448 1306/2409/1306
f 2448/2154/2448 1311/2153/1311 1306/2409/1306
f 2447/2152/2447 2683/2172/2683 1311/2153/1311
f 1309/2411/1309 2683/2172/2683 2447/2152/2447
f 2447/2152/2447 321/2160/321 1309/2411/1309
f 1167/2412/1167 1171/2286/1171 563/2148/563
f 563/2148/563 562/2189/562 1167/2412/1167
f 1164/2414/1164 1168/2280/1168 562/2189/562
f 562/2189/562 560/2154/560 1165/2413/1165
f 560/2154/560 1172/2153/1172 1165/2413/1165
f 2449/2152/2449 2666/2172/2666 1172/2153/1172
f 1170/2415/1170 2666/2172/2666 2449/2152/2449
f 2449/2152/2449 563/2160/563 1170/2415/1170
f 1969/2416/1969 2089/3171/2089 1412/2286/1412
f 325/2189/325 1409/2280/1409 1970/3172/1970
f 1409/2280/1409 2087/3173/2087 1970/3172/1970
f 1969/2416/1969 1412/2286/1412 326/2148/326
f 325/2189/325 1970/3172/1970 1969/2416/1969
f 1413/2417/1413 1409/2280/1409 325/2189/325
f 2450/2170/2450 342/2154/342 330/2153/330
f 1413/2417/1413 325/2189/325 2450/2170/2450
f 2450/2170/2450 330/2153/330 329/2171/329
f 330/2153/330 342/2154/342 341/2152/341
f 1415/2173/1415 2451/2172/2451 341/2152/341
f 2452/2143/2452 326/2160/326 1414/2418/1414
f 326/2160/326 1412/2158/1412 1414/2418/1414
f 1415/2173/1415 341/2152/341 2452/2143/2452
f 721/2416/721 720/3171/720 1175/2286/1175
f 490/2189/490 1173/2280/1173 758/3172/758
f 1173/2280/1173 759/3173/759 758/3172/758
f 721/2416/721 1175/2286/1175 491/2148/491
f 490/2189/490 758/3172/758 721/2416/721
f 1177/2419/1177 1173/2280/1173 490/2189/490
f 2453/2150/2453 324/2154/324 1308/2153/1308
f 1177/2419/1177 490/2189/490 2453/2150/2453
f 2453/2150/2453 1308/2153/1308 1176/2151/1176
f 320/2152/320 2682/2172/2682 1308/2153/1308
f 1180/2155/1180 2682/2172/2682 320/2152/320
f 2454/2156/2454 491/2160/491 1178/2420/1178
f 491/2160/491 1175/2158/1175 1178/2420/1178
f 1180/2155/1180 320/2152/320 2454/2156/2454
f 2044/2421/2044 2214/3174/2214 1776/2286/1776
f 845/2189/845 1773/2280/1773 2045/3175/2045
f 1773/2280/1773 2211/3176/2211 2045/3175/2045
f 2044/2421/2044 1776/2286/1776 846/2148/846
f 845/2189/845 2045/3175/2045 2044/2421/2044
f 1778/2422/1778 1773/2280/1773 845/2189/845
f 2455/2150/2455 859/2154/859 1769/2153/1769
f 1778/2422/1778 845/2189/845 2455/2150/2455
f 2455/2150/2455 1769/2153/1769 1777/2151/1777
f 855/2152/855 2721/2172/2721 1769/2153/1769
f 1780/2155/1780 2721/2172/2721 855/2152/855
f 2456/2156/2456 846/2160/846 1779/2423/1779
f 846/2160/846 1776/2158/1776 1779/2423/1779
f 1780/2155/1780 855/2152/855 2456/2156/2456
f 2041/2421/2041 2202/3174/2202 1763/2286/1763
f 853/2189/853 1760/2280/1760 2042/3175/2042
f 1760/2280/1760 2199/3176/2199 2042/3175/2042
f 2041/2421/2041 1763/2286/1763 854/2148/854
f 853/2189/853 2042/3175/2042 2041/2421/2041
f 1764/2424/1764 1760/2280/1760 853/2189/853
f 2457/2170/2457 849/2154/849 852/2153/852
f 1764/2424/1764 853/2189/853 2457/2170/2457
f 2457/2170/2457 852/2153/852 851/2171/851
f 848/2152/848 2655/2172/2655 852/2153/852
f 1766/2173/1766 2655/2172/2655 848/2152/848
f 2458/2143/2458 854/2160/854 1765/2425/1765
f 854/2160/854 1763/2158/1763 1765/2425/1765
f 1766/2173/1766 848/2152/848 2458/2143/2458
f 2459/2427/2459 1784/2286/1784 844/2148/844
f 844/2148/844 843/2189/843 2459/2427/2459
f 843/2189/843 1781/2280/1781 1782/2426/1782
f 2460/2428/2460 1781/2280/1781 843/2189/843
f 843/2189/843 842/2154/842 2460/2428/2460
f 2461/2152/2461 2723/2172/2723 1785/2153/1785
f 1783/2429/1783 2723/2172/2723 2461/2152/2461
f 2461/2152/2461 844/2160/844 1783/2429/1783
f 2462/2431/2462 1771/2286/1771 856/2148/856
f 856/2148/856 858/2189/858 2462/2431/2462
f 858/2189/858 1767/2280/1767 1768/2430/1768
f 2464/2432/2464 1767/2280/1767 858/2189/858
f 858/2189/858 2463/2154/2463 2464/2432/2464
f 2465/2152/2465 2722/2172/2722 1772/2153/1772
f 1770/2433/1770 2722/2172/2722 2465/2152/2465
f 2465/2152/2465 856/2160/856 1770/2433/1770
f 2466/2435/2466 1295/2286/1295 373/2148/373
f 373/2148/373 2467/2189/2467 2466/2435/2466
f 2467/2189/2467 1291/2280/1291 1292/2434/1292
f 2468/2436/2468 1291/2280/1291 2467/2189/2467
f 2467/2189/2467 371/2154/371 2468/2436/2468
f 2469/2152/2469 2679/2172/2679 1296/2153/1296
f 1294/2437/1294 2679/2172/2679 2469/2152/2469
f 2469/2152/2469 373/2160/373 1294/2437/1294
f 2470/2439/2470 1206/2286/1206 554/2148/554
f 554/2148/554 553/2189/553 2470/2439/2470
f 553/2189/553 1199/2280/1199 1203/2438/1203
f 2471/2440/2471 1199/2280/1199 553/2189/553
f 553/2189/553 551/2154/551 2471/2440/2471
f 2472/2152/2472 2668/2172/2668 1207/2153/1207
f 1205/2441/1205 2668/2172/2668 2472/2152/2472
f 2472/2152/2472 554/2160/554 1205/2441/1205
f 376/2189/376 1397/2280/1397 157/3177/157
f 1397/2280/1397 158/3178/158 157/3177/157
f 2068/3179/2068 1398/2286/1398 1964/2442/1964
f 1398/2286/1398 377/2148/377 1964/2442/1964
f 376/2189/376 157/3177/157 1964/2442/1964
f 1399/2443/1399 1397/2280/1397 376/2189/376
f 2473/2170/2473 387/2154/387 381/2153/381
f 1399/2443/1399 376/2189/376 2473/2170/2473
f 2473/2170/2473 381/2153/381 380/2171/380
f 381/2153/381 387/2154/387 386/2152/386
f 1401/2173/1401 2474/2172/2474 386/2152/386
f 2475/2143/2475 377/2160/377 1400/2444/1400
f 377/2160/377 1398/2158/1398 1400/2444/1400
f 1401/2173/1401 386/2152/386 2475/2143/2475
f 481/2189/481 1208/2280/1208 208/3177/208
f 1208/2280/1208 209/3178/209 208/3177/208
f 103/3179/103 1210/2286/1210 104/2442/104
f 1210/2286/1210 482/2148/482 104/2442/104
f 481/2189/481 208/3177/208 104/2442/104
f 1212/2445/1212 1208/2280/1208 481/2189/481
f 2476/2150/2476 2477/2154/2477 1293/2153/1293
f 1212/2445/1212 481/2189/481 2476/2150/2476
f 2476/2150/2476 1293/2153/1293 1211/2151/1211
f 375/2152/375 2678/2172/2678 1293/2153/1293
f 1215/2155/1215 2678/2172/2678 375/2152/375
f 2478/2156/2478 482/2160/482 1213/2446/1213
f 482/2160/482 1210/2158/1210 1213/2446/1213
f 1215/2155/1215 375/2152/375 2478/2156/2478
f 871/2189/871 1802/2280/1802 565/3180/565
f 1802/2280/1802 566/3181/566 565/3180/565
f 533/3182/533 1803/2286/1803 534/2447/534
f 1803/2286/1803 872/2148/872 534/2447/534
f 871/2189/871 565/3180/565 534/2447/534
f 1805/2448/1805 1802/2280/1802 871/2189/871
f 2479/2150/2479 2480/2154/2480 1793/2153/1793
f 1805/2448/1805 871/2189/871 2479/2150/2479
f 2479/2150/2479 1793/2153/1793 1804/2151/1804
f 877/2152/877 2724/2172/2724 1793/2153/1793
f 1807/2155/1807 2724/2172/2724 877/2152/877
f 2481/2156/2481 872/2160/872 1806/2449/1806
f 872/2160/872 1803/2158/1803 1806/2449/1806
f 1807/2155/1807 877/2152/877 2481/2156/2481
f 878/2189/878 1786/2280/1786 886/3180/886
f 1786/2280/1786 887/3181/887 886/3180/886
f 861/3182/861 1787/2286/1787 862/2447/862
f 1787/2286/1787 879/2148/879 862/2447/862
f 878/2189/878 886/3180/886 862/2447/862
f 1788/2450/1788 1786/2280/1786 878/2189/878
f 2482/2170/2482 884/2154/884 882/2153/882
f 1788/2450/1788 878/2189/878 2482/2170/2482
f 2482/2170/2482 882/2153/882 881/2171/881
f 882/2153/882 884/2154/884 883/2152/883
f 1790/2173/1790 2483/2172/2483 883/2152/883
f 2484/2143/2484 879/2160/879 1789/2451/1789
f 879/2160/879 1787/2158/1787 1789/2451/1789
f 1790/2173/1790 883/2152/883 2484/2143/2484
f 2485/2453/2485 1800/2286/1800 866/2148/866
f 866/2148/866 865/2189/865 2485/2453/2485
f 865/2189/865 1797/2280/1797 1798/2452/1798
f 2486/2454/2486 1797/2280/1797 865/2189/865
f 865/2189/865 864/2154/864 2486/2454/2486
f 2487/2152/2487 2726/2172/2726 1801/2153/1801
f 1799/2455/1799 2726/2172/2726 2487/2152/2487
f 2487/2152/2487 866/2160/866 1799/2455/1799
f 2488/2457/2488 1795/2286/1795 875/2148/875
f 875/2148/875 2489/2189/2489 2488/2457/2488
f 2489/2189/2489 1791/2280/1791 1792/2456/1792
f 2490/2458/2490 1791/2280/1791 2489/2189/2489
f 2489/2189/2489 874/2154/874 2490/2458/2490
f 2491/2152/2491 2725/2172/2725 1796/2153/1796
f 1794/2459/1794 2725/2172/2725 2491/2152/2491
f 2491/2152/2491 875/2160/875 1794/2459/1794
f 2492/2461/2492 1359/2286/1359 169/2148/169
f 169/2148/169 171/2189/171 2492/2461/2492
f 171/2189/171 1354/2280/1354 1356/2460/1356
f 2494/2462/2494 1354/2280/1354 171/2189/171
f 171/2189/171 2493/2154/2493 2494/2462/2494
f 2495/2152/2495 2692/2172/2692 1360/2153/1360
f 1358/2463/1358 2692/2172/2692 2495/2152/2495
f 2495/2152/2495 169/2160/169 1358/2463/1358
f 1042/2464/1042 1046/2286/1046 594/2148/594
f 594/2148/594 593/2189/593 1042/2464/1042
f 1039/2466/1039 1043/2280/1043 593/2189/593
f 593/2189/593 591/2154/591 1040/2465/1040
f 591/2154/591 1047/2153/1047 1040/2465/1040
f 2496/2152/2496 2660/2172/2660 1047/2153/1047
f 1045/2467/1045 2660/2172/2660 2496/2152/2496
f 2496/2152/2496 594/2160/594 1045/2467/1045
f 1990/2468/1990 2148/3183/2148 1464/2286/1464
f 165/2189/165 1462/2280/1462 1991/3184/1991
f 1462/2280/1462 2146/3185/2146 1991/3184/1991
f 1990/2468/1990 1464/2286/1464 166/2148/166
f 165/2189/165 1991/3184/1991 1990/2468/1990
f 1466/2469/1466 1462/2280/1462 165/2189/165
f 2497/2170/2497 153/2154/153 164/2153/164
f 1466/2469/1466 165/2189/165 2497/2170/2497
f 2497/2170/2497 164/2153/164 163/2171/163
f 152/2152/152 2599/2172/2599 164/2153/164
f 1468/2173/1468 2599/2172/2599 152/2152/152
f 2498/2143/2498 166/2160/166 1467/2470/1467
f 166/2160/166 1464/2158/1464 1467/2470/1467
f 1468/2173/1468 152/2152/152 2498/2143/2498
f 1923/2468/1923 2131/3183/2131 1031/2286/1031
f 518/2189/518 1028/2280/1028 1924/3184/1924
f 1028/2280/1028 2128/3185/2128 1924/3184/1924
f 1923/2468/1923 1031/2286/1031 519/2148/519
f 518/2189/518 1924/3184/1924 1923/2468/1923
f 1034/2471/1034 1028/2280/1028 518/2189/518
f 2499/2150/2499 172/2154/172 1357/2153/1357
f 1034/2471/1034 518/2189/518 2499/2150/2499
f 2499/2150/2499 1357/2153/1357 1033/2151/1033
f 168/2152/168 2691/2172/2691 1357/2153/1357
f 1037/2155/1037 2691/2172/2691 168/2152/168
f 2500/2156/2500 519/2160/519 1035/2472/1035
f 519/2160/519 1031/2158/1031 1035/2472/1035
f 1037/2155/1037 168/2152/168 2500/2156/2500
f 2047/2473/2047 2078/3186/2078 1822/2286/1822
f 891/2189/891 1819/2280/1819 2048/3187/2048
f 1819/2280/1819 2071/3188/2071 2048/3187/2048
f 2047/2473/2047 1822/2286/1822 892/2148/892
f 891/2189/891 2048/3187/2048 2047/2473/2047
f 1824/2474/1824 1819/2280/1819 891/2189/891
f 2501/2150/2501 911/2154/911 1815/2153/1815
f 1824/2474/1824 891/2189/891 2501/2150/2501
f 2501/2150/2501 1815/2153/1815 1823/2151/1823
f 907/2152/907 2727/2172/2727 1815/2153/1815
f 1826/2155/1826 2727/2172/2727 907/2152/907
f 2502/2156/2502 892/2160/892 1825/2475/1825
f 892/2160/892 1822/2158/1822 1825/2475/1825
f 1826/2155/1826 907/2152/907 2502/2156/2502
f 905/2189/905 1808/2280/1808 476/3187/476
f 1808/2280/1808 477/3188/477 476/3187/476
f 414/3186/414 1809/2286/1809 415/2473/415
f 1809/2286/1809 906/2148/906 415/2473/415
f 905/2189/905 476/3187/476 415/2473/415
f 1810/2476/1810 1808/2280/1808 905/2189/905
f 2503/2170/2503 898/2154/898 904/2153/904
f 1810/2476/1810 905/2189/905 2503/2170/2503
f 2503/2170/2503 904/2153/904 903/2171/903
f 897/2152/897 2656/2172/2656 904/2153/904
f 1812/2173/1812 2656/2172/2656 897/2152/897
f 2504/2143/2504 906/2160/906 1811/2477/1811
f 906/2160/906 1809/2158/1809 1811/2477/1811
f 1812/2173/1812 897/2152/897 2504/2143/2504
f 2505/2479/2505 1830/2286/1830 890/2148/890
f 890/2148/890 889/2189/889 2505/2479/2505
f 889/2189/889 1827/2280/1827 1828/2478/1828
f 2506/2480/2506 1827/2280/1827 889/2189/889
f 889/2189/889 888/2154/888 2506/2480/2506
f 2507/2152/2507 2729/2172/2729 1831/2153/1831
f 1829/2481/1829 2729/2172/2729 2507/2152/2507
f 2507/2152/2507 890/2160/890 1829/2481/1829
f 2508/2483/2508 1817/2286/1817 908/2148/908
f 908/2148/908 910/2189/910 2508/2483/2508
f 910/2189/910 1813/2280/1813 1814/2482/1814
f 2510/2484/2510 1813/2280/1813 910/2189/910
f 910/2189/910 2509/2154/2509 2510/2484/2510
f 2511/2152/2511 2728/2172/2728 1818/2153/1818
f 1816/2485/1816 2728/2172/2728 2511/2152/2511
f 2511/2152/2511 908/2160/908 1816/2485/1816
f 2512/2487/2512 1283/2286/1283 419/2148/419
f 419/2148/419 2513/2189/2513 2512/2487/2512
f 2513/2189/2513 1279/2280/1279 1280/2486/1280
f 2514/2488/2514 1279/2280/1279 2513/2189/2513
f 2513/2189/2513 417/2154/417 2514/2488/2514
f 2515/2152/2515 2675/2172/2675 1284/2153/1284
f 1282/2489/1282 2675/2172/2675 2515/2152/2515
f 2515/2152/2515 419/2160/419 1282/2489/1282
f 2516/2491/2516 1242/2286/1242 543/2148/543
f 543/2148/543 542/2189/542 2516/2491/2516
f 542/2189/542 1235/2280/1235 1239/2490/1239
f 2517/2492/2517 1235/2280/1235 542/2189/542
f 542/2189/542 540/2154/540 2517/2492/2517
f 2518/2152/2518 2670/2172/2670 1243/2153/1243
f 1241/2493/1241 2670/2172/2670 2518/2152/2518
f 2518/2152/2518 543/2160/543 1241/2493/1241
f 503/2494/503 502/3189/502 1388/2286/1388
f 422/2189/422 1387/2280/1387 525/3190/525
f 1387/2280/1387 526/3191/526 525/3190/525
f 503/2494/503 1388/2286/1388 423/2148/423
f 422/2189/422 525/3190/525 503/2494/503
f 1389/2495/1389 1387/2280/1387 422/2189/422
f 2519/2170/2519 437/2154/437 427/2153/427
f 1389/2495/1389 422/2189/422 2519/2170/2519
f 2519/2170/2519 427/2153/427 426/2171/426
f 427/2153/427 437/2154/437 436/2152/436
f 1391/2173/1391 2520/2172/2520 436/2152/436
f 2521/2143/2521 423/2160/423 1390/2496/1390
f 423/2160/423 1388/2158/1388 1390/2496/1390
f 1391/2173/1391 436/2152/436 2521/2143/2521
f 1953/2494/1953 2108/3189/2108 1248/2286/1248
f 470/2189/470 1244/2280/1244 1954/3190/1954
f 1244/2280/1244 2103/3191/2103 1954/3190/1954
f 1953/2494/1953 1248/2286/1248 471/2148/471
f 470/2189/470 1954/3190/1954 1953/2494/1953
f 1250/2497/1250 1244/2280/1244 470/2189/470
f 2522/2150/2522 2523/2154/2523 1281/2153/1281
f 1250/2497/1250 470/2189/470 2522/2150/2522
f 2522/2150/2522 1281/2153/1281 1249/2151/1249
f 421/2152/421 2674/2172/2674 1281/2153/1281
f 1253/2155/1253 2674/2172/2674 421/2152/421
f 2524/2156/2524 471/2160/471 1251/2498/1251
f 471/2160/471 1248/2158/1248 1251/2498/1251
f 1253/2155/1253 421/2152/421 2524/2156/2524
f 2053/2499/2053 2123/3192/2123 1852/2286/1852
f 916/2189/916 1850/2280/1850 2054/3193/2054
f 1850/2280/1850 2118/3194/2118 2054/3193/2054
f 2053/2499/2053 1852/2286/1852 917/2148/917
f 916/2189/916 2054/3193/2054 2053/2499/2053
f 1855/2500/1855 1850/2280/1850 916/2189/916
f 2525/2150/2525 925/2154/925 1841/2153/1841
f 1855/2500/1855 916/2189/916 2525/2150/2525
f 2525/2150/2525 1841/2153/1841 1854/2151/1854
f 921/2152/921 2730/2172/2730 1841/2153/1841
f 1857/2155/1857 2730/2172/2730 921/2152/921
f 2526/2156/2526 917/2160/917 1856/2501/1856
f 917/2160/917 1852/2158/1852 1856/2501/1856
f 1857/2155/1857 921/2152/921 2526/2156/2526
f 2050/2499/2050 2095/3192/2095 1834/2286/1834
f 926/2189/926 1832/2280/1832 2051/3193/2051
f 1832/2280/1832 2091/3194/2091 2051/3193/2051
f 2050/2499/2050 1834/2286/1834 927/2148/927
f 926/2189/926 2051/3193/2051 2050/2499/2050
f 1836/2502/1836 1832/2280/1832 926/2189/926
f 2527/2170/2527 932/2154/932 930/2153/930
f 1836/2502/1836 926/2189/926 2527/2170/2527
f 2527/2170/2527 930/2153/930 929/2171/929
f 930/2153/930 932/2154/932 931/2152/931
f 1838/2173/1838 2528/2172/2528 931/2152/931
f 2529/2143/2529 927/2160/927 1837/2503/1837
f 927/2160/927 1834/2158/1834 1837/2503/1837
f 1838/2173/1838 931/2152/931 2529/2143/2529
f 2530/2505/2530 1848/2286/1848 915/2148/915
f 915/2148/915 914/2189/914 2530/2505/2530
f 914/2189/914 1845/2280/1845 1846/2504/1846
f 2531/2506/2531 1845/2280/1845 914/2189/914
f 914/2189/914 913/2154/913 2531/2506/2531
f 2532/2152/2532 2732/2172/2732 1849/2153/1849
f 1847/2507/1847 2732/2172/2732 2532/2152/2532
f 2532/2152/2532 915/2160/915 1847/2507/1847
f 2533/2509/2533 1843/2286/1843 922/2148/922
f 922/2148/922 924/2189/924 2533/2509/2533
f 924/2189/924 1839/2280/1839 1840/2508/1840
f 2535/2510/2535 1839/2280/1839 924/2189/924
f 924/2189/924 2534/2154/2534 2535/2510/2535
f 2536/2152/2536 2731/2172/2731 1844/2153/1844
f 1842/2511/1842 2731/2172/2731 2536/2152/2536
f 2536/2152/2536 922/2160/922 1842/2511/1842
f 2537/2513/2537 1316/2286/1316 314/2148/314
f 314/2148/314 2538/2189/2538 2537/2513/2537
f 2538/2189/2538 1312/2280/1312 1313/2512/1313
f 2539/2514/2539 1312/2280/1312 2538/2189/2538
f 2538/2189/2538 312/2154/312 2539/2514/2539
f 2540/2152/2540 2685/2172/2685 1317/2153/1317
f 1315/2515/1315 2685/2172/2685 2540/2152/2540
f 2540/2152/2540 314/2160/314 1315/2515/1315
f 2541/2517/2541 1161/2286/1161 570/2148/570
f 570/2148/570 569/2189/569 2541/2517/2541
f 569/2189/569 1154/2280/1154 1158/2516/1158
f 2542/2518/2542 1154/2280/1154 569/2189/569
f 569/2189/569 567/2154/567 2542/2518/2542
f 2543/2152/2543 2665/2172/2665 1162/2153/1162
f 1160/2519/1160 2665/2172/2665 2543/2152/2543
f 2543/2152/2543 570/2160/570 1160/2519/1160
f 1972/2520/1972 2099/3195/2099 1419/2286/1419
f 308/2189/308 1416/2280/1416 1973/3196/1973
f 1416/2280/1416 2096/3197/2096 1973/3196/1973
f 1972/2520/1972 1419/2286/1419 309/2148/309
f 308/2189/308 1973/3196/1973 1972/2520/1972
f 1420/2521/1420 1416/2280/1416 308/2189/308
f 2544/2170/2544 299/2154/299 307/2153/307
f 1420/2521/1420 308/2189/308 2544/2170/2544
f 2544/2170/2544 307/2153/307 306/2171/306
f 298/2152/298 2615/2172/2615 307/2153/307
f 1422/2173/1422 2615/2172/2615 298/2152/298
f 2545/2143/2545 309/2160/309 1421/2522/1421
f 309/2160/309 1419/2158/1419 1421/2522/1421
f 1422/2173/1422 298/2152/298 2545/2143/2545
f 1947/2520/1947 2216/3195/2216 1148/2286/1148
f 493/2189/493 1144/2280/1144 1948/3196/1948
f 1144/2280/1144 2212/3197/2212 1948/3196/1948
f 1947/2520/1947 1148/2286/1148 494/2148/494
f 493/2189/493 1948/3196/1948 1947/2520/1947
f 1150/2523/1150 1144/2280/1144 493/2189/493
f 2546/2150/2546 2547/2154/2547 1314/2153/1314
f 1150/2523/1150 493/2189/493 2546/2150/2546
f 2546/2150/2546 1314/2153/1314 1149/2151/1149
f 316/2152/316 2684/2172/2684 1314/2153/1314
f 1153/2155/1153 2684/2172/2684 316/2152/316
f 2548/2156/2548 494/2160/494 1151/2524/1151
f 494/2160/494 1148/2158/1148 1151/2524/1151
f 1153/2155/1153 316/2152/316 2548/2156/2548
f 2059/2525/2059 2154/3198/2154 1882/2286/1882
f 938/2189/938 1879/2280/1879 2060/3199/2060
f 1879/2280/1879 2150/3200/2150 2060/3199/2060
f 2059/2525/2059 1882/2286/1882 939/2148/939
f 938/2189/938 2060/3199/2060 2059/2525/2059
f 1884/2526/1884 1879/2280/1879 938/2189/938
f 2549/2150/2549 944/2154/944 1868/2153/1868
f 1884/2526/1884 938/2189/938 2549/2150/2549
f 2549/2150/2549 1868/2153/1868 1883/2151/1883
f 940/2152/940 2733/2172/2733 1868/2153/1868
f 1886/2155/1886 2733/2172/2733 940/2152/940
f 2550/2156/2550 939/2160/939 1885/2527/1885
f 939/2160/939 1882/2158/1882 1885/2527/1885
f 1886/2155/1886 940/2152/940 2550/2156/2550
f 2056/2525/2056 2133/3198/2133 1861/2286/1861
f 945/2189/945 1858/2280/1858 2057/3199/2057
f 1858/2280/1858 2129/3200/2129 2057/3199/2057
f 2056/2525/2056 1861/2286/1861 946/2148/946
f 945/2189/945 2057/3199/2057 2056/2525/2056
f 1862/2528/1862 1858/2280/1858 945/2189/945
f 2551/2170/2551 951/2154/951 949/2153/949
f 1862/2528/1862 945/2189/945 2551/2170/2551
f 2551/2170/2551 949/2153/949 948/2171/948
f 949/2153/949 951/2154/951 950/2152/950
f 1864/2173/1864 2552/2172/2552 950/2152/950
f 2553/2143/2553 946/2160/946 1863/2529/1863
f 946/2160/946 1861/2158/1861 1863/2529/1863
f 1864/2173/1864 950/2152/950 2553/2143/2553
f 1874/2530/1874 1877/2286/1877 936/2148/936
f 936/2148/936 935/2189/935 1874/2530/1874
f 1872/2532/1872 1875/2280/1875 935/2189/935
f 935/2189/935 934/2154/934 1873/2531/1873
f 934/2154/934 1878/2153/1878 1873/2531/1873
f 2554/2152/2554 2735/2172/2735 1878/2153/1878
f 1876/2533/1876 2735/2172/2735 2554/2152/2554
f 2554/2152/2554 936/2160/936 1876/2533/1876
f 2555/2534/2555 1870/2286/1870 941/2148/941
f 941/2148/941 943/2189/943 2555/2534/2555
f 1865/2536/1865 1867/2280/1867 943/2189/943
f 943/2189/943 2557/2154/2557 1866/2535/1866
f 2557/2154/2557 1871/2153/1871 1866/2535/1866
f 2556/2152/2556 2734/2172/2734 1871/2153/1871
f 1869/2537/1869 2734/2172/2734 2556/2152/2556
f 2556/2152/2556 941/2160/941 1869/2537/1869
f 2558/2539/2558 1302/2286/1302 365/2148/365
f 365/2148/365 367/2189/367 2558/2539/2558
f 367/2189/367 1297/2280/1297 1299/2538/1299
f 2560/2540/2560 1297/2280/1297 367/2189/367
f 367/2189/367 2559/2154/2559 2560/2540/2560
f 2561/2152/2561 2681/2172/2681 1303/2153/1303
f 1301/2541/1301 2681/2172/2681 2561/2152/2561
f 2561/2152/2561 365/2160/365 1301/2541/1301
f 1193/2542/1193 1197/2286/1197 558/2148/558
f 558/2148/558 557/2189/557 1193/2542/1193
f 1190/2544/1190 1194/2280/1194 557/2189/557
f 557/2189/557 555/2154/555 1191/2543/1191
f 555/2154/555 1198/2153/1198 1191/2543/1191
f 2562/2152/2562 2667/2172/2667 1198/2153/1198
f 1196/2545/1196 2667/2172/2667 2562/2152/2562
f 2562/2152/2562 558/2160/558 1196/2545/1196
f 1966/2546/1966 2084/3201/2084 1405/2286/1405
f 361/2189/361 1402/2280/1402 1967/3202/1967
f 1402/2280/1402 2079/3203/2079 1967/3202/1967
f 1966/2546/1966 1405/2286/1405 362/2148/362
f 361/2189/361 1967/3202/1967 1966/2546/1966
f 1406/2547/1406 1402/2280/1402 361/2189/361
f 2563/2170/2563 352/2154/352 360/2153/360
f 1406/2547/1406 361/2189/361 2563/2170/2563
f 2563/2170/2563 360/2153/360 359/2171/359
f 351/2152/351 2620/2172/2620 360/2153/360
f 1408/2173/1408 2620/2172/2620 351/2152/351
f 2564/2143/2564 362/2160/362 1407/2548/1407
f 362/2160/362 1405/2158/1405 1407/2548/1407
f 1408/2173/1408 351/2152/351 2564/2143/2564
f 612/2546/612 611/3201/611 1183/2286/1183
f 484/2189/484 1181/2280/1181 652/3202/652
f 1181/2280/1181 653/3203/653 652/3202/652
f 612/2546/612 1183/2286/1183 485/2148/485
f 484/2189/484 652/3202/652 612/2546/612
f 1185/2549/1185 1181/2280/1181 484/2189/484
f 2565/2150/2565 368/2154/368 1300/2153/1300
f 1185/2549/1185 484/2189/484 2565/2150/2565
f 2565/2150/2565 1300/2153/1300 1184/2151/1184
f 364/2152/364 2680/2172/2680 1300/2153/1300
f 1188/2155/1188 2680/2172/2680 364/2152/364
f 2566/2156/2566 485/2160/485 1186/2550/1186
f 485/2160/485 1183/2158/1183 1186/2550/1186
f 1188/2155/1188 364/2152/364 2566/2156/2566
f 2065/2551/2065 2182/3204/2182 1903/2286/1903
f 958/2189/958 1900/2280/1900 2066/3205/2066
f 1900/2280/1900 2176/3206/2176 2066/3205/2066
f 2065/2551/2065 1903/2286/1903 959/2148/959
f 958/2189/958 2066/3205/2066 2065/2551/2065
f 1905/2552/1905 1900/2280/1900 958/2189/958
f 2567/2150/2567 972/2154/972 1896/2153/1896
f 1905/2552/1905 958/2189/958 2567/2150/2567
f 2567/2150/2567 1896/2153/1896 1904/2151/1904
f 968/2152/968 2736/2172/2736 1896/2153/1896
f 1907/2155/1907 2736/2172/2736 968/2152/968
f 2568/2156/2568 959/2160/959 1906/2553/1906
f 959/2160/959 1903/2158/1903 1906/2553/1906
f 1907/2155/1907 968/2152/968 2568/2156/2568
f 2062/2551/2062 2163/3204/2163 1890/2286/1890
f 966/2189/966 1887/2280/1887 2063/3205/2063
f 1887/2280/1887 2158/3206/2158 2063/3205/2063
f 2062/2551/2062 1890/2286/1890 967/2148/967
f 966/2189/966 2063/3205/2063 2062/2551/2062
f 1891/2554/1891 1887/2280/1887 966/2189/966
f 2569/2170/2569 962/2154/962 965/2153/965
f 1891/2554/1891 966/2189/966 2569/2170/2569
f 2569/2170/2569 965/2153/965 964/2171/964
f 961/2152/961 2657/2172/2657 965/2153/965
f 1893/2173/1893 2657/2172/2657 961/2152/961
f 2570/2143/2570 967/2160/967 1892/2555/1892
f 967/2160/967 1890/2158/1890 1892/2555/1892
f 1893/2173/1893 961/2152/961 2570/2143/2570
f 2571/2557/2571 1911/2286/1911 956/2148/956
f 956/2148/956 955/2189/955 2571/2557/2571
f 955/2189/955 1908/2280/1908 1909/2556/1909
f 2572/2558/2572 1908/2280/1908 955/2189/955
f 955/2189/955 954/2154/954 2572/2558/2572
f 2573/2152/2573 2738/2172/2738 1912/2153/1912
f 1910/2559/1910 2738/2172/2738 2573/2152/2573
f 2573/2152/2573 956/2160/956 1910/2559/1910
f 2574/2561/2574 1898/2286/1898 969/2148/969
f 969/2148/969 971/2189/971 2574/2561/2574
f 971/2189/971 1894/2280/1894 1895/2560/1895
f 2576/2562/2576 1894/2280/1894 971/2189/971
f 971/2189/971 2575/2154/2575 2576/2562/2576
f 2577/2152/2577 2737/2172/2737 1899/2153/1899
f 1897/2563/1897 2737/2172/2737 2577/2152/2577
f 2577/2152/2577 969/2160/969 1897/2563/1897
f 2578/2564/2578 1367/2286/1367 129/2148/129
f 129/2148/129 130/2189/130 2578/2564/2578
f 1362/2566/1362 1364/2280/1364 130/2189/130
f 130/2189/130 2580/2154/2580 1363/2565/1363
f 2580/2154/2580 1368/2153/1368 1363/2565/1363
f 2579/2152/2579 2694/2172/2694 1368/2153/1368
f 1366/2567/1366 2694/2172/2694 2579/2152/2579
f 2579/2152/2579 129/2160/129 1366/2567/1366
f 1014/2568/1014 1017/2286/1017 599/2148/599
f 599/2148/599 598/2189/598 1014/2568/1014
f 1012/2570/1012 1015/2280/1015 598/2189/598
f 598/2189/598 596/2154/596 1013/2569/1013
f 596/2154/596 1018/2153/1018 1013/2569/1013
f 2581/2152/2581 2659/2172/2659 1018/2153/1018
f 1016/2571/1016 2659/2172/2659 2581/2152/2581
f 2581/2152/2581 599/2160/599 1016/2571/1016
f 1993/2572/1993 2157/3207/2157 1471/2286/1471
f 133/2189/133 1469/2280/1469 1994/3208/1994
f 1469/2280/1469 2155/3209/2155 1994/3208/1994
f 1993/2572/1993 1471/2286/1471 134/2148/134
f 133/2189/133 1994/3208/1994 1993/2572/1993
f 1473/2573/1473 1469/2280/1469 133/2189/133
f 2582/2170/2582 146/2154/146 137/2153/137
f 1473/2573/1473 133/2189/133 2582/2170/2582
f 2582/2170/2582 137/2153/137 136/2171/136
f 137/2153/137 146/2154/146 145/2152/145
f 1475/2173/1475 2583/2172/2583 145/2152/145
f 2584/2143/2584 134/2160/134 1474/2574/1474
f 134/2160/134 1471/2158/1471 1474/2574/1474
f 1475/2173/1475 145/2152/145 2584/2143/2584
f 1920/2572/1920 2121/3207/2121 1022/2286/1022
f 521/2189/521 1019/2280/1019 1921/3208/1921
f 1019/2280/1019 2117/3209/2117 1921/3208/1921
f 1920/2572/1920 1022/2286/1022 522/2148/522
f 521/2189/521 1921/3208/1921 1920/2572/1920
f 1025/2575/1025 1019/2280/1019 521/2189/521
f 2585/2150/2585 131/2154/131 1365/2153/1365
f 1025/2575/1025 521/2189/521 2585/2150/2585
f 2585/2150/2585 1365/2153/1365 1024/2151/1024
f 128/2152/128 2693/2172/2693 1365/2153/1365
f 1027/2155/1027 2693/2172/2693 128/2152/128
f 2586/2156/2586 522/2160/522 1026/2576/1026
f 522/2160/522 1022/2158/1022 1026/2576/1026
f 1027/2155/1027 128/2152/128 2586/2156/2586
f 2008/2579/2008 2210/3210/2210 1522/2286/1522
f 663/2578/663 1520/2280/1520 2009/3211/2009
f 1520/2280/1520 2207/3212/2207 2009/3211/2009
f 2008/2579/2008 1522/2286/1522 664/2577/664
f 663/2578/663 2009/3211/2009 2008/2579/2008
f 1524/2580/1524 1520/2280/1520 663/2578/663
f 2587/2138/2587 656/2141/656 662/2153/662
f 1524/2580/1524 663/2578/663 2587/2138/2587
f 2587/2138/2587 662/2153/662 661/2139/661
f 655/2581/655 2641/2172/2641 662/2153/662
f 2641/2172/2641 655/2581/655 2588/2143/2588
f 2588/2143/2588 664/2160/664 1525/2582/1525
f 664/2160/664 1522/3111/1522 1525/2582/1525
f 1526/2145/1526 2641/2172/2641 2588/2143/2588
f 1536/2583/1536 1538/2286/1538 642/2148/642
f 642/2148/642 644/2189/644 1536/2583/1536
f 644/2189/644 2589/2154/2589 1535/2584/1535
f 2589/2154/2589 1539/2153/1539 1535/2584/1535
f 1534/2585/1534 1537/2280/1537 644/2189/644
f 643/2152/643 1540/2172/1540 1539/2153/1539
f 1540/2172/1540 643/2152/643 2590/2586/2590
f 643/2152/643 642/2160/642 2590/2586/2590
# Vertices: 2718, normals: 2718, texture coordinates: 3180, faces: 5944

o obj5
v 0 5.45769644 3.48989987
v 0.11129656 5.44673443 -1.8153007
v 0 5.45769644 -1.8153007
v 0.11129656 5.44673443 3.48989987
v 0.21831606 5.4142704 -1.8153007
v 0.21831606 5.4142704 3.48989987
v 0.31694579 5.36155176 -1.8153007
v 0.31694579 5.36155176 3.48989987
v 0.40339544 5.29060459 -1.8153007
v 0.40339544 5.29060459 3.48989987
v 0.47434285 5.20415497 -1.8153007
v 0.47434285 5.20415497 3.48989987
v 0.52706152 5.10552502 -1.8153007
v 0.52706152 5.10552502 3.48989987
v 0.55952555 4.99850559 -1.8153007
v 0.55952555 4.99850559 3.48989987
v 0.57048732 4.88720894 -1.8153007
v 0.57048732 4.88720894 3.48989987
v 0.55952555 4.77591228 -1.8153007
v 0.55952555 4.77591228 3.48989987
v 0.52706152 4.66889286 -1.8153007
v 0.52706152 4.66889286 3.48989987
v 0.47434285 4.57026291 -1.8153007
v 0.47434285 4.57026291 3.48989987
v 0.40339544 4.48381329 -1.8153007
v 0.40339544 4.48381329 3.48989987
v 0.31694579 4.41286612 -1.8153007
v 0.31694579 4.41286612 3.48989987
v 0.21831606 4.36014748 -1.8153007
v 0.21831606 4.36014748 3.48989987
v 0.11129656 4.32768345 -1.8153007
v 0.11129656 4.32768345 3.48989987
v 0 4.31672144 -1.8153007
v 0 4.31672144 3.48989987
v -0.11129656 4.32768345 -1.8153007
v -0.11129656 4.32768345 3.48989987
v -0.21831606 4.36014748 -1.8153007
v -0.21831606 4.36014748 3.48989987
v -0.31694579 4.41286612 -1.8153007
v -0.31694579 4.41286612 3.48989987
v -0.40339544 4.48381329 -1.8153007
v -0.40339544 4.48381329 3.48989987
v -0.47434285 4.57026291 -1.8153007
v -0.47434285 4.57026291 3.48989987
v -0.52706152 4.66889286 -1.8153007
v -0.52706152 4.66889286 3.48989987
v -0.55952555 4.77591228 -1.8153007
v -0.55952555 4.77591228 3.48989987
v -0.57048732 4.88720894 -1.8153007
v -0.57048732 4.88720894 3.48989987
v -0.55952555 4.99850559 -1.8153007
v -0.55952555 4.99850559 3.48989987
v -0.52706152 5.10552502 -1.8153007
v -0.52706152 5.10552502 3.48989987
v -0.47434285 5.20415497 -1.8153007
v -0.47434285 5.20415497 3.48989987
v -0.40339544 5.29060459 -1.8153007
v -0.40339544 5.29060459 3.48989987
v -0.31694579 5.36155176 -1.8153007
v -0.31694579 5.36155176 3.48989987
v -0.21831606 5.4142704 -1.8153007
v 0.69887865 5.17669392 3.93214965
v -0.21831606 5.4142704 3.48989987
v -0.11129656 5.44673443 -1.8153007
v -0.11129656 5.44673443 3.48989987
v -0.69887853 5.17669392 3.93214965
v -0.28948501 4.18833017 3.93214965
v 0.69887865 4.59772396 3.93214965
v 0.28948504 4.18833017 3.93214965
v 0.14757822 4.14528322 3.93214965
v -0.75646073 4.88720894 3.93214965
v 0.28948504 5.5860877 3.93214965
v 0.6289742 4.46694183 3.93214965
v -0.42026711 4.25823498 3.93214965
v -0.53489852 4.35231018 3.93214965
v -0.42026711 5.5161829 3.93214965
v 0.74192566 5.03478718 3.93214965
v 4E-08 4.13074827 3.93214965
v -0.74192554 5.03478718 3.93214965
v 0.42026716 5.5161829 3.93214965
v 0.53489858 4.35231018 3.93214965
v -0.62897408 4.46694183 3.93214965
v -0.28948501 5.5860877 3.93214965
v 0.75646085 4.88720894 3.93214965
v -0.14757812 4.14528322 3.93214965
v 0.53489858 5.4221077 3.93214965
v 0.42026716 4.25823498 3.93214965
v -0.69887853 4.59772396 3.93214965
v -0.14757812 5.62913465 3.93214965
v 0.74192566 4.7396307 3.93214965
v -0.62897408 5.30747604 3.93214965
v 0.6289742 5.30747604 3.93214965
v -0.74192554 4.7396307 3.93214965
v 0.14757822 5.62913465 3.93214965
v 4E-08 5.64366961 3.93214965
v -0.53489852 5.4221077 3.93214965
vn 0 0.97976 -0.20015
vn 0.142 0.7139 -0.6857
vn -0 0.72789 -0.6857
vn 0.19114 0.96094 -0.20015
vn 0.27855 0.67248 -0.68569
vn 0.37494 0.90518 -0.20015
vn 0.4044 0.60523 -0.68569
vn 0.54433 0.81464 -0.20015
vn 0.51469 0.51469 -0.6857
vn 0.6928 0.6928 -0.20015
vn 0.60522 0.40439 -0.6857
vn 0.81465 0.54433 -0.20015
vn 0.67248 0.27855 -0.68569
vn 0.90518 0.37494 -0.20015
vn 0.71392 0.14201 -0.68567
vn 0.96094 0.19114 -0.20015
vn 0.72788 0 -0.6857
vn 0.97976 0 -0.20015
vn 0.7139 -0.142 -0.6857
vn 0.96094 -0.19114 -0.20015
vn 0.67248 -0.27855 -0.68569
vn 0.90518 -0.37494 -0.20015
vn 0.60523 -0.4044 -0.68568
vn 0.81464 -0.54433 -0.20015
vn 0.51469 -0.51469 -0.6857
vn 0.6928 -0.6928 -0.20015
vn 0.4044 -0.60523 -0.68568
vn 0.54433 -0.81464 -0.20015
vn 0.27855 -0.67248 -0.6857
vn 0.37494 -0.90518 -0.20015
vn 0.14201 -0.71392 -0.68567
vn 0.19114 -0.96094 -0.20015
vn 0 -0.72789 -0.6857
vn -0 -0.97976 -0.20015
vn -0.142 -0.7139 -0.6857
vn -0.19114 -0.96094 -0.20015
vn -0.27855 -0.67248 -0.68569
vn -0.37494 -0.90518 -0.20015
vn -0.4044 -0.60523 -0.68569
vn -0.54433 -0.81464 -0.20015
vn -0.51469 -0.51469 -0.6857
vn -0.6928 -0.6928 -0.20015
vn -0.60522 -0.40439 -0.6857
vn -0.81464 -0.54433 -0.20015
vn -0.67248 -0.27855 -0.68569
vn -0.90518 -0.37494 -0.20015
vn -0.71392 -0.14201 -0.68567
vn -0.96094 -0.19114 -0.20015
vn -0.72788 -0 -0.6857
vn -0.97976 -0 -0.20015
vn -0.7139 0.142 -0.6857
vn -0.96094 0.19114 -0.20015
vn -0.67248 0.27855 -0.68569
vn -0.90518 0.37494 -0.20015
vn -0.60523 0.4044 -0.68568
vn -0.81464 0.54433 -0.20015
vn -0.51469 0.51469 -0.6857
vn -0.6928 0.6928 -0.20015
vn -0.4044 0.60523 -0.68568
vn -0.54433 0.81465 -0.20015
vn -0.27855 0.67248 -0.6857
vn 0.7831 0.32437 0.5306
vn -0.37494 0.90518 -0.20015
vn -0.14201 0.71392 -0.68567
vn -0.19114 0.96094 -0.20015
vn -0.78311 0.32438 0.53058
vn -0.32437 -0.7831 0.5306
vn 0.78311 -0.32438 0.53058
vn 0.32437 -0.78309 0.53062
vn 0.16536 -0.83132 0.53063
vn -0.84761 0 0.53061
vn 0.32437 0.7831 0.5306
vn 0.70476 -0.47091 0.53063
vn -0.4709 -0.70475 0.53064
vn -0.59936 -0.59936 0.5306
vn -0.4709 0.70475 0.53064
vn 0.83133 0.16536 0.53061
vn -0 -0.84764 0.53057
vn -0.83132 0.16536 0.53063
vn 0.4709 0.70475 0.53064
vn 0.59935 -0.59935 0.53062
vn -0.70475 -0.4709 0.53065
vn -0.32438 0.78311 0.53058
vn 0.84761 -0 0.53061
vn -0.16536 -0.83132 0.53063
vn 0.59935 0.59935 0.53062
vn 0.47091 -0.70477 0.53062
vn -0.78311 -0.32438 0.53058
vn -0.16536 0.83131 0.53065
vn 0.83132 -0.16536 0.53063
vn -0.70476 0.47091 0.53063
vn 0.70477 0.47091 0.53061
vn -0.83133 -0.16536 0.53061
vn 0.16536 0.83132 0.53063
vn -0 0.84764 0.53057
vn -0.59935 0.59935 0.53062
vt 1 1
vt 0.96875 0.5
vt 1 0.5
vt 0.96875 1
vt 0.9375 0.5
vt 0.9375 1
vt 0.90625 0.5
vt 0.90625 1
vt 0.875 0.5
vt 0.875 1
vt 0.84375 0.5
vt 0.84375 1
vt 0.8125 0.5
vt 0.8125 1
vt 0.78125 0.5
vt 0.78125 1
vt 0.75 0.5
vt 0.75 1
vt 0.71875 0.5
vt 0.71875 1
vt 0.6875 0.5
vt 0.6875 1
vt 0.65625 0.5
vt 0.65625 1
vt 0.625 0.5
vt 0.625 1
vt 0.59375 0.5
vt 0.59375 1
vt 0.5625 0.5
vt 0.5625 1
vt 0.53125 0.5
vt 0.53125 1
vt 0.5 0.5
vt 0.5 1
vt 0.46875 0.5
vt 0.46875 1
vt 0.4375 0.5
vt 0.4375 1
vt 0.40625 0.5
vt 0.40625 1
vt 0.375 0.5
vt 0.375 1
vt 0.34375 0.5
vt 0.34375 1
vt 0.3125 0.5
vt 0.3125 1
vt 0.28125 0.5
vt 0.28125 1
vt 0.25 0.5
vt 0.25 1
vt 0.21875 0.5
vt 0.21875 1
vt 0.1875 0.5
vt 0.1875 1
vt 0.15625 0.5
vt 0.15625 1
vt 0.125 0.5
vt 0.125 1
vt 0.09375 0.5
vt 0.09375 1
vt 0.0625 0.5
vt 0.0625 1
vt 0.03125 0.5
vt 0.03125 1
vt 0 0.5
vt 0.61666 0.05045
vt 0.51461 0.20318
vt 0.70318 0.48539
vt 0.02827 0.34184
vt 0.15816 0.02827
vt 0.47173 0.15816
vt 0 1
vt 0.75 0.49
vt 0.79682 0.48539
vt 0.84184 0.47173
vt 0.88334 0.44955
vt 0.91971 0.41971
vt 0.94955 0.38334
vt 0.97173 0.34184
vt 0.98539 0.29682
vt 0.99 0.25
vt 0.98539 0.20318
vt 0.97173 0.15816
vt 0.94955 0.11666
vt 0.91971 0.08029
vt 0.88334 0.05045
vt 0.84184 0.02827
vt 0.79682 0.01461
vt 0.75 0.01
vt 0.70318 0.01461
vt 0.65816 0.02827
vt 0.58029 0.08029
vt 0.55045 0.11666
vt 0.52827 0.15816
vt 0.51 0.25
vt 0.51461 0.29682
vt 0.52827 0.34184
vt 0.55045 0.38334
vt 0.58029 0.41971
vt 0.61666 0.44955
vt 0.65816 0.47173
vt 0.34184 0.47173
vt 0.29682 0.48539
vt 0.25 0.49
vt 0.20318 0.48539
vt 0.15816 0.47173
vt 0.11666 0.44955
vt 0.08029 0.41971
vt 0.05045 0.38334
vt 0.01461 0.29682
vt 0.01 0.25
vt 0.01461 0.20318
vt 0.02827 0.15816
vt 0.05045 0.11666
vt 0.08029 0.08029
vt 0.11666 0.05045
vt 0.20318 0.01461
vt 0.25 0.01
vt 0.29682 0.01461
vt 0.34184 0.02827
vt 0.38334 0.05045
vt 0.41971 0.08029
vt 0.44955 0.11666
vt 0.48539 0.20318
vt 0.49 0.25
vt 0.48539 0.29682
vt 0.47173 0.34184
vt 0.44955 0.38334
vt 0.41971 0.41971
vt 0.38334 0.44955
usemtl mat1
f 2739/3213/2739 2740/3214/2740 2741/3215/2741
f 2742/3216/2742 2743/3217/2743 2740/3214/2740
f 2744/3218/2744 2745/3219/2745 2743/3217/2743
f 2746/3220/2746 2747/3221/2747 2745/3219/2745
f 2748/3222/2748 2749/3223/2749 2747/3221/2747
f 2750/3224/2750 2751/3225/2751 2749/3223/2749
f 2752/3226/2752 2753/3227/2753 2751/3225/2751
f 2754/3228/2754 2755/3229/2755 2753/3227/2753
f 2756/3230/2756 2757/3231/2757 2755/3229/2755
f 2758/3232/2758 2759/3233/2759 2757/3231/2757
f 2760/3234/2760 2761/3235/2761 2759/3233/2759
f 2762/3236/2762 2763/3237/2763 2761/3235/2761
f 2764/3238/2764 2765/3239/2765 2763/3237/2763
f 2766/3240/2766 2767/3241/2767 2765/3239/2765
f 2768/3242/2768 2769/3243/2769 2767/3241/2767
f 2770/3244/2770 2771/3245/2771 2769/3243/2769
f 2772/3246/2772 2773/3247/2773 2771/3245/2771
f 2774/3248/2774 2775/3249/2775 2773/3247/2773
f 2776/3250/2776 2777/3251/2777 2775/3249/2775
f 2778/3252/2778 2779/3253/2779 2777/3251/2777
f 2780/3254/2780 2781/3255/2781 2779/3253/2779
f 2782/3256/2782 2783/3257/2783 2781/3255/2781
f 2784/3258/2784 2785/3259/2785 2783/3257/2783
f 2786/3260/2786 2787/3261/2787 2785/3259/2785
f 2788/3262/2788 2789/3263/2789 2787/3261/2787
f 2790/3264/2790 2791/3265/2791 2789/3263/2789
f 2792/3266/2792 2793/3267/2793 2791/3265/2791
f 2794/3268/2794 2795/3269/2795 2793/3267/2793
f 2796/3270/2796 2797/3271/2797 2795/3269/2795
f 2798/3272/2798 2799/3273/2799 2797/3271/2797
f 2750/3224/2750 2800/3226/2800 2752/3226/2752
f 2801/3274/2801 2802/3275/2802 2799/3273/2799
f 2803/3276/2803 2741/3277/2741 2802/3275/2802
f 2777/3278/2777 2785/3279/2785 2802/3280/2802
f 2804/3281/2804 2805/3282/2805 2806/3283/2806
f 2770/3244/2770 2807/3242/2807 2808/3244/2808
f 2786/3260/2786 2809/3262/2809 2788/3262/2788
f 2742/3216/2742 2810/3218/2810 2744/3218/2744
f 2760/3234/2760 2811/3236/2811 2762/3236/2762
f 2780/3254/2780 2812/3252/2812 2813/3254/2813
f 2796/3270/2796 2814/3272/2814 2798/3272/2798
f 2754/3228/2754 2800/3226/2800 2815/3228/2815
f 2772/3246/2772 2808/3244/2808 2816/3246/2816
f 2788/3262/2788 2817/3264/2817 2790/3264/2790
f 2744/3218/2744 2818/3220/2818 2746/3220/2746
f 2762/3236/2762 2819/3238/2819 2764/3238/2764
f 2780/3254/2780 2820/3256/2820 2782/3256/2782
f 2801/3274/2801 2814/3272/2814 2821/3274/2821
f 2754/3228/2754 2822/3230/2822 2756/3230/2756
f 2772/3246/2772 2823/3248/2823 2774/3248/2774
f 2790/3264/2790 2804/3266/2804 2792/3266/2792
f 2748/3222/2748 2818/3220/2818 2824/3222/2824
f 2764/3238/2764 2825/3240/2825 2766/3240/2766
f 2784/3258/2784 2820/3256/2820 2826/3258/2826
f 2801/3274/2801 2827/3276/2827 2803/3276/2803
f 2756/3230/2756 2828/3232/2828 2758/3232/2758
f 2774/3248/2774 2805/3250/2805 2776/3250/2776
f 2792/3266/2792 2829/3268/2829 2794/3268/2794
f 2750/3224/2750 2824/3222/2824 2830/3224/2830
f 2766/3240/2766 2807/3242/2807 2768/3242/2768
f 2786/3260/2786 2826/3258/2826 2831/3260/2831
f 2739/3213/2739 2832/3216/2832 2742/3216/2742
f 2739/3284/2739 2827/3276/2827 2833/3284/2833
f 2758/3232/2758 2806/3234/2806 2760/3234/2760
f 2776/3250/2776 2812/3252/2812 2778/3252/2778
f 2794/3268/2794 2834/3270/2834 2796/3270/2796
f 2739/3213/2739 2742/3216/2742 2740/3214/2740
f 2742/3216/2742 2744/3218/2744 2743/3217/2743
f 2744/3218/2744 2746/3220/2746 2745/3219/2745
f 2746/3220/2746 2748/3222/2748 2747/3221/2747
f 2748/3222/2748 2750/3224/2750 2749/3223/2749
f 2750/3224/2750 2752/3226/2752 2751/3225/2751
f 2752/3226/2752 2754/3228/2754 2753/3227/2753
f 2754/3228/2754 2756/3230/2756 2755/3229/2755
f 2756/3230/2756 2758/3232/2758 2757/3231/2757
f 2758/3232/2758 2760/3234/2760 2759/3233/2759
f 2760/3234/2760 2762/3236/2762 2761/3235/2761
f 2762/3236/2762 2764/3238/2764 2763/3237/2763
f 2764/3238/2764 2766/3240/2766 2765/3239/2765
f 2766/3240/2766 2768/3242/2768 2767/3241/2767
f 2768/3242/2768 2770/3244/2770 2769/3243/2769
f 2770/3244/2770 2772/3246/2772 2771/3245/2771
f 2772/3246/2772 2774/3248/2774 2773/3247/2773
f 2774/3248/2774 2776/3250/2776 2775/3249/2775
f 2776/3250/2776 2778/3252/2778 2777/3251/2777
f 2778/3252/2778 2780/3254/2780 2779/3253/2779
f 2780/3254/2780 2782/3256/2782 2781/3255/2781
f 2782/3256/2782 2784/3258/2784 2783/3257/2783
f 2784/3258/2784 2786/3260/2786 2785/3259/2785
f 2786/3260/2786 2788/3262/2788 2787/3261/2787
f 2788/3262/2788 2790/3264/2790 2789/3263/2789
f 2790/3264/2790 2792/3266/2792 2791/3265/2791
f 2792/3266/2792 2794/3268/2794 2793/3267/2793
f 2794/3268/2794 2796/3270/2796 2795/3269/2795
f 2796/3270/2796 2798/3272/2798 2797/3271/2797
f 2798/3272/2798 2801/3274/2801 2799/3273/2799
f 2750/3224/2750 2830/3224/2830 2800/3226/2800
f 2801/3274/2801 2803/3276/2803 2802/3275/2802
f 2803/3276/2803 2739/3284/2739 2741/3277/2741
f 2802/3280/2802 2741/3285/2741 2740/3286/2740
f 2740/3286/2740 2743/3287/2743 2802/3280/2802
f 2743/3287/2743 2745/3288/2745 2802/3280/2802
f 2745/3288/2745 2747/3289/2747 2749/3290/2749
f 2749/3290/2749 2751/3291/2751 2745/3288/2745
f 2751/3291/2751 2753/3292/2753 2745/3288/2745
f 2753/3292/2753 2755/3293/2755 2757/3294/2757
f 2757/3294/2757 2759/3295/2759 2753/3292/2753
f 2759/3295/2759 2761/3296/2761 2753/3292/2753
f 2761/3296/2761 2763/3297/2763 2765/3298/2765
f 2765/3298/2765 2767/3299/2767 2769/3300/2769
f 2769/3300/2769 2771/3301/2771 2773/3302/2773
f 2773/3302/2773 2775/3303/2775 2769/3300/2769
f 2775/3303/2775 2777/3278/2777 2769/3300/2769
f 2777/3278/2777 2779/3304/2779 2781/3305/2781
f 2781/3305/2781 2783/3306/2783 2777/3278/2777
f 2783/3306/2783 2785/3279/2785 2777/3278/2777
f 2785/3279/2785 2787/3307/2787 2789/3308/2789
f 2789/3308/2789 2791/3309/2791 2785/3279/2785
f 2791/3309/2791 2793/3310/2793 2785/3279/2785
f 2793/3310/2793 2795/3311/2795 2797/3312/2797
f 2797/3312/2797 2799/3313/2799 2802/3280/2802
f 2761/3296/2761 2765/3298/2765 2753/3292/2753
f 2765/3298/2765 2769/3300/2769 2753/3292/2753
f 2793/3310/2793 2797/3312/2797 2785/3279/2785
f 2797/3312/2797 2802/3280/2802 2785/3279/2785
f 2802/3280/2802 2745/3288/2745 2769/3300/2769
f 2745/3288/2745 2753/3292/2753 2769/3300/2769
f 2769/3300/2769 2777/3278/2777 2802/3280/2802
f 2810/3314/2810 2832/3315/2832 2833/3316/2833
f 2833/3316/2833 2827/3317/2827 2821/3318/2821
f 2821/3318/2821 2814/3319/2814 2804/3281/2804
f 2814/3319/2814 2834/3320/2834 2804/3281/2804
f 2834/3320/2834 2829/3321/2829 2804/3281/2804
f 2804/3281/2804 2817/3322/2817 2809/3323/2809
f 2809/3323/2809 2831/3324/2831 2826/3325/2826
f 2826/3325/2826 2820/3326/2820 2813/3327/2813
f 2813/3327/2813 2812/3328/2812 2826/3325/2826
f 2812/3328/2812 2805/3282/2805 2826/3325/2826
f 2805/3282/2805 2823/3329/2823 2816/3330/2816
f 2816/3330/2816 2808/3331/2808 2807/3332/2807
f 2807/3332/2807 2825/3333/2825 2806/3283/2806
f 2825/3333/2825 2819/3334/2819 2806/3283/2806
f 2819/3334/2819 2811/3335/2811 2806/3283/2806
f 2806/3283/2806 2828/3336/2828 2822/3337/2822
f 2822/3337/2822 2815/3338/2815 2800/3339/2800
f 2800/3339/2800 2830/3340/2830 2824/3341/2824
f 2824/3341/2824 2818/3342/2818 2800/3339/2800
f 2818/3342/2818 2810/3314/2810 2800/3339/2800
f 2810/3314/2810 2833/3316/2833 2804/3281/2804
f 2833/3316/2833 2821/3318/2821 2804/3281/2804
f 2804/3281/2804 2809/3323/2809 2826/3325/2826
f 2805/3282/2805 2816/3330/2816 2806/3283/2806
f 2816/3330/2816 2807/3332/2807 2806/3283/2806
f 2806/3283/2806 2822/3337/2822 2800/3339/2800
f 2804/3281/2804 2826/3325/2826 2805/3282/2805
f 2806/3283/2806 2800/3339/2800 2810/3314/2810
f 2810/3314/2810 2804/3281/2804 2806/3283/2806
f 2770/3244/2770 2768/3242/2768 2807/3242/2807
f 2786/3260/2786 2831/3260/2831 2809/3262/2809
f 2742/3216/2742 2832/3216/2832 2810/3218/2810
f 2760/3234/2760 2806/3234/2806 2811/3236/2811
f 2780/3254/2780 2778/3252/2778 2812/3252/2812
f 2796/3270/2796 2834/3270/2834 2814/3272/2814
f 2754/3228/2754 2752/3226/2752 2800/3226/2800
f 2772/3246/2772 2770/3244/2770 2808/3244/2808
f 2788/3262/2788 2809/3262/2809 2817/3264/2817
f 2744/3218/2744 2810/3218/2810 2818/3220/2818
f 2762/3236/2762 2811/3236/2811 2819/3238/2819
f 2780/3254/2780 2813/3254/2813 2820/3256/2820
f 2801/3274/2801 2798/3272/2798 2814/3272/2814
f 2754/3228/2754 2815/3228/2815 2822/3230/2822
f 2772/3246/2772 2816/3246/2816 2823/3248/2823
f 2790/3264/2790 2817/3264/2817 2804/3266/2804
f 2748/3222/2748 2746/3220/2746 2818/3220/2818
f 2764/3238/2764 2819/3238/2819 2825/3240/2825
f 2784/3258/2784 2782/3256/2782 2820/3256/2820
f 2801/3274/2801 2821/3274/2821 2827/3276/2827
f 2756/3230/2756 2822/3230/2822 2828/3232/2828
f 2774/3248/2774 2823/3248/2823 2805/3250/2805
f 2792/3266/2792 2804/3266/2804 2829/3268/2829
f 2750/3224/2750 2748/3222/2748 2824/3222/2824
f 2766/3240/2766 2825/3240/2825 2807/3242/2807
f 2786/3260/2786 2784/3258/2784 2826/3258/2826
f 2739/3213/2739 2833/3213/2833 2832/3216/2832
f 2739/3284/2739 2803/3276/2803 2827/3276/2827
f 2758/3232/2758 2828/3232/2828 2806/3234/2806
f 2776/3250/2776 2805/3250/2805 2812/3252/2812
f 2794/3268/2794 2829/3268/2829 2834/3270/2834
# Vertices: 96, normals: 96, texture coordinates: 130, faces: 188

o obj6
v -1.03536665 3.87176418 4.12757492
v -1.03536665 5.87176418 3.91367269
v -1.03536665 3.87176418 3.91367269
v -1.03536665 5.87176418 4.12757492
v 0.96463329 5.87176418 3.91367269
v 0.96463329 5.87176418 4.12757492
v 0.96463329 3.87176418 3.91367269
v 0.96463329 3.87176418 4.12757492
vn -0.57735 -0.57735 0.57735
vn -0.57735 0.57735 -0.57735
vn -0.57734 -0.57734 -0.57737
vn -0.57734 0.57734 0.57737
vn 0.57734 0.57734 -0.57737
vn 0.57735 0.57735 0.57735
vn 0.57735 -0.57735 -0.57735
vn 0.57734 -0.57734 0.57737
vt 0.625 0
vt 0.375 0.25
vt 0.375 0
vt 0.625 0.25
vt 0.375 0.5
vt 0.625 0.5
vt 0.375 0.75
vt 0.625 0.75
vt 0.375 1
vt 0.125 0.75
vt 0.125 0.5
vt 0.875 0.5
vt 0.625 1
vt 0.875 0.75
usemtl mat1
f 2835/3343/2835 2836/3344/2836 2837/3345/2837
f 2838/3346/2838 2839/3347/2839 2836/3344/2836
f 2840/3348/2840 2841/3349/2841 2839/3347/2839
f 2842/3350/2842 2837/3351/2837 2841/3349/2841
f 2839/3347/2839 2837/3352/2837 2836/3353/2836
f 2838/3354/2838 2842/3350/2842 2840/3348/2840
f 2835/3343/2835 2838/3346/2838 2836/3344/2836
f 2838/3346/2838 2840/3348/2840 2839/3347/2839
f 2840/3348/2840 2842/3350/2842 2841/3349/2841
f 2842/3350/2842 2835/3355/2835 2837/3351/2837
f 2839/3347/2839 2841/3349/2841 2837/3352/2837
f 2838/3354/2838 2835/3356/2835 2842/3350/2842
# Vertices: 8, normals: 8, texture coordinates: 14, faces: 12

o obj7
v -1.27820706 8.57830334 13.29046917
v -1.27820706 8.99874783 4.0484724
v -1.27820706 8.57830334 4.0484724
v -1.27820706 8.99874783 13.29046917
v -0.85776228 8.99874783 4.0484724
v -0.85776228 8.99874783 13.29046917
v -0.85776228 8.57830334 4.0484724
v -0.85776228 8.57830334 13.29046917
vn -0.57736 -0.57735 0.57735
vn -0.57736 0.57735 -0.57735
vn -0.57734 -0.57735 -0.57737
vn -0.57734 0.57735 0.57737
vn 0.57734 0.57735 -0.57737
vn 0.57736 0.57735 0.57735
vn 0.57736 -0.57735 -0.57735
vn 0.57734 -0.57735 0.57737
vt 0.625 0
vt 0.375 0.25
vt 0.375 0
vt 0.625 0.25
vt 0.375 0.5
vt 0.625 0.5
vt 0.375 0.75
vt 0.625 0.75
vt 0.375 1
vt 0.125 0.75
vt 0.125 0.5
vt 0.875 0.5
vt 0.625 1
vt 0.875 0.75
usemtl mat1
f 2843/3357/2843 2844/3358/2844 2845/3359/2845
f 2846/3360/2846 2847/3361/2847 2844/3358/2844
f 2848/3362/2848 2849/3363/2849 2847/3361/2847
f 2850/3364/2850 2845/3365/2845 2849/3363/2849
f 2847/3361/2847 2845/3366/2845 2844/3367/2844
f 2846/3368/2846 2850/3364/2850 2848/3362/2848
f 2843/3357/2843 2846/3360/2846 2844/3358/2844
f 2846/3360/2846 2848/3362/2848 2847/3361/2847
f 2848/3362/2848 2850/3364/2850 2849/3363/2849
f 2850/3364/2850 2843/3369/2843 2845/3365/2845
f 2847/3361/2847 2849/3363/2849 2845/3366/2845
f 2846/3368/2846 2843/3370/2843 2850/3364/2850
# Vertices: 8, normals: 8, texture coordinates: 14, faces: 12

o obj8
v 0.86263615 8.58044052 13.29046917
v 0.86263615 9.00088501 4.0484724
v 0.86263615 8.58044052 4.0484724
v 0.86263615 9.00088501 13.29046917
v 1.28308105 9.00088501 4.0484724
v 1.28308105 9.00088501 13.29046917
v 1.28308105 8.58044052 4.0484724
v 1.28308105 8.58044052 13.29046917
vn -0.57736 -0.57735 0.57735
vn -0.57736 0.57735 -0.57735
vn -0.57734 -0.57735 -0.57737
vn -0.57734 0.57735 0.57737
vn 0.57734 0.57735 -0.57737
vn 0.57736 0.57735 0.57735
vn 0.57736 -0.57735 -0.57735
vn 0.57734 -0.57735 0.57737
vt 0.625 0
vt 0.375 0.25
vt 0.375 0
vt 0.625 0.25
vt 0.375 0.5
vt 0.625 0.5
vt 0.375 0.75
vt 0.625 0.75
vt 0.375 1
vt 0.125 0.75
vt 0.125 0.5
vt 0.875 0.5
vt 0.625 1
vt 0.875 0.75
usemtl mat1
f 2851/3371/2851 2852/3372/2852 2853/3373/2853
f 2854/3374/2854 2855/3375/2855 2852/3372/2852
f 2856/3376/2856 2857/3377/2857 2855/3375/2855
f 2858/3378/2858 2853/3379/2853 2857/3377/2857
f 2855/3375/2855 2853/3380/2853 2852/3381/2852
f 2854/3382/2854 2858/3378/2858 2856/3376/2856
f 2851/3371/2851 2854/3374/2854 2852/3372/2852
f 2854/3374/2854 2856/3376/2856 2855/3375/2855
f 2856/3376/2856 2858/3378/2858 2857/3377/2857
f 2858/3378/2858 2851/3383/2851 2853/3379/2853
f 2855/3375/2855 2857/3377/2857 2853/3380/2853
f 2854/3382/2854 2851/3384/2851 2858/3378/2858
# Vertices: 8, normals: 8, texture coordinates: 14, faces: 12

o obj9
v 0.86263615 -9.00883961 13.29046917
v 0.86263615 -8.58839512 4.0484724
v 0.86263615 -9.00883961 4.0484724
v 0.86263615 -8.58839512 13.29046917
v 1.28308105 -8.58839512 4.0484724
v 1.28308105 -8.58839512 13.29046917
v 1.28308105 -9.00883961 4.0484724
v 1.28308105 -9.00883961 13.29046917
vn -0.57736 -0.57735 0.57735
vn -0.57736 0.57735 -0.57735
vn -0.57734 -0.57735 -0.57737
vn -0.57734 0.57735 0.57737
vn 0.57734 0.57735 -0.57737
vn 0.57736 0.57735 0.57735
vn 0.57736 -0.57735 -0.57735
vn 0.57734 -0.57735 0.57737
vt 0.625 0
vt 0.375 0.25
vt 0.375 0
vt 0.625 0.25
vt 0.375 0.5
vt 0.625 0.5
vt 0.375 0.75
vt 0.625 0.75
vt 0.375 1
vt 0.125 0.75
vt 0.125 0.5
vt 0.875 0.5
vt 0.625 1
vt 0.875 0.75
usemtl mat1
f 2859/3385/2859 2860/3386/2860 2861/3387/2861
f 2862/3388/2862 2863/3389/2863 2860/3386/2860
f 2864/3390/2864 2865/3391/2865 2863/3389/2863
f 2866/3392/2866 2861/3393/2861 2865/3391/2865
f 2863/3389/2863 2861/3394/2861 2860/3395/2860
f 2862/3396/2862 2866/3392/2866 2864/3390/2864
f 2859/3385/2859 2862/3388/2862 2860/3386/2860
f 2862/3388/2862 2864/3390/2864 2863/3389/2863
f 2864/3390/2864 2866/3392/2866 2865/3391/2865
f 2866/3392/2866 2859/3397/2859 2861/3393/2861
f 2863/3389/2863 2865/3391/2865 2861/3394/2861
f 2862/3396/2862 2859/3398/2859 2866/3392/2866
# Vertices: 8, normals: 8, texture coordinates: 14, faces: 12

o obj10
v -1.27820706 -9.01097679 13.29046917
v -1.27820706 -8.5905323 4.0484724
v -1.27820706 -9.01097679 4.0484724
v -1.27820706 -8.5905323 13.29046917
v -0.85776228 -8.5905323 4.0484724
v -0.85776228 -8.5905323 13.29046917
v -0.85776228 -9.01097679 4.0484724
v -0.85776228 -9.01097679 13.29046917
vn -0.57736 -0.57735 0.57735
vn -0.57736 0.57735 -0.57735
vn -0.57734 -0.57735 -0.57737
vn -0.57734 0.57735 0.57737
vn 0.57734 0.57735 -0.57737
vn 0.57736 0.57735 0.57735
vn 0.57736 -0.57735 -0.57735
vn 0.57734 -0.57735 0.57737
vt 0.625 0
vt 0.375 0.25
vt 0.375 0
vt 0.625 0.25
vt 0.375 0.5
vt 0.625 0.5
vt 0.375 0.75
vt 0.625 0.75
vt 0.375 1
vt 0.125 0.75
vt 0.125 0.5
vt 0.875 0.5
vt 0.625 1
vt 0.875 0.75
usemtl mat1
f 2867/3399/2867 2868/3400/2868 2869/3401/2869
f 2870/3402/2870 2871/3403/2871 2868/3400/2868
f 2872/3404/2872 2873/3405/2873 2871/3403/2871
f 2874/3406/2874 2869/3407/2869 2873/3405/2873
f 2871/3403/2871 2869/3408/2869 2868/3409/2868
f 2870/3410/2870 2874/3406/2874 2872/3404/2872
f 2867/3399/2867 2870/3402/2870 2868/3400/2868
f 2870/3402/2870 2872/3404/2872 2871/3403/2871
f 2872/3404/2872 2874/3406/2874 2873/3405/2873
f 2874/3406/2874 2867/3411/2867 2869/3407/2869
f 2871/3403/2871 2873/3405/2873 2869/3408/2869
f 2870/3410/2870 2867/3412/2867 2874/3406/2874
# Vertices: 8, normals: 8, texture coordinates: 14, faces: 12

o obj11
v -1.27820742 9.00525188 13.25207138
v -1.27820742 -9.0075388 13.67251492
v -1.27820742 9.00525188 13.67251587
v -0.85776263 -9.0075388 13.67251492
v -0.85776263 9.00525188 13.67251587
v -0.85776263 9.00525188 13.25207138
v -0.85776263 -9.0075388 13.25207043
v -1.27820742 -9.0075388 13.25207043
v 0.86263502 9.00944901 13.25206947
v 0.86263502 -9.0075388 13.67251396
v 0.86263502 9.00944901 13.67251396
v 1.28307986 -9.0075388 13.67251396
v 1.28307986 9.00944901 13.67251396
v 1.28307986 9.00944901 13.25206947
v 1.28307986 -9.0075388 13.25206852
v 0.86263502 -9.0075388 13.25206852
vn -0.57734 0.57737 -0.57734
vn -0.57735 -0.57735 0.57735
vn -0.57735 0.57735 0.57736
vn 0.57734 -0.57737 0.57734
vn 0.57734 0.57737 0.57734
vn 0.57735 0.57735 -0.57735
vn 0.57735 -0.57735 -0.57736
vn -0.57734 -0.57737 -0.57734
vn -0.57734 0.57737 -0.57734
vn -0.57736 -0.57735 0.57735
vn -0.57735 0.57735 0.57736
vn 0.57734 -0.57737 0.57734
vn 0.57734 0.57737 0.57734
vn 0.57736 0.57735 -0.57735
vn 0.57735 -0.57735 -0.57736
vn -0.57734 -0.57737 -0.57734
vt 0.375 0
vt 0.62315 0.25
vt 0.375 0.25
vt 0.62315 0.5
vt 0.375 0.5
vt 0.375 0.75
vt 0.62315 0.75
vt 0.375 1
vt 0.62315 1
vt 0.125 0.75
vt 0.125 0.5
vt 0.6232 0.25
vt 0.6232 0.5
vt 0.6232 0.75
vt 0.6232 1
vt 0.375 0.43482
vt 0.375 0.46398
vt 0.375 0.31552
vt 0.375 0.28636
vt 0.62315 0
vt 0.6232 0
usemtl mat1
f 2875/3413/2875 2876/3414/2876 2877/3415/2877
f 2877/3415/2877 2878/3416/2878 2879/3417/2879
f 2880/3418/2880 2878/3416/2878 2881/3419/2881
f 2875/3420/2875 2881/3419/2881 2882/3421/2882
f 2879/3417/2879 2875/3422/2875 2877/3423/2877
f 2883/3413/2883 2884/3424/2884 2885/3415/2885
f 2885/3415/2885 2886/3425/2886 2887/3417/2887
f 2888/3418/2888 2886/3425/2886 2889/3426/2889
f 2883/3420/2883 2889/3426/2889 2890/3427/2890
f 2887/3417/2887 2883/3422/2883 2885/3423/2885
f 2890/3428/2890 2886/3429/2886 2884/3428/2884
f 2878/3430/2878 2882/3431/2882 2881/3430/2881
f 2875/3413/2875 2882/3432/2882 2876/3414/2876
f 2877/3415/2877 2876/3414/2876 2878/3416/2878
f 2880/3418/2880 2879/3417/2879 2878/3416/2878
f 2875/3420/2875 2880/3418/2880 2881/3419/2881
f 2879/3417/2879 2880/3418/2880 2875/3422/2875
f 2883/3413/2883 2890/3433/2890 2884/3424/2884
f 2885/3415/2885 2884/3424/2884 2886/3425/2886
f 2888/3418/2888 2887/3417/2887 2886/3425/2886
f 2883/3420/2883 2888/3418/2888 2889/3426/2889
f 2887/3417/2887 2888/3418/2888 2883/3422/2883
f 2890/3428/2890 2889/3429/2889 2886/3429/2886
f 2878/3430/2878 2876/3431/2876 2882/3431/2882
# Vertices: 16, normals: 16, texture coordinates: 21, faces: 24

o obj12
v -1.27820742 9.00525188 7.02314472
v -1.27820742 -9.0075388 7.44358873
v -1.27820742 9.00525188 7.44358921
v -0.85776263 -9.0075388 7.44358873
v -0.85776263 9.00525188 7.44358921
v -0.85776263 9.00525188 7.02314472
v -0.85776263 -9.0075388 7.02314377
v -1.27820742 -9.0075388 7.02314377
v 0.86263502 9.00944901 7.02314329
v 0.86263502 -9.0075388 7.44358683
v 0.86263502 9.00944901 7.44358778
v 1.28307986 -9.0075388 7.44358683
v 1.28307986 9.00944901 7.44358778
v 1.28307986 9.00944901 7.02314329
v 1.28307986 -9.0075388 7.02314234
v 0.86263502 -9.0075388 7.02314234
vn -0.57734 0.57737 -0.57734
vn -0.57736 -0.57735 0.57735
vn -0.57735 0.57735 0.57736
vn 0.57734 -0.57737 0.57734
vn 0.57734 0.57737 0.57734
vn 0.57736 0.57735 -0.57735
vn 0.57735 -0.57735 -0.57736
vn -0.57734 -0.57737 -0.57734
vn -0.57734 0.57737 -0.57734
vn -0.57736 -0.57735 0.57735
vn -0.57735 0.57735 0.57736
vn 0.57734 -0.57737 0.57734
vn 0.57734 0.57737 0.57734
vn 0.57736 0.57735 -0.57735
vn 0.57735 -0.57735 -0.57736
vn -0.57734 -0.57737 -0.57734
vt 0.375 0
vt 0.62315 0.25
vt 0.375 0.25
vt 0.62315 0.5
vt 0.375 0.5
vt 0.375 0.75
vt 0.62315 0.75
vt 0.375 1
vt 0.62315 1
vt 0.125 0.75
vt 0.125 0.5
vt 0.6232 0.25
vt 0.6232 0.5
vt 0.6232 0.75
vt 0.6232 1
vt 0.375 0.43482
vt 0.375 0.46398
vt 0.375 0.31552
vt 0.375 0.28636
vt 0.62315 0
vt 0.6232 0
usemtl mat1
f 2891/3434/2891 2892/3435/2892 2893/3436/2893
f 2893/3436/2893 2894/3437/2894 2895/3438/2895
f 2896/3439/2896 2894/3437/2894 2897/3440/2897
f 2891/3441/2891 2897/3440/2897 2898/3442/2898
f 2895/3438/2895 2891/3443/2891 2893/3444/2893
f 2899/3434/2899 2900/3445/2900 2901/3436/2901
f 2901/3436/2901 2902/3446/2902 2903/3438/2903
f 2904/3439/2904 2902/3446/2902 2905/3447/2905
f 2899/3441/2899 2905/3447/2905 2906/3448/2906
f 2903/3438/2903 2899/3443/2899 2901/3444/2901
f 2906/3449/2906 2902/3450/2902 2900/3449/2900
f 2894/3451/2894 2898/3452/2898 2897/3451/2897
f 2891/3434/2891 2898/3453/2898 2892/3435/2892
f 2893/3436/2893 2892/3435/2892 2894/3437/2894
f 2896/3439/2896 2895/3438/2895 2894/3437/2894
f 2891/3441/2891 2896/3439/2896 2897/3440/2897
f 2895/3438/2895 2896/3439/2896 2891/3443/2891
f 2899/3434/2899 2906/3454/2906 2900/3445/2900
f 2901/3436/2901 2900/3445/2900 2902/3446/2902
f 2904/3439/2904 2903/3438/2903 2902/3446/2902
f 2899/3441/2899 2904/3439/2904 2905/3447/2905
f 2903/3438/2903 2904/3439/2904 2899/3443/2899
f 2906/3449/2906 2905/3450/2905 2902/3450/2902
f 2894/3451/2894 2892/3452/2892 2898/3452/2898
# Vertices: 16, normals: 16, texture coordinates: 21, faces: 24

o obj13
v -1.27820742 9.00525188 10.33621883
v -1.27820742 -9.0075388 10.75666237
v -1.27820742 9.00525188 10.75666332
v -0.85776263 -9.0075388 10.75666237
v -0.85776263 9.00525188 10.75666332
v -0.85776263 9.00525188 10.33621883
v -0.85776263 -9.0075388 10.33621788
v -1.27820742 -9.0075388 10.33621788
v 0.86263502 9.00944901 10.33621693
v 0.86263502 -9.0075388 10.75666142
v 0.86263502 9.00944901 10.75666142
v 1.28307986 -9.0075388 10.75666142
v 1.28307986 9.00944901 10.75666142
v 1.28307986 9.00944901 10.33621693
v 1.28307986 -9.0075388 10.33621597
v 0.86263502 -9.0075388 10.33621597
vn -0.57734 0.57737 -0.57734
vn -0.57735 -0.57735 0.57735
vn -0.57735 0.57735 0.57736
vn 0.57734 -0.57737 0.57734
vn 0.57734 0.57737 0.57734
vn 0.57735 0.57735 -0.57735
vn 0.57735 -0.57735 -0.57736
vn -0.57734 -0.57737 -0.57734
vn -0.57734 0.57737 -0.57734
vn -0.57736 -0.57735 0.57735
vn -0.57735 0.57735 0.57736
vn 0.57734 -0.57737 0.57734
vn 0.57734 0.57737 0.57734
vn 0.57736 0.57735 -0.57735
vn 0.57735 -0.57735 -0.57736
vn -0.57734 -0.57737 -0.57734
vt 0.375 0
vt 0.62315 0.25
vt 0.375 0.25
vt 0.62315 0.5
vt 0.375 0.5
vt 0.375 0.75
vt 0.62315 0.75
vt 0.375 1
vt 0.62315 1
vt 0.125 0.75
vt 0.125 0.5
vt 0.6232 0.25
vt 0.6232 0.5
vt 0.6232 0.75
vt 0.6232 1
vt 0.375 0.43482
vt 0.375 0.46398
vt 0.375 0.31552
vt 0.375 0.28636
vt 0.62315 0
vt 0.6232 0
usemtl mat1
f 2907/3455/2907 2908/3456/2908 2909/3457/2909
f 2909/3457/2909 2910/3458/2910 2911/3459/2911
f 2912/3460/2912 2910/3458/2910 2913/3461/2913
f 2907/3462/2907 2913/3461/2913 2914/3463/2914
f 2911/3459/2911 2907/3464/2907 2909/3465/2909
f 2915/3455/2915 2916/3466/2916 2917/3457/2917
f 2917/3457/2917 2918/3467/2918 2919/3459/2919
f 2920/3460/2920 2918/3467/2918 2921/3468/2921
f 2915/3462/2915 2921/3468/2921 2922/3469/2922
f 2919/3459/2919 2915/3464/2915 2917/3465/2917
f 2922/3470/2922 2918/3471/2918 2916/3470/2916
f 2910/3472/2910 2914/3473/2914 2913/3472/2913
f 2907/3455/2907 2914/3474/2914 2908/3456/2908
f 2909/3457/2909 2908/3456/2908 2910/3458/2910
f 2912/3460/2912 2911/3459/2911 2910/3458/2910
f 2907/3462/2907 2912/3460/2912 2913/3461/2913
f 2911/3459/2911 2912/3460/2912 2907/3464/2907
f 2915/3455/2915 2922/3475/2922 2916/3466/2916
f 2917/3457/2917 2916/3466/2916 2918/3467/2918
f 2920/3460/2920 2919/3459/2919 2918/3467/2918
f 2915/3462/2915 2920/3460/2920 2921/3468/2921
f 2919/3459/2919 2920/3460/2920 2915/3464/2915
f 2922/3470/2922 2921/3471/2921 2918/3471/2918
f 2910/3472/2910 2908/3473/2908 2914/3473/2914
# Vertices: 16, normals: 16, texture coordinates: 21, faces: 24

o obj14
v 2.01965141 8.58044052 4.46530914
v 0.86174923 9.00088501 4.46530914
v 0.86174923 8.58044052 4.46530914
v 2.01965141 9.00088501 4.46530914
v 0.86174923 9.00088501 4.04486465
v 2.01965141 9.00088501 4.04486465
v 0.86174923 8.58044052 4.04486465
v 2.01965141 8.58044052 4.04486465
vn 0.57736 -0.57736 0.57733
vn -0.57736 0.57736 0.57733
vn -0.57738 -0.57732 0.57735
vn 0.57738 0.57732 0.57735
vn -0.57738 0.57732 -0.57735
vn 0.57736 0.57736 -0.57733
vn -0.57736 -0.57736 -0.57733
vn 0.57738 -0.57732 -0.57735
vt 0.625 0
vt 0.375 0.25
vt 0.375 0
vt 0.625 0.25
vt 0.375 0.5
vt 0.625 0.5
vt 0.375 0.75
vt 0.625 0.75
vt 0.375 1
vt 0.125 0.75
vt 0.125 0.5
vt 0.875 0.5
vt 0.625 1
vt 0.875 0.75
usemtl mat1
f 2923/3476/2923 2924/3477/2924 2925/3478/2925
f 2926/3479/2926 2927/3480/2927 2924/3477/2924
f 2928/3481/2928 2929/3482/2929 2927/3480/2927
f 2930/3483/2930 2925/3484/2925 2929/3482/2929
f 2927/3480/2927 2925/3485/2925 2924/3486/2924
f 2926/3487/2926 2930/3483/2930 2928/3481/2928
f 2923/3476/2923 2926/3479/2926 2924/3477/2924
f 2926/3479/2926 2928/3481/2928 2927/3480/2927
f 2928/3481/2928 2930/3483/2930 2929/3482/2929
f 2930/3483/2930 2923/3488/2923 2925/3484/2925
f 2927/3480/2927 2929/3482/2929 2925/3485/2925
f 2926/3487/2926 2923/3489/2923 2930/3483/2930
# Vertices: 8, normals: 8, texture coordinates: 14, faces: 12

o obj15
v 2.01965141 -9.0077734 4.46530914
v 0.86174923 -8.58732891 4.46530914
v 0.86174923 -9.0077734 4.46530914
v 2.01965141 -8.58732891 4.46530914
v 0.86174923 -8.58732891 4.04486465
v 2.01965141 -8.58732891 4.04486465
v 0.86174923 -9.0077734 4.04486465
v 2.01965141 -9.0077734 4.04486465
vn 0.57736 -0.57736 0.57733
vn -0.57736 0.57736 0.57733
vn -0.57738 -0.57732 0.57735
vn 0.57738 0.57732 0.57735
vn -0.57738 0.57732 -0.57735
vn 0.57736 0.57736 -0.57733
vn -0.57736 -0.57736 -0.57733
vn 0.57738 -0.57732 -0.57735
vt 0.625 0
vt 0.375 0.25
vt 0.375 0
vt 0.625 0.25
vt 0.375 0.5
vt 0.625 0.5
vt 0.375 0.75
vt 0.625 0.75
vt 0.375 1
vt 0.125 0.75
vt 0.125 0.5
vt 0.875 0.5
vt 0.625 1
vt 0.875 0.75
usemtl mat1
f 2931/3490/2931 2932/3491/2932 2933/3492/2933
f 2934/3493/2934 2935/3494/2935 2932/3491/2932
f 2936/3495/2936 2937/3496/2937 2935/3494/2935
f 2938/3497/2938 2933/3498/2933 2937/3496/2937
f 2935/3494/2935 2933/3499/2933 2932/3500/2932
f 2934/3501/2934 2938/3497/2938 2936/3495/2936
f 2931/3490/2931 2934/3493/2934 2932/3491/2932
f 2934/3493/2934 2936/3495/2936 2935/3494/2935
f 2936/3495/2936 2938/3497/2938 2937/3496/2937
f 2938/3497/2938 2931/3502/2931 2933/3498/2933
f 2935/3494/2935 2937/3496/2937 2933/3499/2933
f 2934/3501/2934 2931/3503/2931 2938/3497/2938
# Vertices: 8, normals: 8, texture coordinates: 14, faces: 12

o obj16
v 1.28889251 8.58044052 7.43870974
v -1.24705434 9.00088501 7.43870974
v -1.24705434 8.58044052 7.43870974
v 1.28889251 9.00088501 7.43870974
v -1.24705434 9.00088501 7.02419424
v 1.28889251 9.00088501 7.02419424
v -1.24705434 8.58044052 7.02419424
v 1.28889251 8.58044052 7.02419424
vn 0.57735 -0.57735 0.57735
vn -0.57735 0.57735 0.57735
vn -0.57737 -0.57734 0.57734
vn 0.57737 0.57734 0.57734
vn -0.57737 0.57734 -0.57734
vn 0.57735 0.57735 -0.57735
vn -0.57735 -0.57735 -0.57735
vn 0.57737 -0.57734 -0.57734
vt 0.625 0
vt 0.375 0.25
vt 0.375 0
vt 0.625 0.25
vt 0.375 0.5
vt 0.625 0.5
vt 0.375 0.75
vt 0.625 0.75
vt 0.375 1
vt 0.125 0.75
vt 0.125 0.5
vt 0.875 0.5
vt 0.625 1
vt 0.875 0.75
usemtl mat1
f 2939/3504/2939 2940/3505/2940 2941/3506/2941
f 2942/3507/2942 2943/3508/2943 2940/3505/2940
f 2944/3509/2944 2945/3510/2945 2943/3508/2943
f 2946/3511/2946 2941/3512/2941 2945/3510/2945
f 2943/3508/2943 2941/3513/2941 2940/3514/2940
f 2942/3515/2942 2946/3511/2946 2944/3509/2944
f 2939/3504/2939 2942/3507/2942 2940/3505/2940
f 2942/3507/2942 2944/3509/2944 2943/3508/2943
f 2944/3509/2944 2946/3511/2946 2945/3510/2945
f 2946/3511/2946 2939/3516/2939 2941/3512/2941
f 2943/3508/2943 2945/3510/2945 2941/3513/2941
f 2942/3515/2942 2939/3517/2939 2946/3511/2946
# Vertices: 8, normals: 8, texture coordinates: 14, faces: 12

o obj17
v 1.28889251 8.58044052 10.75137901
v -1.24705434 9.00088501 10.75137901
v -1.24705434 8.58044052 10.75137901
v 1.28889251 9.00088501 10.75137901
v -1.24705434 9.00088501 10.33686447
v 1.28889251 9.00088501 10.33686447
v -1.24705434 8.58044052 10.33686447
v 1.28889251 8.58044052 10.33686447
vn 0.57735 -0.57735 0.57735
vn -0.57735 0.57735 0.57735
vn -0.57737 -0.57734 0.57734
vn 0.57737 0.57734 0.57734
vn -0.57737 0.57734 -0.57734
vn 0.57735 0.57735 -0.57735
vn -0.57735 -0.57735 -0.57735
vn 0.57737 -0.57734 -0.57734
vt 0.625 0
vt 0.375 0.25
vt 0.375 0
vt 0.625 0.25
vt 0.375 0.5
vt 0.625 0.5
vt 0.375 0.75
vt 0.625 0.75
vt 0.375 1
vt 0.125 0.75
vt 0.125 0.5
vt 0.875 0.5
vt 0.625 1
vt 0.875 0.75
usemtl mat1
f 2947/3518/2947 2948/3519/2948 2949/3520/2949
f 2950/3521/2950 2951/3522/2951 2948/3519/2948
f 2952/3523/2952 2953/3524/2953 2951/3522/2951
f 2954/3525/2954 2949/3526/2949 2953/3524/2953
f 2951/3522/2951 2949/3527/2949 2948/3528/2948
f 2950/3529/2950 2954/3525/2954 2952/3523/2952
f 2947/3518/2947 2950/3521/2950 2948/3519/2948
f 2950/3521/2950 2952/3523/2952 2951/3522/2951
f 2952/3523/2952 2954/3525/2954 2953/3524/2953
f 2954/3525/2954 2947/3530/2947 2949/3526/2949
f 2951/3522/2951 2953/3524/2953 2949/3527/2949
f 2950/3529/2950 2947/3531/2947 2954/3525/2954
# Vertices: 8, normals: 8, texture coordinates: 14, faces: 12

o obj18
v 1.28889251 8.58044052 13.66938686
v -1.24705434 9.00088501 13.66938686
v -1.24705434 8.58044052 13.66938686
v 1.28889251 9.00088501 13.66938686
v -1.24705434 9.00088501 13.25487232
v 1.28889251 9.00088501 13.25487232
v -1.24705434 8.58044052 13.25487232
v 1.28889251 8.58044052 13.25487232
vn 0.57735 -0.57735 0.57735
vn -0.57735 0.57735 0.57735
vn -0.57737 -0.57734 0.57734
vn 0.57737 0.57734 0.57734
vn -0.57737 0.57734 -0.57734
vn 0.57735 0.57735 -0.57735
vn -0.57735 -0.57735 -0.57735
vn 0.57737 -0.57734 -0.57734
vt 0.625 0
vt 0.375 0.25
vt 0.375 0
vt 0.625 0.25
vt 0.375 0.5
vt 0.625 0.5
vt 0.375 0.75
vt 0.625 0.75
vt 0.375 1
vt 0.125 0.75
vt 0.125 0.5
vt 0.875 0.5
vt 0.625 1
vt 0.875 0.75
usemtl mat1
f 2955/3532/2955 2956/3533/2956 2957/3534/2957
f 2958/3535/2958 2959/3536/2959 2956/3533/2956
f 2960/3537/2960 2961/3538/2961 2959/3536/2959
f 2962/3539/2962 2957/3540/2957 2961/3538/2961
f 2959/3536/2959 2957/3541/2957 2956/3542/2956
f 2958/3543/2958 2962/3539/2962 2960/3537/2960
f 2955/3532/2955 2958/3535/2958 2956/3533/2956
f 2958/3535/2958 2960/3537/2960 2959/3536/2959
f 2960/3537/2960 2962/3539/2962 2961/3538/2961
f 2962/3539/2962 2955/3544/2955 2957/3540/2957
f 2959/3536/2959 2961/3538/2961 2957/3541/2957
f 2958/3543/2958 2955/3545/2955 2962/3539/2962
# Vertices: 8, normals: 8, texture coordinates: 14, faces: 12

o obj19
v 1.28889251 -9.00739479 13.67458057
v -1.24705434 -8.5869503 13.67458057
v -1.24705434 -9.00739479 13.67458057
v 1.28889251 -8.5869503 13.67458057
v -1.24705434 -8.5869503 13.26006603
v 1.28889251 -8.5869503 13.26006603
v -1.24705434 -9.00739479 13.26006603
v 1.28889251 -9.00739479 13.26006603
vn 0.57735 -0.57735 0.57735
vn -0.57735 0.57735 0.57735
vn -0.57737 -0.57734 0.57734
vn 0.57737 0.57734 0.57734
vn -0.57737 0.57734 -0.57734
vn 0.57735 0.57735 -0.57735
vn -0.57735 -0.57735 -0.57735
vn 0.57737 -0.57734 -0.57734
vt 0.625 0
vt 0.375 0.25
vt 0.375 0
vt 0.625 0.25
vt 0.375 0.5
vt 0.625 0.5
vt 0.375 0.75
vt 0.625 0.75
vt 0.375 1
vt 0.125 0.75
vt 0.125 0.5
vt 0.875 0.5
vt 0.625 1
vt 0.875 0.75
usemtl mat1
f 2963/3546/2963 2964/3547/2964 2965/3548/2965
f 2966/3549/2966 2967/3550/2967 2964/3547/2964
f 2968/3551/2968 2969/3552/2969 2967/3550/2967
f 2970/3553/2970 2965/3554/2965 2969/3552/2969
f 2967/3550/2967 2965/3555/2965 2964/3556/2964
f 2966/3557/2966 2970/3553/2970 2968/3551/2968
f 2963/3546/2963 2966/3549/2966 2964/3547/2964
f 2966/3549/2966 2968/3551/2968 2967/3550/2967
f 2968/3551/2968 2970/3553/2970 2969/3552/2969
f 2970/3553/2970 2963/3558/2963 2965/3554/2965
f 2967/3550/2967 2969/3552/2969 2965/3555/2965
f 2966/3557/2966 2963/3559/2963 2970/3553/2970
# Vertices: 8, normals: 8, texture coordinates: 14, faces: 12

o obj20
v 1.28889251 -9.00739479 10.75439453
v -1.24705434 -8.5869503 10.75439453
v -1.24705434 -9.00739479 10.75439453
v 1.28889251 -8.5869503 10.75439453
v -1.24705434 -8.5869503 10.33987999
v 1.28889251 -8.5869503 10.33987999
v -1.24705434 -9.00739479 10.33987999
v 1.28889251 -9.00739479 10.33987999
vn 0.57735 -0.57735 0.57735
vn -0.57735 0.57735 0.57735
vn -0.57737 -0.57734 0.57734
vn 0.57737 0.57734 0.57734
vn -0.57737 0.57734 -0.57734
vn 0.57735 0.57735 -0.57735
vn -0.57735 -0.57735 -0.57735
vn 0.57737 -0.57734 -0.57734
vt 0.625 0
vt 0.375 0.25
vt 0.375 0
vt 0.625 0.25
vt 0.375 0.5
vt 0.625 0.5
vt 0.375 0.75
vt 0.625 0.75
vt 0.375 1
vt 0.125 0.75
vt 0.125 0.5
vt 0.875 0.5
vt 0.625 1
vt 0.875 0.75
usemtl mat1
f 2971/3560/2971 2972/3561/2972 2973/3562/2973
f 2974/3563/2974 2975/3564/2975 2972/3561/2972
f 2976/3565/2976 2977/3566/2977 2975/3564/2975
f 2978/3567/2978 2973/3568/2973 2977/3566/2977
f 2975/3564/2975 2973/3569/2973 2972/3570/2972
f 2974/3571/2974 2978/3567/2978 2976/3565/2976
f 2971/3560/2971 2974/3563/2974 2972/3561/2972
f 2974/3563/2974 2976/3565/2976 2975/3564/2975
f 2976/3565/2976 2978/3567/2978 2977/3566/2977
f 2978/3567/2978 2971/3572/2971 2973/3568/2973
f 2975/3564/2975 2977/3566/2977 2973/3569/2973
f 2974/3571/2974 2971/3573/2971 2978/3567/2978
# Vertices: 8, normals: 8, texture coordinates: 14, faces: 12

o obj21
v 1.28889251 -9.00739479 7.43454027
v -1.24705434 -8.5869503 7.43454027
v -1.24705434 -9.00739479 7.43454027
v 1.28889251 -8.5869503 7.43454027
v -1.24705434 -8.5869503 7.02002478
v 1.28889251 -8.5869503 7.02002478
v -1.24705434 -9.00739479 7.02002478
v 1.28889251 -9.00739479 7.02002478
vn 0.57735 -0.57735 0.57735
vn -0.57735 0.57735 0.57735
vn -0.57737 -0.57734 0.57734
vn 0.57737 0.57734 0.57734
vn -0.57737 0.57734 -0.57734
vn 0.57735 0.57735 -0.57735
vn -0.57735 -0.57735 -0.57735
vn 0.57737 -0.57734 -0.57734
vt 0.625 0
vt 0.375 0.25
vt 0.375 0
vt 0.625 0.25
vt 0.375 0.5
vt 0.625 0.5
vt 0.375 0.75
vt 0.625 0.75
vt 0.375 1
vt 0.125 0.75
vt 0.125 0.5
vt 0.875 0.5
vt 0.625 1
vt 0.875 0.75
usemtl mat1
f 2979/3574/2979 2980/3575/2980 2981/3576/2981
f 2982/3577/2982 2983/3578/2983 2980/3575/2980
f 2984/3579/2984 2985/3580/2985 2983/3578/2983
f 2986/3581/2986 2981/3582/2981 2985/3580/2985
f 2983/3578/2983 2981/3583/2981 2980/3584/2980
f 2982/3585/2982 2986/3581/2986 2984/3579/2984
f 2979/3574/2979 2982/3577/2982 2980/3575/2980
f 2982/3577/2982 2984/3579/2984 2983/3578/2983
f 2984/3579/2984 2986/3581/2986 2985/3580/2985
f 2986/3581/2986 2979/3586/2979 2981/3582/2981
f 2983/3578/2983 2985/3580/2985 2981/3583/2981
f 2982/3585/2982 2979/3587/2979 2986/3581/2986
# Vertices: 8, normals: 8, texture coordinates: 14, faces: 12

o obj22
v -0.57156295 5.86889458 4.06102896
v -0.57156295 6.03526688 -1.93374538
v -0.57156295 5.86889458 -1.93374538
v -0.57156295 6.03526688 4.06102896
v -0.40519109 6.03526688 -1.93374538
v -0.40519109 6.03526688 4.06102896
v -0.40519109 5.86889458 -1.93374538
v -0.40519109 5.86889458 4.06102896
vn -0.57736 -0.57735 0.57735
vn -0.57736 0.57735 -0.57735
vn -0.57734 -0.57734 -0.57737
vn -0.57734 0.57734 0.57737
vn 0.57734 0.57734 -0.57737
vn 0.57736 0.57735 0.57735
vn 0.57736 -0.57735 -0.57735
vn 0.57734 -0.57734 0.57737
vt 0.625 0
vt 0.375 0.25
vt 0.375 0
vt 0.625 0.25
vt 0.375 0.5
vt 0.625 0.5
vt 0.375 0.75
vt 0.625 0.75
vt 0.375 1
vt 0.125 0.75
vt 0.125 0.5
vt 0.875 0.5
vt 0.625 1
vt 0.875 0.75
usemtl mat1
f 2987/3588/2987 2988/3589/2988 2989/3590/2989
f 2990/3591/2990 2991/3592/2991 2988/3589/2988
f 2992/3593/2992 2993/3594/2993 2991/3592/2991
f 2994/3595/2994 2989/3596/2989 2993/3594/2993
f 2991/3592/2991 2989/3597/2989 2988/3598/2988
f 2990/3599/2990 2994/3595/2994 2992/3593/2992
f 2987/3588/2987 2990/3591/2990 2988/3589/2988
f 2990/3591/2990 2992/3593/2992 2991/3592/2991
f 2992/3593/2992 2994/3595/2994 2993/3594/2993
f 2994/3595/2994 2987/3600/2987 2989/3596/2989
f 2991/3592/2991 2993/3594/2993 2989/3597/2989
f 2990/3599/2990 2987/3601/2987 2994/3595/2994
# Vertices: 8, normals: 8, texture coordinates: 14, faces: 12

o obj23
v 0.4120321 5.87615108 4.06102896
v 0.4120321 6.04252338 -1.93374538
v 0.4120321 5.87615108 -1.93374538
v 0.4120321 6.04252338 4.06102896
v 0.57840395 6.04252338 -1.93374538
v 0.57840395 6.04252338 4.06102896
v 0.57840395 5.87615108 -1.93374538
v 0.57840395 5.87615108 4.06102896
vn -0.57736 -0.57735 0.57735
vn -0.57736 0.57735 -0.57735
vn -0.57734 -0.57734 -0.57737
vn -0.57734 0.57734 0.57737
vn 0.57734 0.57734 -0.57737
vn 0.57736 0.57735 0.57735
vn 0.57736 -0.57735 -0.57735
vn 0.57734 -0.57734 0.57737
vt 0.625 0
vt 0.375 0.25
vt 0.375 0
vt 0.625 0.25
vt 0.375 0.5
vt 0.625 0.5
vt 0.375 0.75
vt 0.625 0.75
vt 0.375 1
vt 0.125 0.75
vt 0.125 0.5
vt 0.875 0.5
vt 0.625 1
vt 0.875 0.75
usemtl mat1
f 2995/3602/2995 2996/3603/2996 2997/3604/2997
f 2998/3605/2998 2999/3606/2999 2996/3603/2996
f 3000/3607/3000 3001/3608/3001 2999/3606/2999
f 3002/3609/3002 2997/3610/2997 3001/3608/3001
f 2999/3606/2999 2997/3611/2997 2996/3612/2996
f 2998/3613/2998 3002/3609/3002 3000/3607/3000
f 2995/3602/2995 2998/3605/2998 2996/3603/2996
f 2998/3605/2998 3000/3607/3000 2999/3606/2999
f 3000/3607/3000 3002/3609/3002 3001/3608/3001
f 3002/3609/3002 2995/3614/2995 2997/3610/2997
f 2999/3606/2999 3001/3608/3001 2997/3611/2997
f 2998/3613/2998 2995/3615/2995 3002/3609/3002
# Vertices: 8, normals: 8, texture coordinates: 14, faces: 12

o obj24
v 0.5677222 5.86889458 0.96715105
v -0.56019437 6.03526688 0.96715111
v -0.56019437 5.86889458 0.96715111
v 0.5677222 6.03526688 0.96715105
v -0.56019437 6.03526688 0.80077922
v 0.5677222 6.03526688 0.80077916
v -0.56019437 5.86889458 0.80077922
v 0.5677222 5.86889458 0.80077916
vn 0.57735 -0.57735 0.57735
vn -0.57735 0.57735 0.57735
vn -0.57737 -0.57734 0.57734
vn 0.57737 0.57734 0.57734
vn -0.57737 0.57734 -0.57734
vn 0.57735 0.57735 -0.57735
vn -0.57735 -0.57735 -0.57735
vn 0.57737 -0.57734 -0.57734
vt 0.625 0
vt 0.375 0.25
vt 0.375 0
vt 0.625 0.25
vt 0.375 0.5
vt 0.625 0.5
vt 0.375 0.75
vt 0.625 0.75
vt 0.375 1
vt 0.125 0.75
vt 0.125 0.5
vt 0.875 0.5
vt 0.625 1
vt 0.875 0.75
usemtl mat1
f 3003/3616/3003 3004/3617/3004 3005/3618/3005
f 3006/3619/3006 3007/3620/3007 3004/3617/3004
f 3008/3621/3008 3009/3622/3009 3007/3620/3007
f 3010/3623/3010 3005/3624/3005 3009/3622/3009
f 3007/3620/3007 3005/3625/3005 3004/3626/3004
f 3006/3627/3006 3010/3623/3010 3008/3621/3008
f 3003/3616/3003 3006/3619/3006 3004/3617/3004
f 3006/3619/3006 3008/3621/3008 3007/3620/3007
f 3008/3621/3008 3010/3623/3010 3009/3622/3009
f 3010/3623/3010 3003/3628/3003 3005/3624/3005
f 3007/3620/3007 3009/3622/3009 3005/3625/3005
f 3006/3627/3006 3003/3629/3003 3010/3623/3010
# Vertices: 8, normals: 8, texture coordinates: 14, faces: 12

o obj25
v 0.41047063 4.65227365 -0.34801444
v 0.41047063 5.98463678 -0.1816425
v 0.41047063 5.98463678 -0.34801438
v 0.41047063 4.65227365 -0.18164256
v 0.57684249 5.98463678 -0.1816425
v 0.57684249 4.65227365 -0.18164256
v 0.57684249 5.98463678 -0.34801438
v 0.57684249 4.65227365 -0.34801444
vn -0.57735 -0.57735 -0.57735
vn -0.57735 0.57735 0.57735
vn -0.57734 0.57737 -0.57734
vn -0.57734 -0.57737 0.57734
vn 0.57734 0.57737 0.57734
vn 0.57735 -0.57735 0.57735
vn 0.57735 0.57735 -0.57735
vn 0.57734 -0.57737 -0.57734
vt 0.625 0
vt 0.375 0.25
vt 0.375 0
vt 0.625 0.25
vt 0.375 0.5
vt 0.625 0.5
vt 0.375 0.75
vt 0.625 0.75
vt 0.375 1
vt 0.125 0.75
vt 0.125 0.5
vt 0.875 0.5
vt 0.625 1
vt 0.875 0.75
usemtl mat1
f 3011/3630/3011 3012/3631/3012 3013/3632/3013
f 3014/3633/3014 3015/3634/3015 3012/3631/3012
f 3016/3635/3016 3017/3636/3017 3015/3634/3015
f 3018/3637/3018 3013/3638/3013 3017/3636/3017
f 3015/3634/3015 3013/3639/3013 3012/3640/3012
f 3014/3641/3014 3018/3637/3018 3016/3635/3016
f 3011/3630/3011 3014/3633/3014 3012/3631/3012
f 3014/3633/3014 3016/3635/3016 3015/3634/3015
f 3016/3635/3016 3018/3637/3018 3017/3636/3017
f 3018/3637/3018 3011/3642/3011 3013/3638/3013
f 3015/3634/3015 3017/3636/3017 3013/3639/3013
f 3014/3641/3014 3011/3643/3011 3018/3637/3018
# Vertices: 8, normals: 8, texture coordinates: 14, faces: 12

o obj26
v -0.57067549 4.65227365 -0.34801444
v -0.57067549 5.98463678 -0.1816425
v -0.57067549 5.98463678 -0.34801438
v -0.57067549 4.65227365 -0.18164256
v -0.40430364 5.98463678 -0.1816425
v -0.40430364 4.65227365 -0.18164256
v -0.40430364 5.98463678 -0.34801438
v -0.40430364 4.65227365 -0.34801444
vn -0.57735 -0.57735 -0.57735
vn -0.57735 0.57735 0.57735
vn -0.57734 0.57737 -0.57734
vn -0.57734 -0.57737 0.57734
vn 0.57734 0.57737 0.57734
vn 0.57735 -0.57735 0.57735
vn 0.57735 0.57735 -0.57735
vn 0.57734 -0.57737 -0.57734
vt 0.625 0
vt 0.375 0.25
vt 0.375 0
vt 0.625 0.25
vt 0.375 0.5
vt 0.625 0.5
vt 0.375 0.75
vt 0.625 0.75
vt 0.375 1
vt 0.125 0.75
vt 0.125 0.5
vt 0.875 0.5
vt 0.625 1
vt 0.875 0.75
usemtl mat1
f 3019/3644/3019 3020/3645/3020 3021/3646/3021
f 3022/3647/3022 3023/3648/3023 3020/3645/3020
f 3024/3649/3024 3025/3650/3025 3023/3648/3023
f 3026/3651/3026 3021/3652/3021 3025/3650/3025
f 3023/3648/3023 3021/3653/3021 3020/3654/3020
f 3022/3655/3022 3026/3651/3026 3024/3649/3024
f 3019/3644/3019 3022/3647/3022 3020/3645/3020
f 3022/3647/3022 3024/3649/3024 3023/3648/3023
f 3024/3649/3024 3026/3651/3026 3025/3650/3025
f 3026/3651/3026 3019/3656/3019 3021/3652/3021
f 3023/3648/3023 3025/3650/3025 3021/3653/3021
f 3022/3655/3022 3019/3657/3019 3026/3651/3026
# Vertices: 8, normals: 8, texture coordinates: 14, faces: 12

o obj27
v 0.5677222 5.86889458 2.07799053
v -0.56019437 6.03526688 2.07799077
v -0.56019437 5.86889458 2.07799077
v 0.5677222 6.03526688 2.07799053
v -0.56019437 6.03526688 1.91161883
v 0.5677222 6.03526688 1.91161883
v -0.56019437 5.86889458 1.91161883
v 0.5677222 5.86889458 1.91161883
vn 0.57735 -0.57735 0.57735
vn -0.57735 0.57735 0.57735
vn -0.57737 -0.57734 0.57734
vn 0.57737 0.57734 0.57734
vn -0.57737 0.57734 -0.57734
vn 0.57735 0.57735 -0.57735
vn -0.57735 -0.57735 -0.57735
vn 0.57737 -0.57734 -0.57734
vt 0.625 0
vt 0.375 0.25
vt 0.375 0
vt 0.625 0.25
vt 0.375 0.5
vt 0.625 0.5
vt 0.375 0.75
vt 0.625 0.75
vt 0.375 1
vt 0.125 0.75
vt 0.125 0.5
vt 0.875 0.5
vt 0.625 1
vt 0.875 0.75
usemtl mat1
f 3027/3658/3027 3028/3659/3028 3029/3660/3029
f 3030/3661/3030 3031/3662/3031 3028/3659/3028
f 3032/3663/3032 3033/3664/3033 3031/3662/3031
f 3034/3665/3034 3029/3666/3029 3033/3664/3033
f 3031/3662/3031 3029/3667/3029 3028/3668/3028
f 3030/3669/3030 3034/3665/3034 3032/3663/3032
f 3027/3658/3027 3030/3661/3030 3028/3659/3028
f 3030/3661/3030 3032/3663/3032 3031/3662/3031
f 3032/3663/3032 3034/3665/3034 3033/3664/3033
f 3034/3665/3034 3027/3670/3027 3029/3666/3029
f 3031/3662/3031 3033/3664/3033 3029/3667/3029
f 3030/3669/3030 3027/3671/3027 3034/3665/3034
# Vertices: 8, normals: 8, texture coordinates: 14, faces: 12

o obj28
v 0.5677222 5.86889458 3.16106868
v -0.56019437 6.03526688 3.16106868
v -0.56019437 5.86889458 3.16106868
v 0.5677222 6.03526688 3.16106868
v -0.56019437 6.03526688 2.99469686
v 0.5677222 6.03526688 2.99469686
v -0.56019437 5.86889458 2.99469686
v 0.5677222 5.86889458 2.99469686
vn 0.57735 -0.57735 0.57735
vn -0.57735 0.57735 0.57735
vn -0.57737 -0.57734 0.57734
vn 0.57737 0.57734 0.57734
vn -0.57737 0.57734 -0.57734
vn 0.57735 0.57735 -0.57735
vn -0.57735 -0.57735 -0.57735
vn 0.57737 -0.57734 -0.57734
vt 0.625 0
vt 0.375 0.25
vt 0.375 0
vt 0.625 0.25
vt 0.375 0.5
vt 0.625 0.5
vt 0.375 0.75
vt 0.625 0.75
vt 0.375 1
vt 0.125 0.75
vt 0.125 0.5
vt 0.875 0.5
vt 0.625 1
vt 0.875 0.75
usemtl mat1
f 3035/3672/3035 3036/3673/3036 3037/3674/3037
f 3038/3675/3038 3039/3676/3039 3036/3673/3036
f 3040/3677/3040 3041/3678/3041 3039/3676/3039
f 3042/3679/3042 3037/3680/3037 3041/3678/3041
f 3039/3676/3039 3037/3681/3037 3036/3682/3036
f 3038/3683/3038 3042/3679/3042 3040/3677/3040
f 3035/3672/3035 3038/3675/3038 3036/3673/3036
f 3038/3675/3038 3040/3677/3040 3039/3676/3039
f 3040/3677/3040 3042/3679/3042 3041/3678/3041
f 3042/3679/3042 3035/3684/3035 3037/3680/3037
f 3039/3676/3039 3041/3678/3041 3037/3681/3037
f 3038/3683/3038 3035/3685/3035 3042/3679/3042
# Vertices: 8, normals: 8, texture coordinates: 14, faces: 12

o obj29
v 0.5677222 5.86889458 -0.16816449
v -0.56019437 6.03526688 -0.16816445
v -0.56019437 5.86889458 -0.16816445
v 0.5677222 6.03526688 -0.16816449
v -0.56019437 6.03526688 -0.33453631
v 0.5677222 6.03526688 -0.33453637
v -0.56019437 5.86889458 -0.33453631
v 0.5677222 5.86889458 -0.33453637
vn 0.57735 -0.57735 0.57735
vn -0.57735 0.57735 0.57735
vn -0.57737 -0.57734 0.57734
vn 0.57737 0.57734 0.57734
vn -0.57737 0.57734 -0.57734
vn 0.57735 0.57735 -0.57735
vn -0.57735 -0.57735 -0.57735
vn 0.57737 -0.57734 -0.57734
vt 0.625 0
vt 0.375 0.25
vt 0.375 0
vt 0.625 0.25
vt 0.375 0.5
vt 0.625 0.5
vt 0.375 0.75
vt 0.625 0.75
vt 0.375 1
vt 0.125 0.75
vt 0.125 0.5
vt 0.875 0.5
vt 0.625 1
vt 0.875 0.75
usemtl mat1
f 3043/3686/3043 3044/3687/3044 3045/3688/3045
f 3046/3689/3046 3047/3690/3047 3044/3687/3044
f 3048/3691/3048 3049/3692/3049 3047/3690/3047
f 3050/3693/3050 3045/3694/3045 3049/3692/3049
f 3047/3690/3047 3045/3695/3045 3044/3696/3044
f 3046/3697/3046 3050/3693/3050 3048/3691/3048
f 3043/3686/3043 3046/3689/3046 3044/3687/3044
f 3046/3689/3046 3048/3691/3048 3047/3690/3047
f 3048/3691/3048 3050/3693/3050 3049/3692/3049
f 3050/3693/3050 3043/3698/3043 3045/3694/3045
f 3047/3690/3047 3049/3692/3049 3045/3695/3045
f 3046/3697/3046 3043/3699/3043 3050/3693/3050
# Vertices: 8, normals: 8, texture coordinates: 14, faces: 12

o obj30
v 0.5677222 5.86889458 -1.16193962
v -0.56019437 6.03526688 -1.16193962
v -0.56019437 5.86889458 -1.16193962
v 0.5677222 6.03526688 -1.16193962
v -0.56019437 6.03526688 -1.32831144
v 0.5677222 6.03526688 -1.32831144
v -0.56019437 5.86889458 -1.32831144
v 0.5677222 5.86889458 -1.32831144
vn 0.57735 -0.57735 0.57735
vn -0.57735 0.57735 0.57735
vn -0.57737 -0.57734 0.57734
vn 0.57737 0.57734 0.57734
vn -0.57737 0.57734 -0.57734
vn 0.57735 0.57735 -0.57735
vn -0.57735 -0.57735 -0.57735
vn 0.57737 -0.57734 -0.57734
vt 0.625 0
vt 0.375 0.25
vt 0.375 0
vt 0.625 0.25
vt 0.375 0.5
vt 0.625 0.5
vt 0.375 0.75
vt 0.625 0.75
vt 0.375 1
vt 0.125 0.75
vt 0.125 0.5
vt 0.875 0.5
vt 0.625 1
vt 0.875 0.75
usemtl mat1
f 3051/3700/3051 3052/3701/3052 3053/3702/3053
f 3054/3703/3054 3055/3704/3055 3052/3701/3052
f 3056/3705/3056 3057/3706/3057 3055/3704/3055
f 3058/3707/3058 3053/3708/3053 3057/3706/3057
f 3055/3704/3055 3053/3709/3053 3052/3710/3052
f 3054/3711/3054 3058/3707/3058 3056/3705/3056
f 3051/3700/3051 3054/3703/3054 3052/3701/3052
f 3054/3703/3054 3056/3705/3056 3055/3704/3055
f 3056/3705/3056 3058/3707/3058 3057/3706/3057
f 3058/3707/3058 3051/3712/3051 3053/3708/3053
f 3055/3704/3055 3057/3706/3057 3053/3709/3053
f 3054/3711/3054 3051/3713/3051 3058/3707/3058
# Vertices: 8, normals: 8, texture coordinates: 14, faces: 12

o obj31
v -0.57067549 4.65227365 1.91645658
v -0.57067549 5.98463678 2.08282852
v -0.57067549 5.98463678 1.91645658
v -0.57067549 4.65227365 2.08282828
v -0.40430364 5.98463678 2.08282852
v -0.40430364 4.65227365 2.08282828
v -0.40430364 5.98463678 1.91645658
v -0.40430364 4.65227365 1.91645658
vn -0.57735 -0.57735 -0.57735
vn -0.57735 0.57735 0.57735
vn -0.57734 0.57737 -0.57734
vn -0.57734 -0.57737 0.57734
vn 0.57734 0.57737 0.57734
vn 0.57735 -0.57735 0.57735
vn 0.57735 0.57735 -0.57735
vn 0.57734 -0.57737 -0.57734
vt 0.625 0
vt 0.375 0.25
vt 0.375 0
vt 0.625 0.25
vt 0.375 0.5
vt 0.625 0.5
vt 0.375 0.75
vt 0.625 0.75
vt 0.375 1
vt 0.125 0.75
vt 0.125 0.5
vt 0.875 0.5
vt 0.625 1
vt 0.875 0.75
usemtl mat1
f 3059/3714/3059 3060/3715/3060 3061/3716/3061
f 3062/3717/3062 3063/3718/3063 3060/3715/3060
f 3064/3719/3064 3065/3720/3065 3063/3718/3063
f 3066/3721/3066 3061/3722/3061 3065/3720/3065
f 3063/3718/3063 3061/3723/3061 3060/3724/3060
f 3062/3725/3062 3066/3721/3066 3064/3719/3064
f 3059/3714/3059 3062/3717/3062 3060/3715/3060
f 3062/3717/3062 3064/3719/3064 3063/3718/3063
f 3064/3719/3064 3066/3721/3066 3065/3720/3065
f 3066/3721/3066 3059/3726/3059 3061/3722/3061
f 3063/3718/3063 3065/3720/3065 3061/3723/3061
f 3062/3725/3062 3059/3727/3059 3066/3721/3066
# Vertices: 8, normals: 8, texture coordinates: 14, faces: 12

o obj32
v 0.41047063 4.65227365 1.91645658
v 0.41047063 5.98463678 2.08282852
v 0.41047063 5.98463678 1.91645658
v 0.41047063 4.65227365 2.08282828
v 0.57684249 5.98463678 2.08282852
v 0.57684249 4.65227365 2.08282828
v 0.57684249 5.98463678 1.91645658
v 0.57684249 4.65227365 1.91645658
vn -0.57735 -0.57735 -0.57735
vn -0.57735 0.57735 0.57735
vn -0.57734 0.57737 -0.57734
vn -0.57734 -0.57737 0.57734
vn 0.57734 0.57737 0.57734
vn 0.57735 -0.57735 0.57735
vn 0.57735 0.57735 -0.57735
vn 0.57734 -0.57737 -0.57734
vt 0.625 0
vt 0.375 0.25
vt 0.375 0
vt 0.625 0.25
vt 0.375 0.5
vt 0.625 0.5
vt 0.375 0.75
vt 0.625 0.75
vt 0.375 1
vt 0.125 0.75
vt 0.125 0.5
vt 0.875 0.5
vt 0.625 1
vt 0.875 0.75
usemtl mat1
f 3067/3728/3067 3068/3729/3068 3069/3730/3069
f 3070/3731/3070 3071/3732/3071 3068/3729/3068
f 3072/3733/3072 3073/3734/3073 3071/3732/3071
f 3074/3735/3074 3069/3736/3069 3073/3734/3073
f 3071/3732/3071 3069/3737/3069 3068/3738/3068
f 3070/3739/3070 3074/3735/3074 3072/3733/3072
f 3067/3728/3067 3070/3731/3070 3068/3729/3068
f 3070/3731/3070 3072/3733/3072 3071/3732/3071
f 3072/3733/3072 3074/3735/3074 3073/3734/3073
f 3074/3735/3074 3067/3740/3067 3069/3736/3069
f 3071/3732/3071 3073/3734/3073 3069/3737/3069
f 3070/3739/3070 3067/3741/3067 3074/3735/3074
# Vertices: 8, normals: 8, texture coordinates: 14, faces: 12

o obj33
v 0.0242672 -3.90883088 3.85970855
v 0.15314198 -4.12377834 3.86600018
v 0.15337133 -4.12355566 3.87116718
v 0.15542126 -4.12156105 3.87548161
v 0.15874243 -4.11832905 3.87778735
v 0.02677774 -3.90759325 3.86406279
v 0.16244555 -4.11472607 3.87746763
v 0.03106356 -3.90594363 3.8664515
v 0.16553736 -4.11171722 3.8746078
v 0.03597546 -3.90432405 3.86623573
v 0.16719055 -4.11010885 3.86997294
v 0.04019737 -3.90316868 3.86347175
v 0.16696072 -4.11033201 3.86480641
v 0.04259825 -3.90278745 3.85890174
v 0.04002285 -3.9045198 3.84939528
v 0.16491079 -4.11232662 3.86049247
v 0.03573751 -3.90616941 3.8470068
v 0.16158962 -4.11555862 3.85818648
v 0.03082514 -3.90778875 3.84722281
v 0.15788651 -4.11916113 3.85850596
v 0.0266037 -3.90894413 3.84998631
v 0.15479469 -4.12217045 3.86136651
v 0.02420282 -3.9093256 3.85455632
v -0.00345325 -3.67543793 3.83105755
v -0.00084305 -3.67488909 3.83549356
v 0.00365162 -3.67468166 3.83805394
v 0.00882435 -3.67487121 3.83805323
v 0.01328993 -3.67540669 3.83549118
v 0.04253387 -3.90328169 3.85374928
v 0.01585197 -3.67614484 3.83105445
v 0.01321363 -3.67743635 3.82149529
v 0.00871944 -3.67764378 3.81893492
v 0.00354671 -3.67745423 3.81893563
v -0.00091934 -3.67691875 3.82149768
v -0.00348139 -3.67618084 3.82593441
v 0.03570223 -3.45107412 3.79399061
v 0.03824949 -3.45094824 3.79849458
v 0.04261112 -3.45162773 3.80119896
v 0.04761744 -3.45293045 3.80137777
v 0.05192757 -3.45450735 3.79898429
v 0.01582432 -3.67688751 3.82593155
v 0.05438709 -3.45593548 3.79465938
v 0.05178785 -3.45695877 3.78505707
v 0.04742718 -3.4562788 3.78235269
v 0.04242039 -3.45497632 3.78217363
v 0.03811026 -3.45339942 3.78456712
v 0.03565073 -3.45197129 3.78889275
v 0.11260414 -3.23342991 3.75233245
v 0.11507654 -3.23352695 3.75687909
v 0.11928129 -3.23467588 3.75967121
v 0.12409019 -3.23656893 3.75996208
v 0.12821531 -3.23869872 3.75767279
v 0.05433655 -3.45683265 3.78956127
v 0.13055134 -3.24049425 3.75341678
v 0.12799931 -3.24137783 3.743788
v 0.12379551 -3.24022865 3.74099565
v 0.11898613 -3.23833561 3.74070501
v 0.11486101 -3.23620582 3.74299479
v 0.11252499 -3.23441029 3.74725056
v 0.21084118 -3.01823974 3.70780587
v 0.2132678 -3.01844311 3.7123735
v 0.21737194 -3.01981783 3.71521282
v 0.22205448 -3.02199602 3.71556187
v 0.22606087 -3.02439356 3.71332741
v 0.13047266 -3.24147463 3.74833441
v 0.22831821 -3.02636862 3.70910788
v 0.22579432 -3.02718806 3.69946647
v 0.22169018 -3.02581334 3.69662762
v 0.21700716 -3.02363491 3.69627857
v 0.21300077 -3.02123737 3.69851303
v 0.2107439 -3.01926255 3.70273209
v 0.31792545 -2.80601954 3.66223812
v 0.32033634 -2.80625272 3.66681242
v 0.3244071 -2.80769563 3.66966581
v 0.32904673 -2.80996108 3.67003345
v 0.33301163 -2.81244278 3.66781712
v 0.22822046 -3.02739143 3.70403457
v 0.33524084 -2.8144753 3.66360998
v 0.33272362 -2.81528068 3.65396571
v 0.32865286 -2.81383801 3.65111232
v 0.32401371 -2.81157231 3.6507442
v 0.32004833 -2.80909085 3.65296102
v 0.3178196 -2.80705833 3.65716767
v 0.42192173 -2.60057592 3.61784148
v 0.42434931 -2.60077453 3.62240815
v 0.42845297 -2.60215163 3.62524772
v 0.43313217 -2.60433888 3.62559843
v 0.43713188 -2.60674953 3.62336659
v 0.33513498 -2.81551385 3.65854001
v 0.43938208 -2.60873818 3.6191504
v 0.43685007 -2.60957336 3.60951257
v 0.43274784 -2.60819578 3.60667253
v 0.42806911 -2.60600853 3.60632181
v 0.42406893 -2.60359788 3.60855389
v 0.42181873 -2.60160947 3.6127696
v 0.51084185 -2.40821218 3.57720017
v 0.51331949 -2.40830088 3.58174419
v 0.5175209 -2.40945864 3.58453798
v 0.52232075 -2.41137457 3.58483195
v 0.52643204 -2.41353631 3.58254814
v 0.4392786 -2.60977173 3.61407924
v 0.52875423 -2.41536403 3.57829785
v 0.52618694 -2.41627955 3.56867647
v 0.52198553 -2.41512203 3.5658834
v 0.51718616 -2.41320562 3.56558871
v 0.5130744 -2.41104388 3.56787324
v 0.51075268 -2.40921617 3.57212257
v 0.57316732 -2.23834777 3.54330754
v 0.57572174 -2.23821211 3.54780769
v 0.58007908 -2.23891616 3.55051184
v 0.58507109 -2.24027181 3.5506959
v 0.58936071 -2.24191546 3.54831052
v 0.52866459 -2.41636825 3.57322073
v 0.59179926 -2.24340653 3.54399419
v 0.58917665 -2.24448156 3.53440452
v 0.58481932 -2.24377728 3.5316999
v 0.57982731 -2.24242187 3.5315156
v 0.57553768 -2.24077845 3.53390217
v 0.57309961 -2.2392869 3.53821754
v 0.60079956 -2.10493112 3.51940107
v 0.60342407 -2.10437655 3.52382779
v 0.60792255 -2.10423112 3.52638459
v 0.61309052 -2.10453367 3.52638531
v 0.61754227 -2.10520315 3.52383065
v 0.59173155 -2.2443459 3.53890419
v 0.62008524 -2.10606027 3.51940417
v 0.617414 -2.1074295 3.50986528
v 0.61291599 -2.10757494 3.50730872
v 0.60774803 -2.10727239 3.50730777
v 0.6032958 -2.10660291 3.5098629
v 0.60075283 -2.10574603 3.51428938
v 0.59721756 -2.02123451 3.50710273
v 0.59976339 -2.01999354 3.51143503
v 0.60410213 -2.01845145 3.51379991
v 0.60907173 -2.01702237 3.51356292
v 0.61334038 -2.01608872 3.51078749
v 0.62003851 -2.10687494 3.51429272
v 0.61576366 -2.01590061 3.50621748
v 0.61314774 -2.01774979 3.49674463
v 0.60880899 -2.0192914 3.49437976
v 0.6038394 -2.02072072 3.49461699
v 0.59957075 -2.02165461 3.49739242
v 0.59714699 -2.02184248 3.50196266
v 0.55211449 -1.94513059 3.49939895
v 0.55452013 -1.94358683 3.50371432
v 0.55840731 -1.94106448 3.50602221
v 0.5627327 -1.93823957 3.5057044
v 0.56633949 -1.93586886 3.50284553
v 0.56825876 -1.9345876 3.4982121
v 0.61569309 -2.01650858 3.50107741
v 0.56797743 -1.93473899 3.49304581
v 0.56557178 -1.93628263 3.48873019
v 0.56168461 -1.93880475 3.4864223
v 0.55735874 -1.94162977 3.48674035
v 0.5537529 -1.9440006 3.48959899
v 0.44948244 -1.81369925 3.51332068
v 0.55183315 -1.94528186 3.49423265
v 0.45230293 -1.81277561 3.51756191
v 0.4563756 -1.8105315 3.51983643
v 0.46060848 -1.80756795 3.51953506
v 0.46386862 -1.80467904 3.51673818
v 0.46528149 -1.80263901 3.51219535
v 0.46446896 -1.80199456 3.50712395
v 0.46164846 -1.80291808 3.50288296
v 0.45757675 -1.80516231 3.50060821
v 0.45334339 -1.80812585 3.50090981
v 0.45008326 -1.81101477 3.50370669
v 0.35423374 -1.65255642 3.56588221
v 0.44867039 -1.81305468 3.50824928
v 0.35556984 -1.65408814 3.57064271
v 0.35898829 -1.6541779 3.57452893
v 0.3635726 -1.65280151 3.57649946
v 0.37134314 -1.64741969 3.5732367
v 0.37244749 -1.64485621 3.56887674
v 0.37111139 -1.64332449 3.56411672
v 0.36769342 -1.64323485 3.56023026
v 0.36310911 -1.64461112 3.55825973
v 0.35858679 -1.64708471 3.55873251
v 0.3553381 -1.64999294 3.56152296
v 0.28965378 -1.49521327 3.65388417
v 0.29127836 -1.49743879 3.65826607
v 0.29504108 -1.49835598 3.66170096
v 0.36809492 -1.6503278 3.57602668
v 0.29993343 -1.49771905 3.66326785
v 0.30791187 -1.49283636 3.65973258
v 0.3088603 -1.48989892 3.65557742
v 0.30723572 -1.4876734 3.65119505
v 0.303473 -1.48675621 3.64776039
v 0.2985816 -1.48739314 3.64619327
v 0.29387045 -1.4894135 3.64691401
v 0.29060268 -1.49227583 3.64972854
v 0.25047255 -1.34149814 3.76132441
v 0.25221539 -1.34417522 3.76539731
v 0.25613022 -1.3456732 3.76843452
v 0.30464411 -1.49569881 3.66254807
v 0.26116848 -1.34559071 3.76962256
v 0.26927328 -1.34119058 3.76575661
v 0.27016926 -1.33805168 3.76173902
v 0.26842594 -1.33537483 3.75766587
v 0.26451111 -1.33387685 3.75462866
v 0.2594738 -1.33395922 3.75344086
v 0.25466299 -1.33560014 3.75442123
v 0.25136852 -1.33835959 3.75730658
v 0.23110533 -1.18909752 3.87945199
v 0.23288012 -1.19201171 3.88334417
v 0.23684359 -1.19387043 3.88610744
v 0.26597881 -1.34394991 3.76864219
v 0.24193382 -1.19417536 3.88699985
v 0.25010061 -1.19023538 3.88278413
v 0.25098944 -1.18704617 3.87880492
v 0.24921417 -1.18413186 3.87491274
v 0.24525118 -1.18227339 3.87214971
v 0.24016142 -1.18196845 3.87125707
v 0.23530912 -1.18329895 3.872473
v 0.23199463 -1.18590832 3.87547278
v 0.22654676 -1.03492761 4.00130033
v 0.22832394 -1.03790331 4.00514507
v 0.23229408 -1.03994489 4.00776529
v 0.24678516 -1.19284487 3.88578391
v 0.23739243 -1.04050553 4.00845957
v 0.2455759 -1.03701961 4.00389004
v 0.24646759 -1.03390729 3.99985099
v 0.2446909 -1.03093147 3.99600625
v 0.24072123 -1.02888989 3.99338555
v 0.23562193 -1.02832961 3.99269199
v 0.23076057 -1.02940011 3.99411011
v 0.22743893 -1.03181529 3.99726129
v 0.23255301 -0.87615573 4.12063026
v 0.23433304 -0.87903726 4.12454414
v 0.23830175 -0.88111115 4.12714148
v 0.24225473 -1.03943467 4.00704098
v 0.24339581 -0.88182145 4.12772417
v 0.2515645 -0.87880695 4.1228056
v 0.25244999 -0.87588972 4.1186223
v 0.25066996 -0.87300819 4.11470795
v 0.24670076 -0.87093437 4.11211157
v 0.24160719 -0.870224 4.1115284
v 0.23675251 -0.87106729 4.11311531
v 0.23343849 -0.87323844 4.11644697
v 0.24537468 -0.71040922 4.23138618
v 0.24717283 -0.71304274 4.23546362
v 0.25114918 -0.71500546 4.23813343
v 0.24825048 -0.88097817 4.12613678
v 0.25623941 -0.71577179 4.23867941
v 0.26437092 -0.71326941 4.23342419
v 0.26523399 -0.71067113 4.22903109
v 0.26343584 -0.70803791 4.22495365
v 0.25945854 -0.70607507 4.22228336
v 0.25436878 -0.70530862 4.22173786
v 0.24952888 -0.70594406 4.22346163
v 0.2462368 -0.70781106 4.22699308
v 0.26154232 -0.53571564 4.32755804
v 0.26337719 -0.53793514 4.33186007
v 0.26737642 -0.53963763 4.33467054
v 0.26107883 -0.71513641 4.23695612
v 0.27247 -0.54036653 4.33523703
v 0.28055143 -0.53843677 4.32967234
v 0.28137398 -0.5362947 4.32503176
v 0.27953911 -0.53407526 4.32073021
v 0.27553988 -0.53237277 4.31791973
v 0.2704463 -0.53164387 4.3173542
v 0.26562405 -0.53208327 4.31918287
v 0.26236534 -0.53357369 4.32291794
v 0.27776909 -0.35035187 4.40324497
v 0.27965212 -0.35198218 4.40778303
v 0.28368664 -0.35326666 4.41075993
v 0.27729225 -0.53992701 4.3334074
v 0.28879118 -0.35386157 4.41138029
v 0.29681969 -0.35257179 4.40555906
v 0.29759169 -0.35103285 4.40067768
v 0.29570818 -0.34940261 4.3961401
v 0.29167414 -0.34811807 4.39316225
v 0.28656912 -0.34752315 4.39254189
v 0.2817626 -0.34777749 4.3944459
v 0.27854109 -0.34881288 4.39836359
v 0.29091501 -0.15259987 4.45273685
v 0.29284525 -0.15347821 4.45745945
v 0.29691601 -0.15419644 4.46057606
v 0.29359818 -0.35360718 4.40947676
v 0.30203485 -0.15456229 4.46125221
v 0.31001949 -0.15396541 4.45526075
v 0.31074524 -0.1531626 4.45019913
v 0.30881453 -0.15228438 4.44547749
v 0.30474472 -0.15156621 4.44236088
v 0.2996254 -0.15120018 4.44168472
v 0.29482937 -0.15128487 4.44362974
v 0.29164124 -0.15179712 4.4476757
v 0.29988384 0.05845457 4.47507477
v 0.30397034 0.05824411 4.47824478
v 0.30909729 0.05813533 4.47894859
v 0.30683136 -0.15447778 4.45930719
v 0.31389189 0.0581575 4.47699594
v 0.3170681 0.05830431 4.47291183
v 0.3177762 0.05853677 4.46778917
v 0.31582546 0.05879241 4.46300125
v 0.31173897 0.0590027 4.45983124
v 0.30181742 0.05908948 4.4610796
v 0.29864073 0.05894256 4.46516418
v 0.2979331 0.05871016 4.47028637
v 0.29908943 0.27058399 4.4773221
v 0.30317545 0.27059776 4.4805007
v 0.30830193 0.27068597 4.48121119
v 0.31309557 0.27082473 4.47926331
v 0.31627274 0.27097708 4.4751792
v 0.31698084 0.27110225 4.47005272
v 0.31503057 0.27116621 4.46525764
v 0.30661201 0.05911136 4.4591279
v 0.31094456 0.27115232 4.46208
v 0.30102396 0.27092516 4.46331739
v 0.29784727 0.27077287 4.46740198
v 0.29713964 0.27064794 4.47252798
v 0.28972054 0.4726153 4.47895861
v 0.29575443 0.47260761 4.48693275
v 0.30087614 0.47284091 4.48764706
v 0.30566359 0.47316229 4.48570538
v 0.3088336 0.47348571 4.48162603
v 0.30953741 0.47372448 4.47650337
v 0.30758667 0.47381473 4.47170925
v 0.3058176 0.2710641 4.46136999
v 0.30350304 0.47373205 4.46852875
v 0.29838181 0.47349876 4.46781397
v 0.29359436 0.47317737 4.46975708
v 0.29042387 0.47285408 4.47383595
v 0.2916708 0.47252482 4.48375273
v 0.27689219 0.66837889 4.48825026
v 0.28292322 0.66842657 4.49622726
v 0.2880373 0.66878277 4.49694729
v 0.29281473 0.66925234 4.49501181
v 0.29597664 0.66970891 4.49093914
v 0.29667568 0.67003071 4.48581982
v 0.29472399 0.67013097 4.48102665
v 0.29064465 0.66998321 4.47784328
v 0.28553104 0.66962689 4.47712326
v 0.28075314 0.66915739 4.47905827
v 0.27759171 0.6687007 4.48313141
v 0.27884436 0.66827869 4.4930439
v 0.25986242 0.86033994 4.49924278
v 0.26588821 0.86045432 4.50722218
v 0.27099323 0.860906 4.5079484
v 0.27576208 0.86148137 4.50601816
v 0.27891588 0.86202621 4.50195026
v 0.27961063 0.86239421 4.4968338
v 0.27765942 0.86248708 4.49204063
v 0.27358532 0.86227995 4.48885393
v 0.26848078 0.86182833 4.48812771
v 0.26371193 0.86125284 4.49005747
v 0.26055765 0.8607083 4.49412537
v 0.26181412 0.86024708 4.50403595
v 0.23984814 1.05081606 4.51075172
v 0.24586535 1.05100751 4.51873589
v 0.25096369 1.05152273 4.51946497
v 0.25572681 1.05215609 4.51753902
v 0.2588768 1.05273855 4.51347303
v 0.25957108 1.0531131 4.50835752
v 0.25762272 1.05318022 4.50356197
v 0.25355339 1.05292177 4.50037289
v 0.24845505 1.05240667 4.49964333
v 0.24369287 1.05177307 4.50156927
v 0.24054193 1.05119073 4.50563526
v 0.24179649 1.05074894 4.51554632
v 0.21810246 1.24202597 4.52155447
v 0.22411013 1.24230325 4.52954388
v 0.22920561 1.24284673 4.53027487
v 0.23396778 1.24348783 4.52834892
v 0.23711967 1.2440542 4.52428198
v 0.23781776 1.24439478 4.51916456
v 0.23587418 1.24441791 4.5143671
v 0.23181009 1.24411738 4.51117516
v 0.22671461 1.24357402 4.51044369
v 0.22195244 1.24293292 4.51237011
v 0.21880054 1.24236655 4.51643658
v 0.22004604 1.24200284 4.52635193
v 0.19593716 1.43607986 4.53037834
v 0.20193386 1.43644929 4.53837252
v 0.20703077 1.43698561 4.53910303
v 0.21179771 1.43758261 4.5371747
v 0.21495724 1.43808079 4.53310585
v 0.21566343 1.43834662 4.52798414
v 0.213727 1.43830848 4.5231843
v 0.20966625 1.43797684 4.51999044
v 0.20456982 1.43744075 4.51925993
v 0.19980288 1.43684363 4.52118778
v 0.19664335 1.43634546 4.52525711
v 0.19787359 1.43611801 4.53517866
v 0.17472363 1.63497531 4.53590393
v 0.18071079 1.63544071 4.54390049
v 0.18581152 1.63593483 4.54463005
v 0.190588 1.63643956 4.54269934
v 0.19375992 1.63681924 4.53862715
v 0.19447803 1.63697267 4.53350306
v 0.19254923 1.63685846 4.52870083
v 0.18849087 1.63650715 4.52550697
v 0.18339062 1.63601327 4.52477741
v 0.17861366 1.63550866 4.52670765
v 0.17544127 1.63512874 4.53078079
v 0.17665195 1.63508964 4.54070711
v 0.1558876 1.84060085 4.53678131
v 0.16186571 1.8411628 4.54477739
v 0.16697311 1.84158301 4.54550743
v 0.17176151 1.84195113 4.54357672
v 0.17494869 1.84216893 4.5395031
v 0.17567921 1.84217751 4.53437853
v 0.17375851 1.84197521 4.5295763
v 0.1697011 1.84161544 4.52638245
v 0.1645937 1.84119546 4.52565289
v 0.1598053 1.84082711 4.52758312
v 0.15661812 1.84060967 4.53165627
v 0.15780783 1.8408035 4.54158354
v 0.14088583 2.05474687 4.53165007
v 0.14685774 2.05540323 4.53964472
v 0.15197229 2.05572271 4.54037571
v 0.15677261 2.05591798 4.53844929
v 0.15997314 2.05593753 4.53438139
v 0.16071606 2.05577588 4.52926111
v 0.15880203 2.05547667 4.52446032
v 0.15474415 2.05511975 4.52126646
v 0.14962959 2.05480051 4.52053452
v 0.1448288 2.05460501 4.52246094
v 0.14162827 2.05458546 4.52652979
v 0.14279985 2.05504632 4.53644991
v 0.13118124 2.27913141 4.5191679
v 0.13714933 2.27987719 4.52715683
v 0.14226866 2.28007364 4.52789593
v 0.14707756 2.28006935 4.52598047
v 0.15028763 2.27986479 4.52192497
v 0.15103817 2.2795155 4.51681519
v 0.14912891 2.27911425 4.51202059
v 0.14507055 2.27876902 4.50882626
v 0.13995075 2.27857256 4.50808764
v 0.13514137 2.27857709 4.51000214
v 0.13193178 2.27878141 4.51405859
v 0.1330905 2.27953196 4.52396297
v 0.12820339 2.51523638 4.4979744
v 0.13011074 2.51582885 4.50274992
v 0.13416862 2.51622105 4.50593996
v 0.1441021 2.5160675 4.50479746
v 0.1473155 2.51556206 4.50077152
v 0.14807034 2.51492834 4.49568939
v 0.14616299 2.51433611 4.49091387
v 0.1421051 2.51394367 4.48772383
v 0.13698435 2.51385641 4.48697472
v 0.13217211 2.51409769 4.48886681
v 0.12895823 2.5146029 4.49289227
v 0.13118124 2.71249866 4.46626711
v 0.13309479 2.71352863 4.47096586
v 0.13928986 2.51630831 4.50668907
v 0.13715649 2.71413445 4.47411728
v 0.14708328 2.71358275 4.47304535
v 0.15028906 2.71257281 4.46910906
v 0.15103531 2.71139526 4.46412373
v 0.14912128 2.7103653 4.45942593
v 0.14506054 2.70975924 4.45627403
v 0.13994026 2.70973945 4.45551252
v 0.13513279 2.71031117 4.45734549
v 0.13192701 2.71132135 4.46128225
v 0.13838291 2.86616373 4.41911316
v 0.14033127 2.86786938 4.42359543
v 0.1495266 2.86879826 4.42741203
v 0.14227629 2.71415424 4.47487926
v 0.15431166 2.86777258 4.42572355
v 0.15748119 2.86603165 4.42201996
v 0.15818691 2.86404204 4.41729355
v 0.15623951 2.8623364 4.41281128
v 0.15216064 2.86137247 4.40977383
v 0.14704323 2.86140752 4.40899467
v 0.14225864 2.8624332 4.41068268
v 0.13908863 2.86417389 4.41438627
v 0.14955997 2.9846611 4.35688877
v 0.14440966 2.8688333 4.42663288
v 0.15158081 2.98713446 4.36096287
v 0.16081047 2.98840618 4.36459637
v 0.16554546 2.98686361 4.3631835
v 0.16863537 2.98429108 4.35992289
v 0.1692524 2.98137808 4.35568857
v 0.16723061 2.9789052 4.35161543
v 0.16311264 2.97753429 4.34879446
v 0.1580019 2.97763348 4.34798098
v 0.15326691 2.97917581 4.34939384
v 0.150177 2.9817481 4.35265446
v 0.16620731 3.07712412 4.2856288
v 0.1703825 3.07884979 4.28815556
v 0.15569878 2.98850513 4.36378336
v 0.17548466 3.07869387 4.28901577
v 0.18014622 3.07669735 4.28797865
v 0.18311882 3.07339573 4.28532219
v 0.18360567 3.06967354 4.28175735
v 0.18147659 3.06652784 4.27824163
v 0.17219973 3.06495857 4.27485418
v 0.16753817 3.06695461 4.2758913
v 0.16456509 3.07025647 4.27854824
v 0.16407776 3.07397842 4.28211212
v 0.18288994 3.14419842 4.2032156
v 0.18711758 3.14614534 4.20548058
v 0.19221115 3.14595222 4.20638466
v 0.19680405 3.14367056 4.20568609
v 0.19966793 3.13991165 4.20357227
v 0.20003319 3.13568306 4.20060921
v 0.17730236 3.06480217 4.2757144
v 0.1978035 3.13211727 4.19759083
v 0.18848228 3.13036394 4.19442177
v 0.18388844 3.13264561 4.19512033
v 0.18102551 3.13640428 4.19723463
v 0.18066025 3.14063287 4.2001977
v 0.2002449 3.19752073 4.11934566
v 0.20449829 3.19954967 4.12148762
v 0.20958614 3.19934058 4.12241554
v 0.21414566 3.19694924 4.12188148
v 0.21695566 3.19301605 4.12002754
v 0.21726227 3.18859601 4.11735249
v 0.19357538 3.13017035 4.19532681
v 0.21498299 3.18487215 4.11457062
v 0.20564175 3.18305206 4.11150122
v 0.20108128 3.1854434 4.11203575
v 0.19827271 3.18937635 4.11388922
v 0.1979661 3.19379711 4.11656475
v 0.21745682 3.24742413 4.03689432
v 0.22170067 3.24942398 4.039083
v 0.22678947 3.24921608 4.04000854
v 0.23135996 3.24685669 4.03942299
v 0.23418713 3.2429781 4.03748465
v 0.23451328 3.2386198 4.03471184
v 0.2107296 3.18284273 4.11242962
v 0.23225212 3.23494911 4.031847
v 0.22291994 3.23315716 4.0287323
v 0.21834946 3.23551655 4.0293169
v 0.21552277 3.23939514 4.03125572
v 0.21519566 3.24375367 4.03402948
v 0.23426247 3.3037324 3.95626259
v 0.23846865 3.30560207 3.95863008
v 0.24356174 3.30541086 3.95953321
v 0.24817753 3.30321026 3.95872927
v 0.25107861 3.29958916 3.95643425
v 0.25148869 3.2955184 3.95326328
v 0.22800875 3.2329495 4.02965832
v 0.24929619 3.29208851 3.95006561
v 0.23999596 3.29041028 3.94679451
v 0.23538113 3.29261088 3.94759846
v 0.23247957 3.29623199 3.94989347
v 0.23206997 3.30030251 3.95306492
v 0.25069666 3.37619638 3.8765223
v 0.2548542 3.37784767 3.87912655
v 0.25995445 3.37768698 3.87999582
v 0.26463079 3.37575722 3.87889934
v 0.2676301 3.37257528 3.8761282
v 0.26814842 3.36899424 3.87242675
v 0.24508953 3.29021931 3.94769764
v 0.26604748 3.365973 3.86878633
v 0.25678968 3.3644824 3.8653121
v 0.25211334 3.36641216 3.86640978
v 0.24911404 3.3695941 3.86917949
v 0.24859619 3.37317514 3.87288141
v 0.26477671 3.47288179 3.79268217
v 0.2667942 3.4753902 3.79673624
v 0.27090788 3.47676849 3.79956031
v 0.28074598 3.47505808 3.79902649
v 0.28383446 3.47242832 3.79581094
v 0.28445292 3.46946192 3.79161429
v 0.28243542 3.46695352 3.78756094
v 0.27832222 3.46557546 3.78473616
v 0.26188946 3.36432147 3.86618209
v 0.27321529 3.46569681 3.78389835
v 0.26848364 3.46728539 3.78527021
v 0.26539469 3.46991539 3.78848553
v 0.28035975 3.6104455 3.71281958
v 0.28231716 3.61242914 3.71718168
v 0.29150963 3.61344719 3.72098446
v 0.27601433 3.47664642 3.80039883
v 0.29628181 3.61220908 3.71940613
v 0.29943562 3.61014462 3.71585798
v 0.30012608 3.60780764 3.71129155
v 0.29816866 3.60582376 3.70692968
v 0.29408741 3.60472488 3.70394063
v 0.28897619 3.60480595 3.70312643
v 0.28420448 3.60604405 3.70470476
v 0.28105068 3.60810852 3.70825291
v 0.29583263 3.80825758 3.62957621
v 0.28639841 3.61352777 3.72017026
v 0.29780245 3.81035972 3.63387752
v 0.30699635 3.81139278 3.63767242
v 0.31175756 3.81004763 3.63614964
v 0.31489563 3.80783153 3.63268018
v 0.31557035 3.80533814 3.62819409
v 0.31360054 3.80323648 3.6238935
v 0.30951452 3.80208874 3.62093019
v 0.30440712 3.8022027 3.62009859
v 0.29964542 3.80354834 3.62162161
v 0.29650736 3.80576468 3.62509012
v 0.3142314 3.93173718 3.5449872
v 0.30188847 3.81150723 3.63684082
v 0.31636238 3.93483043 3.5485487
v 0.32561779 3.93624115 3.55206227
v 0.33026266 3.93418169 3.55107164
v 0.33321905 3.93085194 3.5484333
v 0.33369637 3.9271431 3.54485321
v 0.3315649 3.92405057 3.54129171
v 0.32739735 3.92240191 3.53870153
v 0.32230949 3.92263889 3.53777838
v 0.3176651 3.92469883 3.53876829
v 0.31470776 3.92802906 3.54140711
v 0.34876919 4.02768517 3.41037798
v 0.35306168 4.02972412 3.41243076
v 0.32052994 3.93647909 3.5511384
v 0.35812569 4.02941227 3.41345644
v 0.36260462 4.02683258 3.41318107
v 0.36529875 4.02267647 3.41167688
v 0.36548615 4.01805687 3.40934801
v 0.36311626 4.01421261 3.40681839
v 0.35376024 4.01248598 3.4037385
v 0.34928131 4.01506567 3.40401459
v 0.3465867 4.01922178 3.40551829
v 0.34639931 4.0238409 3.4078474
v 0.38761616 4.09138298 3.24398422
v 0.39199018 4.0935688 3.24568224
v 0.39704752 4.09324551 3.24673748
v 0.40143347 4.09049797 3.2468667
v 0.40397167 4.08606339 3.2460351
v 0.40398264 4.0811305 3.24446678
v 0.35882473 4.01217365 3.40476465
v 0.40146351 4.07702065 3.24258137
v 0.39203215 4.07515907 3.23982811
v 0.38764668 4.07790565 3.23969913
v 0.38510799 4.08233976 3.24053049
v 0.3850975 4.08727264 3.24209881
v 0.42948341 4.13963938 3.05749798
v 0.43390465 4.14188385 3.05898428
v 0.43896866 4.14156818 3.06000948
v 0.44331837 4.13877678 3.0602982
v 0.44578838 4.13425779 3.05977488
v 0.44571686 4.12922239 3.05857754
v 0.39708948 4.07483482 3.24088335
v 0.44312239 4.12501907 3.05702877
v 0.43363667 4.12309027 3.05451727
v 0.42928743 4.12588167 3.05422831
v 0.42681742 4.13040066 3.05475187
v 0.42688894 4.13543653 3.05594873
v 0.47111082 4.18150949 2.85896587
v 0.47555733 4.18378067 2.86033154
v 0.48063803 4.18348217 2.86127949
v 0.48499012 4.1806941 2.86155438
v 0.48744917 4.1761632 2.86108398
v 0.48735523 4.17110395 2.85999393
v 0.43870115 4.12277508 3.05554247
v 0.48473406 4.16687155 2.85857582
v 0.47520733 4.1648984 2.85626245
v 0.47085428 4.16768694 2.85598731
v 0.46839619 4.17221737 2.85645771
v 0.46848965 4.17727661 2.85754776
v 0.50897837 4.22416449 2.65792704
v 0.51343536 4.22644806 2.65923643
v 0.51853895 4.22617817 2.66005611
v 0.52292252 4.22342634 2.66016817
v 0.52541018 4.21893072 2.65954161
v 0.52533627 4.2138958 2.65834451
v 0.48028755 4.1645999 2.85721064
v 0.52271986 4.20966911 2.65689802
v 0.51315928 4.20765543 2.65476871
v 0.50877619 4.21040726 2.65465713
v 0.50628853 4.21490288 2.65528345
v 0.50636244 4.21993828 2.65648031
v 0.53947735 4.27374554 2.46508121
v 0.54393482 4.27603006 2.46638727
v 0.54906797 4.27581167 2.46701837
v 0.55350113 4.27314806 2.46680498
v 0.55604744 4.26875305 2.4658041
v 0.55602312 4.26380539 2.46428394
v 0.51826286 4.20738554 2.65558863
v 0.5534358 4.25962925 2.46265268
v 0.54384518 4.25756359 2.46071529
v 0.53941202 4.26022673 2.46092892
v 0.53686619 4.26462126 2.4619298
v 0.53689003 4.2695694 2.46344948
v 0.55922985 4.33507347 2.29191017
v 0.5636816 4.33733845 2.29326987
v 0.56884384 4.33722115 2.29362917
v 0.57333374 4.33475304 2.29289246
v 0.57594872 4.33059597 2.2912569
v 0.57598686 4.32586288 2.28916025
v 0.54897833 4.25734472 2.46134615
v 0.57343864 4.32182312 2.2871654
v 0.56382465 4.31967545 2.28544617
v 0.55933475 4.32214355 2.28618336
v 0.55671978 4.3263011 2.28781891
v 0.55668163 4.33103371 2.28991508
v 0.56568527 4.41084242 2.14939404
v 0.57013321 4.41304398 2.15086699
v 0.57530832 4.41313171 2.15086174
v 0.5798254 4.41108274 2.14938021
v 0.5824728 4.40744591 2.14681911
v 0.58254242 4.40319538 2.14386511
v 0.56898737 4.31955767 2.2858057
v 0.58001423 4.39947128 2.14130926
v 0.57039118 4.39718199 2.13984203
v 0.5658741 4.39923096 2.14132357
v 0.5632267 4.40286779 2.14388466
v 0.56315756 4.40711784 2.1468389
v 0.55765247 4.50258017 2.04402733
v 0.56211472 4.50463963 2.04565501
v 0.56725311 4.50510311 2.04523897
v 0.57169247 4.50384712 2.0428915
v 0.57424212 4.50120735 2.03924108
v 0.5742197 4.4978919 2.03526592
v 0.57556677 4.3972702 2.13983679
v 0.57163048 4.49478817 2.03203154
v 0.56203079 4.49226522 2.03082037
v 0.55759144 4.49352121 2.03316784
v 0.55504179 4.49616051 2.03681827
v 0.5550642 4.49947643 2.04079318
v 0.53338957 4.61786175 1.97493386
v 0.53789806 4.61969709 1.97669411
v 0.54292488 4.62069464 1.9759624
v 0.54712152 4.62058783 1.97293437
v 0.54936504 4.61940527 1.96842158
v 0.54905319 4.61746311 1.9636333
v 0.56716919 4.49272919 2.03040409
v 0.54626942 4.61528301 1.95985258
v 0.53673458 4.6124506 1.95882428
v 0.53253746 4.61255741 1.96185231
v 0.53029442 4.61373997 1.9663651
v 0.53060627 4.61568165 1.97115314
v 0.48408175 4.77286911 1.93992424
v 0.48715401 4.77405977 1.94391632
v 0.49659967 4.77719784 1.94487953
v 0.50044203 4.77830505 1.94159234
v 0.50223351 4.7786684 1.93674922
v 0.50149345 4.77819109 1.93164814
v 0.49842119 4.7770009 1.92765653
v 0.49383879 4.7754159 1.9258424
v 0.54176092 4.61344814 1.95809221
v 0.48897552 4.77386236 1.92669308
v 0.48513269 4.77275562 1.92998028
v 0.48334122 4.7723918 1.93482316
v 0.49173594 4.7756443 1.94573045
vn -0.91184 -0.28584 0.29468
vn -0.83868 -0.51388 -0.18039
vn -0.82324 -0.47869 0.30519
vn -0.61005 -0.3283 0.72115
vn -0.23544 -0.08991 0.96772
vn -0.67382 -0.16597 0.72001
vn 0.21599 0.18105 0.95946
vn -0.26163 -0.0027 0.96516
vn 0.61259 0.40445 0.67908
vn 0.22501 0.1638 0.96049
vn 0.83323 0.51192 0.20898
vn 0.65874 0.28867 0.69479
vn 0.82104 0.47664 -0.31419
vn 0.9139 0.33419 0.23045
vn 0.64496 0.15333 -0.74868
vn 0.58161 0.30938 -0.75234
vn 0.20219 -0.01949 -0.97915
vn 0.17508 0.05275 -0.98314
vn -0.28854 -0.18436 -0.93955
vn -0.28064 -0.2186 -0.93459
vn -0.69567 -0.29798 -0.65365
vn -0.64851 -0.42365 -0.63242
vn -0.92026 -0.33396 -0.20394
vn -0.96494 0.06282 0.25485
vn -0.71296 0.11864 0.69109
vn -0.27447 0.14398 0.95076
vn 0.24086 0.13158 0.9616
vn 0.69686 0.08344 0.71234
vn 0.90954 0.28437 -0.3031
vn 0.96448 0.01168 0.26391
vn 0.69242 -0.12124 -0.71123
vn 0.23186 -0.14487 -0.9619
vn -0.28662 -0.12907 -0.94931
vn -0.72365 -0.07922 -0.6856
vn -0.9692 -0.00918 -0.24608
vn -0.93318 0.28369 0.22065
vn -0.68339 0.29764 0.66663
vn -0.25286 0.23333 0.93895
vn 0.24736 0.10657 0.96305
vn 0.684 -0.04973 0.72779
vn 0.96337 -0.06375 -0.26049
vn 0.93642 -0.19332 0.29284
vn 0.67197 -0.29693 -0.67844
vn 0.2294 -0.22861 -0.94611
vn -0.27253 -0.09904 -0.95704
vn -0.69877 0.05604 -0.71315
vn -0.93905 0.19562 -0.28269
vn -0.89418 0.4009 0.1993
vn -0.64942 0.39204 0.65159
vn -0.23183 0.27911 0.93185
vn 0.24882 0.09136 0.96423
vn 0.66427 -0.12163 0.73753
vn 0.93226 -0.28422 -0.22383
vn 0.90114 -0.30229 0.31076
vn 0.64361 -0.39102 -0.65792
vn 0.21992 -0.27515 -0.93591
vn -0.26166 -0.08563 -0.96135
vn -0.67176 0.12611 -0.72996
vn -0.90245 0.30379 -0.30542
vn -0.86919 0.45719 0.18834
vn -0.62768 0.43725 0.64407
vn -0.21857 0.30066 0.92835
vn 0.24965 0.08343 0.96474
vn 0.65151 -0.15648 0.74233
vn 0.8937 -0.40114 -0.20096
vn 0.87858 -0.3546 0.31994
vn 0.62525 -0.43668 -0.64682
vn 0.21344 -0.2986 -0.9302
vn -0.25513 -0.08055 -0.96355
vn -0.65473 0.15872 -0.73901
vn -0.87914 0.35534 -0.31756
vn -0.86048 0.47473 0.18498
vn -0.61939 0.4514 0.64234
vn -0.21235 0.30715 0.92767
vn 0.25157 0.08062 0.96448
vn 0.64809 -0.16751 0.74291
vn 0.86902 -0.45728 -0.18897
vn 0.87102 -0.3708 0.32222
vn 0.61937 -0.4514 -0.64236
vn 0.21228 -0.30712 -0.92769
vn -0.25175 -0.08051 -0.96444
vn -0.64828 0.16765 -0.74272
vn -0.87107 0.37088 -0.322
vn -0.86758 0.46021 0.18845
vn -0.62373 0.43995 0.64607
vn -0.21229 0.30137 0.92958
vn 0.2556 0.08211 0.96329
vn 0.65444 -0.1588 0.73925
vn 0.8605 -0.47472 -0.18489
vn 0.87823 -0.35709 0.31811
vn 0.62614 -0.44051 -0.64335
vn 0.21709 -0.30332 -0.92783
vn -0.25066 -0.08472 -0.96436
vn -0.65164 0.15685 -0.74213
vn -0.87777 0.35649 -0.32006
vn -0.89028 0.40935 0.1996
vn -0.64014 0.39957 0.65617
vn -0.21749 0.28182 0.93449
vn 0.26245 0.08868 0.96086
vn 0.67085 -0.12751 0.73055
vn 0.86781 -0.4601 -0.18764
vn 0.90012 -0.3093 0.30678
vn 0.64564 -0.4005 -0.65018
vn 0.22854 -0.2856 -0.9307
vn -0.25083 -0.09403 -0.96345
vn -0.66422 0.12345 -0.73727
vn -0.89898 0.30805 -0.31134
vn -0.92609 0.30598 0.22076
vn -0.66625 0.31764 0.6747
vn -0.22596 0.24278 0.9434
vn 0.27292 0.10306 0.9565
vn 0.69645 -0.06314 0.71482
vn 0.89084 -0.40902 -0.19776
vn 0.93462 -0.2119 0.28563
vn 0.67664 -0.3181 -0.66406
vn 0.24685 -0.24748 -0.93692
vn -0.251 -0.11037 -0.96167
vn -0.6838 0.05741 -0.72741
vn -0.93233 0.21036 -0.29412
vn -0.95962 0.11927 0.25476
vn -0.68927 0.17026 0.70422
vn -0.23083 0.17406 0.9573
vn 0.28614 0.13145 0.94913
vn 0.72251 0.05541 0.68914
vn 0.9272 -0.30488 -0.2176
vn 0.96732 -0.03402 0.25128
vn 0.70738 -0.16667 -0.68691
vn 0.2673 -0.17535 -0.94753
vn -0.24753 -0.13669 -0.95919
vn -0.70013 -0.05969 -0.71152
vn -0.96329 0.03457 -0.26623
vn -0.92129 -0.23605 0.30905
vn -0.65131 -0.09982 0.75222
vn -0.20182 0.06219 0.97745
vn 0.29413 0.2038 0.93378
vn 0.70499 0.28968 0.64736
vn 0.96149 -0.11476 -0.24973
vn 0.93219 0.30172 0.19997
vn 0.68675 0.11581 -0.71761
vn 0.27137 -0.03824 -0.96172
vn -0.22173 -0.18511 -0.95738
vn -0.66385 -0.28419 -0.69176
vn -0.92539 -0.30423 -0.22603
vn -0.78596 -0.53614 0.30794
vn -0.54861 -0.37319 0.74817
vn -0.15898 -0.10645 0.98153
vn 0.27345 0.188 0.94334
vn 0.62896 0.42828 0.64884
vn 0.81366 0.55165 0.18341
vn 0.92519 0.23878 -0.29497
vn 0.78289 0.52968 -0.32638
vn 0.54823 0.37064 -0.74971
vn 0.17123 0.1153 -0.97846
vn -0.25118 -0.17169 -0.95259
vn -0.60927 -0.41589 -0.67514
vn -0.75696 -0.58498 0.29122
vn -0.80661 -0.55068 -0.21479
vn -0.48143 -0.49835 0.72102
vn -0.07238 -0.27517 0.95867
vn 0.35953 0.02574 0.93278
vn 0.69225 0.32013 0.64676
vn 0.83176 0.52448 0.18192
vn 0.74239 0.5836 -0.32905
vn 0.45445 0.48565 -0.74674
vn 0.04932 0.26074 -0.96415
vn -0.36623 -0.03061 -0.93002
vn -0.68647 -0.31363 -0.65604
vn -0.91049 -0.38072 -0.16144
vn -0.82989 -0.51622 -0.21166
vn -0.78524 -0.53523 0.31133
vn -0.44985 -0.54841 0.7049
vn 0.01029 -0.41306 0.91065
vn 0.80155 0.13258 0.58304
vn 0.90995 0.39098 0.13826
vn 0.76869 0.54076 -0.3416
vn 0.42175 0.54376 -0.72557
vn -0.03395 0.40294 -0.9146
vn -0.47824 0.15777 -0.86394
vn -0.79762 -0.12779 -0.58947
vn -0.96054 -0.26227 -0.09258
vn -0.80468 -0.48428 0.34346
vn -0.43371 -0.57871 0.69064
vn 0.47059 -0.16319 0.86713
vn 0.05658 -0.51766 0.85372
vn 0.86588 -0.02522 0.49962
vn 0.9594 0.27114 0.07768
vn 0.79079 0.49229 -0.36372
vn 0.41009 0.57937 -0.70439
vn -0.07729 0.51181 -0.85561
vn -0.54197 0.31001 -0.78113
vn -0.86401 0.02763 -0.50271
vn -0.98507 -0.17029 -0.02508
vn -0.81513 -0.43664 0.38066
vn -0.42772 -0.58785 0.68665
vn 0.53402 -0.315 0.7846
vn 0.07625 -0.58193 0.80966
vn 0.895 -0.14049 0.42336
vn 0.98428 0.17577 0.01733
vn 0.80576 0.44352 -0.39249
vn 0.41057 0.59051 -0.69479
vn -0.09265 0.579 -0.81005
vn -0.56942 0.41405 -0.71016
vn -0.89504 0.14035 -0.42333
vn -0.99428 -0.10217 0.03096
vn -0.81915 -0.39198 0.41875
vn -0.42587 -0.57816 0.69597
vn 0.56158 -0.41838 0.71385
vn 0.08236 -0.61029 0.78788
vn 0.9044 -0.21682 0.36749
vn 0.99404 0.10382 -0.03315
vn 0.81423 0.39606 -0.42447
vn 0.41491 0.58077 -0.7004
vn -0.09469 0.609 -0.7875
vn -0.57759 0.47461 -0.66418
vn -0.90605 0.2145 -0.36477
vn -0.99593 -0.05222 0.0735
vn -0.81884 -0.34814 0.45639
vn -0.4242 -0.55166 0.71814
vn 0.56982 -0.4784 0.66816
vn 0.08396 -0.60858 0.78904
vn 0.90535 -0.26179 0.33437
vn 0.99621 0.05026 -0.07098
vn 0.81788 0.34898 -0.45748
vn 0.41847 0.55331 -0.72023
vn -0.0931 0.60811 -0.78837
vn -0.57859 0.49955 -0.64474
vn -0.90842 0.25776 -0.32915
vn -0.99448 -0.01592 0.10375
vn -0.81567 -0.30244 0.49317
vn -0.42054 -0.50846 0.75141
vn 0.57084 -0.50286 0.64906
vn 0.08637 -0.57961 0.81031
vn 0.90407 -0.28086 0.32214
vn 0.99524 0.01093 -0.0968
vn 0.81805 0.30038 -0.49047
vn 0.41937 0.50884 -0.75181
vn -0.09265 0.57955 -0.80965
vn -0.57895 0.49373 -0.64889
vn -0.90854 0.27544 -0.31414
vn -0.99229 0.00939 0.12355
vn -0.81032 -0.25245 0.52882
vn -0.41396 -0.44683 0.79308
vn 0.57093 -0.49667 0.65373
vn 0.09157 -0.52292 0.84745
vn 0.90379 -0.27586 0.32721
vn 0.99359 -0.01664 -0.11181
vn 0.81602 0.24792 -0.52215
vn 0.41698 0.44596 -0.79199
vn -0.09564 0.52302 -0.84694
vn -0.58176 0.45811 -0.67208
vn -0.90961 0.26961 -0.31609
vn -0.99057 0.02481 0.13472
vn -0.80366 -0.19597 0.5619
vn -0.40469 -0.36408 0.83885
vn 0.5733 -0.46068 0.67757
vn 0.10026 -0.43599 0.89435
vn 0.90577 -0.24618 0.34494
vn 0.99248 -0.03301 -0.1179
vn 0.81262 0.18996 -0.55097
vn 0.41169 0.36225 -0.83624
vn -0.10215 0.43612 -0.89407
vn -0.58789 0.39105 -0.70814
vn -0.91282 0.23992 -0.33045
vn -0.98977 0.03033 0.13943
vn -0.79675 -0.13192 0.58973
vn -0.39397 -0.25851 0.88202
vn 0.57896 -0.39312 0.71433
vn 0.11111 -0.31688 0.94194
vn 0.90984 -0.19051 0.36864
vn 0.99238 -0.03776 -0.11731
vn 0.80886 0.12596 -0.57434
vn 0.40488 0.25631 -0.87771
vn -0.11107 0.31695 -0.94192
vn -0.59655 0.29074 -0.74806
vn -0.91796 0.18531 -0.35073
vn -0.9898 0.02591 0.1401
vn -0.79114 -0.06148 0.60854
vn -0.38452 -0.13216 0.91361
vn 0.58713 -0.29219 0.75492
vn 0.12136 -0.16796 0.97829
vn 0.91453 -0.1098 0.38933
vn 0.99305 -0.03044 -0.1137
vn 0.80578 0.05756 -0.58941
vn 0.39853 0.13043 -0.90783
vn -0.1195 0.16782 -0.97855
vn -0.60493 0.1591 -0.78022
vn -0.92332 0.10684 -0.36888
vn -0.79307 -0.01683 0.6089
vn -0.38374 -0.03756 0.92268
vn 0.12654 -0.04827 0.99079
vn 0.59543 -0.15986 0.78735
vn 0.60281 -0.04617 0.79654
vn 0.91969 -0.03184 0.39136
vn 0.9929 -0.00905 -0.11864
vn 0.80099 0.0162 -0.59846
vn 0.3931 0.03714 -0.91875
vn -0.60462 0.04601 -0.79519
vn -0.92304 0.03147 -0.38342
vn -0.99133 0.00844 0.1311
vn -0.79691 -0.02892 0.6034
vn -0.38681 -0.02738 0.92175
vn 0.12707 -0.01849 0.99172
vn 0.6061 -0.00464 0.79538
vn 0.92225 0.01045 0.38646
vn 0.99188 0.02272 -0.12514
vn 0.79716 0.02892 -0.60308
vn -0.12199 0.04808 -0.99137
vn 0.39005 0.02741 -0.92038
vn -0.60099 0.00478 -0.79925
vn -0.92022 -0.01032 -0.39127
vn -0.99222 -0.02267 0.1224
vn -0.99101 -0.05548 0.12177
vn -0.38582 -0.05623 0.92086
vn 0.12716 -0.0328 0.99134
vn 0.60554 -0.0006 0.79582
vn 0.92132 0.03173 0.38752
vn 0.99076 0.05554 -0.12371
vn 0.79604 0.06454 -0.60179
vn -0.1213 0.01859 -0.99244
vn 0.38898 0.05633 -0.91952
vn -0.12228 0.03307 -0.99194
vn -0.60136 0.00094 -0.79898
vn -0.91968 -0.03149 -0.39139
vn -0.79556 -0.06455 0.60243
vn -0.98922 -0.08261 0.12092
vn -0.38472 -0.07782 0.91975
vn 0.1273 -0.04207 0.99097
vn 0.60466 0.00492 0.79647
vn 0.91982 0.05055 0.38906
vn 0.98908 0.08265 -0.12205
vn 0.79427 0.09268 -0.60046
vn 0.38734 0.07796 -0.91864
vn -0.12333 0.0424 -0.99146
vn -0.6015 -0.00455 -0.79886
vn -0.91869 -0.05033 -0.39175
vn -0.79366 -0.09268 0.60126
vn -0.9874 -0.10275 0.12035
vn -0.38387 -0.09126 0.91887
vn 0.12696 -0.046 0.99084
vn 0.60352 0.01156 0.79726
vn 0.91823 0.06599 0.39052
vn 0.98738 0.10275 -0.12052
vn 0.79263 0.11206 -0.59932
vn 0.38598 0.09141 -0.91797
vn -0.12424 0.04628 -0.99117
vn -0.60153 -0.01128 -0.79877
vn -0.91762 -0.06584 -0.39197
vn -0.79186 -0.11205 0.60034
vn -0.98609 -0.1149 0.12014
vn -0.38369 -0.09567 0.91849
vn 0.12607 -0.04414 0.99104
vn 0.60199 0.01919 0.79827
vn 0.91674 0.07738 0.39192
vn 0.9862 0.11486 -0.11924
vn 0.79167 0.12161 -0.59872
vn 0.38509 0.09579 -0.91789
vn -0.12476 0.0443 -0.9912
vn -0.60138 -0.0191 -0.79873
vn -0.91675 -0.07738 -0.39189
vn -0.79087 -0.12159 0.59978
vn -0.98563 -0.11847 0.12037
vn -0.38464 -0.09067 0.9186
vn 0.12449 -0.03637 0.99155
vn 0.60037 0.02768 0.79924
vn 0.91565 0.08432 0.39303
vn 0.98586 0.11841 -0.11859
vn 0.79183 0.12077 -0.59868
vn 0.3854 0.09074 -0.91828
vn -0.12462 0.03635 -0.99154
vn -0.60118 -0.0278 -0.79863
vn -0.91627 -0.08447 -0.39156
vn -0.79094 -0.12073 0.59987
vn -0.98615 -0.11334 0.12105
vn -0.38664 -0.07636 0.91906
vn 0.12232 -0.02283 0.99223
vn 0.59865 0.03681 0.80017
vn 0.91508 0.08664 0.39385
vn 0.98649 0.11328 -0.11838
vn 0.79315 0.10954 -0.5991
vn 0.38662 0.07636 -0.91907
vn -0.12382 0.02266 -0.99205
vn -0.60079 -0.03711 -0.79855
vn -0.9163 -0.08688 -0.39095
vn -0.79223 -0.10947 0.60032
vn -0.98752 -0.09984 0.12178
vn -0.38932 -0.05332 0.91956
vn 0.11967 -0.00404 0.99281
vn 0.59704 0.04636 0.80087
vn 0.91504 0.08439 0.39443
vn 0.98794 0.09983 -0.11833
vn 0.79535 0.08845 -0.59967
vn 0.3887 0.05326 -0.91982
vn -0.12247 0.00375 -0.99247
vn -0.6004 -0.04673 -0.79833
vn -0.91682 -0.08463 -0.39024
vn -0.79439 -0.08837 0.60094
vn -0.98937 -0.07876 0.12223
vn -0.39249 -0.02266 0.91948
vn 0.11691 0.01924 0.99296
vn 0.59561 0.05604 0.80131
vn 0.91543 0.07788 0.39487
vn 0.98986 0.07884 -0.11812
vn 0.79804 0.05859 -0.59975
vn 0.39117 0.02255 -0.92004
vn -0.12093 -0.01956 -0.99247
vn -0.60002 -0.05636 -0.79799
vn -0.91763 -0.07801 -0.3897
vn -0.7971 -0.0585 0.60101
vn -0.99123 -0.05131 0.12179
vn -0.39522 0.01416 0.91848
vn 0.11476 0.04599 0.99233
vn 0.59452 0.06557 0.8014
vn 0.91592 0.06763 0.39562
vn 0.99178 0.05153 -0.1171
vn 0.80058 0.02152 -0.59885
vn 0.39341 -0.01429 -0.91925
vn -0.11959 -0.04624 -0.99175
vn -0.59986 -0.06572 -0.7974
vn -0.91853 -0.06754 -0.38954
vn -0.79969 -0.02142 0.60004
vn -0.99259 -0.01901 0.12004
vn -0.39713 0.05549 0.91608
vn 0.11309 0.07517 0.99074
vn 0.59385 0.07482 0.80109
vn 0.91637 0.05443 0.3966
vn 0.99316 0.01939 -0.11515
vn 0.80236 -0.02092 -0.59648
vn 0.39493 -0.0556 -0.91703
vn -0.11866 -0.07526 -0.99008
vn -0.59976 -0.07465 -0.79669
vn -0.91923 -0.05403 -0.39
vn -0.80145 0.02105 0.59769
vn -0.99269 0.01614 0.11957
vn -0.80067 0.07531 0.59436
vn -0.39662 0.11443 0.91082
vn 0.59229 0.09933 0.79958
vn 0.91542 0.04889 0.39952
vn 0.99395 -0.01478 -0.10884
vn 0.80456 -0.07461 -0.58916
vn 0.39701 -0.11432 -0.91067
vn -0.11823 -0.12305 -0.98533
vn -0.60069 -0.09849 -0.79339
vn -0.92029 -0.04747 -0.38834
vn -0.99137 0.05783 0.11766
vn -0.79674 0.16004 0.58275
vn 0.11241 0.12323 0.98599
vn -0.39312 0.21979 0.89283
vn 0.59061 0.16558 0.78979
vn 0.91355 0.06532 0.40144
vn 0.99394 -0.05292 -0.09637
vn 0.8059 -0.15742 -0.57074
vn 0.39728 -0.21934 -0.8911
vn -0.1206 -0.22126 -0.96773
vn -0.60462 -0.16271 -0.77972
vn -0.92261 -0.06025 -0.38101
vn -0.98823 0.11183 0.10438
vn -0.78924 0.28001 0.54654
vn 0.11929 0.37088 0.92099
vn 0.11315 0.22183 0.9685
vn 0.59344 0.27073 0.75798
vn 0.91363 0.09873 0.39437
vn 0.99191 -0.10082 -0.07717
vn 0.80162 -0.2744 -0.53114
vn 0.39031 -0.37349 -0.84152
vn -0.12927 -0.36966 -0.92013
vn -0.61207 -0.26415 -0.74539
vn -0.92547 -0.08726 -0.36864
vn -0.98214 0.17308 0.0738
vn -0.38482 0.37419 0.84374
vn -0.77542 0.41583 0.47519
vn 0.13486 0.53954 0.83109
vn 0.60356 0.38977 0.69556
vn 0.91633 0.13665 0.37637
vn 0.98684 -0.15501 -0.04594
vn 0.7897 -0.40689 -0.45914
vn 0.37395 -0.54808 -0.74818
vn -0.14621 -0.53765 -0.8304
vn -0.62455 -0.37872 -0.68301
vn -0.92928 -0.11749 -0.3502
vn -0.75718 0.53388 0.37636
vn -0.34347 0.70174 0.62417
vn -0.3676 0.54896 0.75067
vn 0.1591 0.68677 0.70925
vn 0.62131 0.49253 0.60942
vn 0.92222 0.1675 0.34851
vn 0.97881 -0.20465 -0.00735
vn 0.77023 -0.52392 -0.36367
vn -0.16922 -0.68473 -0.70888
vn -0.6395 -0.48005 -0.6005
vn -0.93292 -0.14588 -0.3292
vn -0.97394 0.22499 0.02852
vn -0.74192 0.60663 0.28557
vn -0.32156 0.798 0.50969
vn 0.18313 0.77918 0.59945
vn 0.64018 0.5549 0.53127
vn 0.92896 0.18266 0.32196
vn 0.9704 -0.24014 0.02564
vn 0.34901 -0.70099 -0.62194
vn 0.74992 -0.59991 -0.2788
vn -0.1893 -0.7778 -0.59933
vn -0.65109 -0.54621 -0.52701
vn -0.93509 -0.16761 -0.31228
vn -0.96705 0.25417 -0.01472
vn -0.73623 0.63289 0.23962
vn -0.31141 0.83513 0.45341
vn 0.19651 0.81436 0.54608
vn 0.6521 0.57603 0.4929
vn 0.93357 0.18348 0.30787
vn 0.96514 -0.25862 0.04019
vn 0.32478 -0.79758 -0.50831
vn 0.73766 -0.63165 -0.23848
vn -0.19779 -0.81406 -0.54606
vn -0.65424 -0.57423 -0.49217
vn -0.93471 -0.18044 -0.3062
vn -0.96449 0.26133 -0.03835
vn -0.742 0.62202 0.25005
vn -0.3163 0.82392 0.47022
vn 0.19528 0.80288 0.56325
vn 0.65355 0.56477 0.50389
vn 0.93489 0.1749 0.30884
vn 0.96486 -0.26089 0.03142
vn 0.31189 -0.83509 -0.45316
vn 0.73738 -0.62601 -0.25374
vn -0.19197 -0.80366 -0.56328
vn -0.64767 -0.56967 -0.50597
vn -0.93159 -0.18351 -0.31378
vn -0.96683 0.2527 -0.0372
vn -0.75606 0.57889 0.30539
vn -0.3329 0.7694 0.54516
vn 0.1817 0.74981 0.63622
vn 0.64592 0.52568 0.55358
vn 0.93336 0.16005 0.32129
vn 0.96907 -0.24676 0.00385
vn 0.3143 -0.82421 -0.47106
vn 0.74715 -0.5862 -0.31327
vn -0.17521 -0.75125 -0.63633
vn -0.63409 -0.53477 -0.55853
vn -0.92655 -0.17587 -0.33252
vn -0.97261 0.23186 -0.01651
vn -0.77292 0.50725 0.38117
vn -0.35408 0.67616 0.64609
vn 0.16237 0.65958 0.73389
vn 0.63334 0.46239 0.62054
vn 0.93019 0.1405 0.33914
vn 0.97564 -0.21711 -0.03156
vn 0.32901 -0.76995 -0.54674
vn 0.76224 -0.5152 -0.39187
vn -0.15437 -0.66123 -0.73413
vn -0.61853 -0.47223 -0.62802
vn -0.92131 -0.15758 -0.35547
vn -0.97949 0.20102 0.01366
vn -0.98544 0.16436 0.04353
vn -0.78721 0.4184 0.45303
vn -0.37302 0.55914 0.74042
vn 0.62058 0.38445 0.68344
vn 0.92652 0.11866 0.35705
vn 0.98211 -0.17741 -0.06319
vn 0.77704 -0.42488 -0.46442
vn 0.3685 -0.5598 -0.74218
vn 0.34941 -0.67685 -0.6479
vn -0.13603 -0.54803 -0.82532
vn -0.60573 -0.39248 -0.69214
vn -0.91736 -0.13248 -0.37536
vn -0.98954 0.12764 0.06721
vn -0.7968 0.32844 0.50718
vn 0.13015 0.43208 0.89239
vn 0.14397 0.5466 0.82492
vn 0.6103 0.30585 0.73074
vn 0.92326 0.09723 0.37167
vn 0.98697 -0.13641 -0.08532
vn 0.78832 -0.33273 -0.51753
vn 0.38252 -0.44077 -0.81204
vn -0.1234 -0.43292 -0.89295
vn -0.59758 -0.31114 -0.73898
vn -0.91518 -0.10649 -0.38871
vn -0.98454 0.1547 0.0821
vn -0.38633 0.44042 0.81042
vn -0.78318 0.36285 0.50495
vn 0.12386 0.46449 0.87687
vn 0.59542 0.33249 0.73139
vn 0.91297 0.11215 0.39231
vn 0.98868 -0.13978 -0.05447
vn 0.79606 -0.35545 -0.48984
vn 0.38326 -0.4743 -0.79256
vn -0.13618 -0.46207 -0.87633
vn -0.61645 -0.32253 -0.71831
vn -0.92577 -0.09596 -0.36569
vn -0.96804 0.24932 0.02719
vn -0.37854 0.47545 0.79414
vn -0.74785 0.54835 0.37422
vn 0.15549 0.68305 0.71363
vn 0.61214 0.48708 0.62293
vn 0.91467 0.16291 0.36991
vn 0.97775 -0.20928 0.01471
vn 0.77299 -0.52933 -0.3497
vn 0.34841 -0.70357 -0.61936
vn -0.17666 -0.678 -0.71351
vn -0.64871 -0.46105 -0.60548
vn -0.93586 -0.11933 -0.33154
vn -0.71004 0.67904 0.18642
vn -0.28566 0.87622 0.38812
vn -0.3386 0.7051 0.62304
vn 0.21196 0.84617 0.48894
vn 0.65588 0.59619 0.46301
vn 0.93017 0.18802 0.31533
vn 0.95826 -0.27378 0.08235
vn 0.72607 -0.66503 -0.17481
vn -0.22331 -0.84308 -0.48923
vn -0.67563 -0.57795 -0.4577
vn -0.94055 -0.15678 -0.30131
vn -0.95079 0.30292 -0.06518
vn -0.68817 0.72185 0.07322
vn -0.253 0.93682 0.24158
vn 0.2484 0.90472 0.34609
vn 0.68487 0.63387 0.35939
vn 0.9409 0.1942 0.27746
vn 0.9465 -0.29911 0.12112
vn 0.29233 -0.87529 -0.38525
vn 0.69696 -0.71383 -0.06847
vn -0.25277 -0.90339 -0.34641
vn -0.69359 -0.62489 -0.35838
vn -0.94534 -0.17795 -0.27324
vn -0.94214 0.31487 -0.11502
vn -0.6797 0.73308 0.02451
vn -0.23814 0.95577 0.17262
vn 0.26651 0.92387 0.27466
vn 0.70023 0.64614 0.30361
vn 0.94774 0.19603 0.25171
vn 0.94238 -0.30722 0.13245
vn 0.25742 -0.93601 -0.24004
vn 0.68421 -0.72893 -0.02252
vn -0.26663 -0.92385 -0.27462
vn -0.7029 -0.64329 -0.30349
vn -0.94933 -0.18973 -0.25056
vn -0.94036 0.3142 -0.13037
vn -0.68033 0.73265 0.0196
vn -0.23493 0.95938 0.1562
vn 0.27312 0.92871 0.25081
vn 0.70765 0.64948 0.27822
vn 0.95278 0.19682 0.23124
vn 0.94336 -0.30833 0.1225
vn 0.2416 -0.95508 -0.17164
vn 0.68193 -0.73117 -0.01898
vn -0.27004 -0.92972 -0.25041
vn -0.70602 -0.65124 -0.27826
vn -0.95255 -0.19776 -0.23139
vn -0.94318 0.30894 -0.12234
vn -0.68745 0.72445 0.05081
vn -0.23976 0.95359 0.18215
vn 0.27225 0.92524 0.26423
vn 0.71023 0.64799 0.2751
vn 0.95703 0.19762 0.21221
vn 0.94794 -0.30465 0.09277
vn 0.23799 -0.95875 -0.15546
vn 0.68656 -0.72526 -0.05121
vn -0.26594 -0.92724 -0.26364
vn -0.70447 -0.65407 -0.27553
vn -0.95512 -0.20519 -0.21365
vn -0.94936 0.29973 -0.0942
vn -0.69952 0.70454 0.11958
vn -0.25033 0.93502 0.25114
vn 0.26654 0.91112 0.31434
vn 0.70995 0.64072 0.29231
vn 0.96102 0.19915 0.19179
vn 0.95499 -0.29387 0.04046
vn 0.24277 -0.95295 -0.18154
vn 0.69606 -0.70768 -0.12118
vn -0.25607 -0.91424 -0.31399
vn -0.69913 -0.65167 -0.2942
vn -0.957 -0.21404 -0.19578
vn -0.95814 0.28286 -0.04432
vn -0.71366 0.66055 0.23315
vn -0.26303 0.89068 0.37081
vn 0.25939 0.87602 0.40659
vn 0.7089 0.62262 0.33137
vn 0.96481 0.20293 0.16722
vn 0.96251 -0.2682 -0.04057
vn 0.25365 -0.93426 -0.25065
vn 0.70702 -0.6664 -0.23671
vn -0.24315 -0.88025 -0.40747
vn -0.69119 -0.63915 -0.33727
vn -0.95781 -0.22645 -0.17697
vn -0.96772 0.25001 0.03198
vn -0.72209 0.56642 0.39718
vn -0.26914 0.79227 0.54761
vn 0.25809 0.79732 0.54559
vn 0.71105 0.5828 0.39338
vn 0.9676 0.2127 0.13601
vn 0.96524 -0.21025 -0.15528
vn 0.26714 -0.88958 -0.37052
vn 0.71113 -0.5753 -0.40413
vn -0.23403 -0.80189 -0.54973
vn -0.68408 -0.60427 -0.40852
vn -0.95663 -0.24472 -0.15801
vn -0.97318 0.18452 0.13735
vn -0.70729 0.38622 0.59209
vn -0.25003 0.59931 0.76047
vn 0.27691 0.64288 0.71416
vn 0.72255 0.50731 0.46963
vn 0.96659 0.23581 0.10052
vn 0.95215 -0.09445 -0.29068
vn 0.27423 -0.7905 -0.54763
vn 0.69175 -0.39712 -0.60313
vn -0.24561 -0.64516 -0.7235
vn -0.68726 -0.52709 -0.49985
vn -0.95272 -0.26862 -0.142
vn -0.96368 0.06606 0.25875
vn -0.65266 0.12323 0.74756
vn -0.19001 0.31251 0.93072
vn 0.32572 0.41319 0.8504
vn 0.74619 0.39783 0.53379
vn 0.95856 0.27453 0.07619
vn 0.91491 0.08024 -0.39561
vn 0.25597 -0.59711 -0.76022
vn 0.63557 -0.1328 -0.76053
vn -0.29459 -0.41025 -0.86308
vn -0.71238 -0.40456 -0.57345
vn -0.94751 -0.29235 -0.12946
vn -0.92931 -0.09951 0.35564
vn -0.90098 -0.18913 0.39047
vn -0.60758 -0.0222 0.79395
vn 0.35417 0.2819 0.89168
vn 0.75844 0.33548 0.55876
vn 0.95228 0.29634 0.07308
vn 0.88717 0.17781 -0.4258
vn 0.59273 0.0151 -0.80526
vn 0.15173 -0.14961 -0.97703
vn 0.19567 -0.311 -0.93005
vn -0.32881 -0.27698 -0.90286
vn -0.73143 -0.33464 -0.59416
vn -0.94507 -0.30373 -0.1208
vn -0.14716 0.15054 0.97759
vt 0.01667 1
vt 0 0.91667
vt 0 1
vt 0 0.08333
vt 0.01667 0
vt 0 0
vt 0 0.16667
vt 0.01667 0.08333
vt 0 0.25
vt 0.01667 0.16667
vt 0 0.33333
vt 0.01667 0.25
vt 0 0.41667
vt 0.01667 0.33333
vt 0 0.5
vt 0.01667 0.41667
vt 0.01667 0.58333
vt 0 0.58333
vt 0.01667 0.66667
vt 0 0.66667
vt 0.01667 0.75
vt 0 0.75
vt 0.01667 0.83333
vt 0 0.83333
vt 0.01667 0.91667
vt 0.03333 1
vt 0.03333 0
vt 0.03333 0.08333
vt 0.03333 0.16667
vt 0.03333 0.25
vt 0.03333 0.33333
vt 0.01667 0.5
vt 0.03333 0.41667
vt 0.03333 0.58333
vt 0.03333 0.66667
vt 0.03333 0.75
vt 0.03333 0.83333
vt 0.03333 0.91667
vt 0.05 1
vt 0.05 0
vt 0.05 0.08333
vt 0.05 0.16667
vt 0.05 0.25
vt 0.05 0.33333
vt 0.03333 0.5
vt 0.05 0.41667
vt 0.05 0.58333
vt 0.05 0.66667
vt 0.05 0.75
vt 0.05 0.83333
vt 0.05 0.91667
vt 0.06667 1
vt 0.06667 0
vt 0.06667 0.08333
vt 0.06667 0.16667
vt 0.06667 0.25
vt 0.06667 0.33333
vt 0.05 0.5
vt 0.06667 0.41667
vt 0.06667 0.58333
vt 0.06667 0.66667
vt 0.06667 0.75
vt 0.06667 0.83333
vt 0.06667 0.91667
vt 0.08333 1
vt 0.08333 0
vt 0.08333 0.08333
vt 0.08333 0.16667
vt 0.08333 0.25
vt 0.08333 0.33333
vt 0.06667 0.5
vt 0.08333 0.41667
vt 0.08333 0.58333
vt 0.08333 0.66667
vt 0.08333 0.75
vt 0.08333 0.83333
vt 0.08333 0.91667
vt 0.1 1
vt 0.1 0
vt 0.1 0.08333
vt 0.1 0.16667
vt 0.1 0.25
vt 0.1 0.33333
vt 0.08333 0.5
vt 0.1 0.41667
vt 0.1 0.58333
vt 0.1 0.66667
vt 0.1 0.75
vt 0.1 0.83333
vt 0.1 0.91667
vt 0.11667 1
vt 0.11667 0
vt 0.11667 0.08333
vt 0.11667 0.16667
vt 0.11667 0.25
vt 0.11667 0.33333
vt 0.1 0.5
vt 0.11667 0.41667
vt 0.11667 0.58333
vt 0.11667 0.66667
vt 0.11667 0.75
vt 0.11667 0.83333
vt 0.11667 0.91667
vt 0.13333 1
vt 0.13333 0
vt 0.13333 0.08333
vt 0.13333 0.16667
vt 0.13333 0.25
vt 0.13333 0.33333
vt 0.11667 0.5
vt 0.13333 0.41667
vt 0.13333 0.58333
vt 0.13333 0.66667
vt 0.13333 0.75
vt 0.13333 0.83333
vt 0.13333 0.91667
vt 0.15 1
vt 0.15 0
vt 0.15 0.08333
vt 0.15 0.16667
vt 0.15 0.25
vt 0.15 0.33333
vt 0.13333 0.5
vt 0.15 0.41667
vt 0.15 0.58333
vt 0.15 0.66667
vt 0.15 0.75
vt 0.15 0.83333
vt 0.15 0.91667
vt 0.16667 1
vt 0.16667 0
vt 0.16667 0.08333
vt 0.16667 0.16667
vt 0.16667 0.25
vt 0.16667 0.33333
vt 0.15 0.5
vt 0.16667 0.41667
vt 0.16667 0.58333
vt 0.16667 0.66667
vt 0.16667 0.75
vt 0.16667 0.83333
vt 0.16667 0.91667
vt 0.18333 1
vt 0.18333 0
vt 0.18333 0.08333
vt 0.18333 0.16667
vt 0.18333 0.25
vt 0.18333 0.33333
vt 0.16667 0.5
vt 0.18333 0.41667
vt 0.18333 0.58333
vt 0.18333 0.66667
vt 0.18333 0.75
vt 0.18333 0.83333
vt 0.18333 0.91667
vt 0.2 1
vt 0.2 0.08333
vt 0.2 0.16667
vt 0.2 0.25
vt 0.2 0.33333
vt 0.2 0.41667
vt 0.18333 0.5
vt 0.2 0.5
vt 0.2 0.58333
vt 0.2 0.66667
vt 0.2 0.75
vt 0.2 0.83333
vt 0.21667 1
vt 0.2 0.91667
vt 0.21667 0.08333
vt 0.2 0
vt 0.21667 0.16667
vt 0.21667 0.25
vt 0.21667 0.33333
vt 0.21667 0.41667
vt 0.21667 0.5
vt 0.21667 0.58333
vt 0.21667 0.66667
vt 0.21667 0.75
vt 0.21667 0.83333
vt 0.23333 0.91667
vt 0.21667 0.91667
vt 0.23333 0
vt 0.21667 0
vt 0.23333 0.08333
vt 0.23333 0.16667
vt 0.23333 0.33333
vt 0.23333 0.41667
vt 0.23333 0.5
vt 0.23333 0.58333
vt 0.23333 0.66667
vt 0.23333 0.75
vt 0.23333 0.83333
vt 0.23333 1
vt 0.25 0.91667
vt 0.25 0
vt 0.25 0.08333
vt 0.23333 0.25
vt 0.25 0.16667
vt 0.25 0.33333
vt 0.25 0.41667
vt 0.25 0.5
vt 0.25 0.58333
vt 0.25 0.66667
vt 0.25 0.75
vt 0.25 0.83333
vt 0.25 1
vt 0.26667 0.91667
vt 0.26667 0
vt 0.26667 0.08333
vt 0.25 0.25
vt 0.26667 0.16667
vt 0.26667 0.33333
vt 0.26667 0.41667
vt 0.26667 0.5
vt 0.26667 0.58333
vt 0.26667 0.66667
vt 0.26667 0.75
vt 0.26667 0.83333
vt 0.26667 1
vt 0.28333 0.91667
vt 0.28333 0
vt 0.28333 0.08333
vt 0.26667 0.25
vt 0.28333 0.16667
vt 0.28333 0.33333
vt 0.28333 0.41667
vt 0.28333 0.5
vt 0.28333 0.58333
vt 0.28333 0.66667
vt 0.28333 0.75
vt 0.28333 0.83333
vt 0.28333 1
vt 0.3 0.91667
vt 0.3 0
vt 0.3 0.08333
vt 0.28333 0.25
vt 0.3 0.16667
vt 0.3 0.33333
vt 0.3 0.41667
vt 0.3 0.5
vt 0.3 0.58333
vt 0.3 0.66667
vt 0.3 0.75
vt 0.3 0.83333
vt 0.3 1
vt 0.31667 0.91667
vt 0.31667 0
vt 0.31667 0.08333
vt 0.3 0.25
vt 0.31667 0.16667
vt 0.31667 0.33333
vt 0.31667 0.41667
vt 0.31667 0.5
vt 0.31667 0.58333
vt 0.31667 0.66667
vt 0.31667 0.75
vt 0.31667 0.83333
vt 0.31667 1
vt 0.33333 0.91667
vt 0.33333 0
vt 0.33333 0.08333
vt 0.31667 0.25
vt 0.33333 0.16667
vt 0.33333 0.33333
vt 0.33333 0.41667
vt 0.33333 0.5
vt 0.33333 0.58333
vt 0.33333 0.66667
vt 0.33333 0.75
vt 0.33333 0.83333
vt 0.33333 1
vt 0.35 0.91667
vt 0.35 0
vt 0.35 0.08333
vt 0.33333 0.25
vt 0.35 0.16667
vt 0.35 0.33333
vt 0.35 0.41667
vt 0.35 0.5
vt 0.35 0.58333
vt 0.35 0.66667
vt 0.35 0.75
vt 0.35 0.83333
vt 0.35 1
vt 0.36667 0.91667
vt 0.36667 0
vt 0.36667 0.08333
vt 0.35 0.25
vt 0.36667 0.16667
vt 0.36667 0.33333
vt 0.36667 0.41667
vt 0.36667 0.5
vt 0.36667 0.58333
vt 0.36667 0.66667
vt 0.36667 0.75
vt 0.36667 0.83333
vt 0.36667 1
vt 0.38333 0.91667
vt 0.38333 0
vt 0.38333 0.08333
vt 0.36667 0.25
vt 0.38333 0.16667
vt 0.38333 0.33333
vt 0.38333 0.41667
vt 0.38333 0.5
vt 0.38333 0.58333
vt 0.38333 0.66667
vt 0.38333 0.75
vt 0.38333 0.83333
vt 0.4 1
vt 0.38333 1
vt 0.4 0.08333
vt 0.4 0.16667
vt 0.38333 0.25
vt 0.4 0.25
vt 0.4 0.33333
vt 0.4 0.41667
vt 0.4 0.5
vt 0.4 0.58333
vt 0.4 0.75
vt 0.4 0.83333
vt 0.4 0.91667
vt 0.41667 1
vt 0.41667 0.08333
vt 0.4 0
vt 0.41667 0.16667
vt 0.41667 0.25
vt 0.41667 0.33333
vt 0.41667 0.41667
vt 0.41667 0.5
vt 0.4 0.66667
vt 0.41667 0.58333
vt 0.41667 0.75
vt 0.41667 0.83333
vt 0.41667 0.91667
vt 0.43333 0.91667
vt 0.43333 0.08333
vt 0.41667 0
vt 0.43333 0.16667
vt 0.43333 0.25
vt 0.43333 0.33333
vt 0.43333 0.41667
vt 0.43333 0.5
vt 0.41667 0.66667
vt 0.43333 0.58333
vt 0.43333 0.66667
vt 0.43333 0.75
vt 0.43333 0.83333
vt 0.43333 1
vt 0.45 0.91667
vt 0.45 0.08333
vt 0.43333 0
vt 0.45 0.16667
vt 0.45 0.25
vt 0.45 0.33333
vt 0.45 0.41667
vt 0.45 0.5
vt 0.45 0.58333
vt 0.45 0.66667
vt 0.45 0.75
vt 0.45 0.83333
vt 0.45 1
vt 0.46667 0.91667
vt 0.46667 0.08333
vt 0.45 0
vt 0.46667 0.16667
vt 0.46667 0.25
vt 0.46667 0.33333
vt 0.46667 0.41667
vt 0.46667 0.5
vt 0.46667 0.58333
vt 0.46667 0.66667
vt 0.46667 0.75
vt 0.46667 0.83333
vt 0.46667 1
vt 0.48333 0.91667
vt 0.48333 0.08333
vt 0.46667 0
vt 0.48333 0.16667
vt 0.48333 0.25
vt 0.48333 0.33333
vt 0.48333 0.41667
vt 0.48333 0.5
vt 0.48333 0.58333
vt 0.48333 0.66667
vt 0.48333 0.75
vt 0.48333 0.83333
vt 0.48333 1
vt 0.5 0.91667
vt 0.5 0.08333
vt 0.48333 0
vt 0.5 0.16667
vt 0.5 0.25
vt 0.5 0.33333
vt 0.5 0.41667
vt 0.5 0.5
vt 0.5 0.58333
vt 0.5 0.66667
vt 0.5 0.75
vt 0.5 0.83333
vt 0.5 1
vt 0.51667 0.91667
vt 0.51667 0.08333
vt 0.5 0
vt 0.51667 0.16667
vt 0.51667 0.25
vt 0.51667 0.33333
vt 0.51667 0.41667
vt 0.51667 0.5
vt 0.51667 0.58333
vt 0.51667 0.66667
vt 0.51667 0.75
vt 0.51667 0.83333
vt 0.51667 1
vt 0.53333 0.91667
vt 0.53333 0.08333
vt 0.51667 0
vt 0.53333 0.16667
vt 0.53333 0.25
vt 0.53333 0.33333
vt 0.53333 0.41667
vt 0.53333 0.5
vt 0.53333 0.58333
vt 0.53333 0.66667
vt 0.53333 0.75
vt 0.53333 0.83333
vt 0.53333 1
vt 0.55 0.91667
vt 0.55 0.08333
vt 0.53333 0
vt 0.55 0.16667
vt 0.55 0.25
vt 0.55 0.33333
vt 0.55 0.41667
vt 0.55 0.5
vt 0.55 0.58333
vt 0.55 0.66667
vt 0.55 0.75
vt 0.55 0.83333
vt 0.55 1
vt 0.56667 0.91667
vt 0.56667 0.08333
vt 0.55 0
vt 0.56667 0.16667
vt 0.56667 0.25
vt 0.56667 0.33333
vt 0.56667 0.41667
vt 0.56667 0.5
vt 0.56667 0.58333
vt 0.56667 0.66667
vt 0.56667 0.75
vt 0.56667 0.83333
vt 0.56667 1
vt 0.58333 0.91667
vt 0.58333 0.08333
vt 0.56667 0
vt 0.58333 0.16667
vt 0.58333 0.25
vt 0.58333 0.33333
vt 0.58333 0.41667
vt 0.58333 0.5
vt 0.58333 0.58333
vt 0.58333 0.66667
vt 0.58333 0.75
vt 0.58333 0.83333
vt 0.58333 1
vt 0.6 0.91667
vt 0.6 0
vt 0.58333 0
vt 0.6 0.08333
vt 0.6 0.25
vt 0.6 0.33333
vt 0.6 0.41667
vt 0.6 0.5
vt 0.6 0.58333
vt 0.6 0.66667
vt 0.6 0.75
vt 0.6 0.83333
vt 0.6 1
vt 0.61667 0.91667
vt 0.61667 0
vt 0.6 0.16667
vt 0.61667 0.08333
vt 0.61667 0.25
vt 0.61667 0.33333
vt 0.61667 0.41667
vt 0.61667 0.5
vt 0.61667 0.58333
vt 0.61667 0.66667
vt 0.61667 0.75
vt 0.61667 0.83333
vt 0.61667 1
vt 0.63333 0.91667
vt 0.63333 0
vt 0.63333 0.16667
vt 0.61667 0.16667
vt 0.63333 0.25
vt 0.63333 0.33333
vt 0.63333 0.41667
vt 0.63333 0.5
vt 0.63333 0.58333
vt 0.63333 0.66667
vt 0.63333 0.75
vt 0.63333 0.83333
vt 0.63333 1
vt 0.65 0.91667
vt 0.63333 0.08333
vt 0.65 0
vt 0.65 0.16667
vt 0.65 0.25
vt 0.65 0.33333
vt 0.65 0.41667
vt 0.65 0.5
vt 0.65 0.58333
vt 0.65 0.66667
vt 0.65 0.75
vt 0.65 0.83333
vt 0.66667 1
vt 0.65 1
vt 0.66667 0.08333
vt 0.65 0.08333
vt 0.66667 0.16667
vt 0.66667 0.25
vt 0.66667 0.33333
vt 0.66667 0.41667
vt 0.66667 0.5
vt 0.66667 0.66667
vt 0.66667 0.75
vt 0.66667 0.83333
vt 0.66667 0.91667
vt 0.68333 1
vt 0.68333 0.08333
vt 0.66667 0
vt 0.68333 0.16667
vt 0.68333 0.25
vt 0.68333 0.33333
vt 0.68333 0.41667
vt 0.66667 0.58333
vt 0.68333 0.5
vt 0.68333 0.66667
vt 0.68333 0.75
vt 0.68333 0.83333
vt 0.68333 0.91667
vt 0.7 1
vt 0.7 0.08333
vt 0.68333 0
vt 0.7 0.16667
vt 0.7 0.25
vt 0.7 0.33333
vt 0.7 0.41667
vt 0.68333 0.58333
vt 0.7 0.5
vt 0.7 0.66667
vt 0.7 0.75
vt 0.7 0.83333
vt 0.7 0.91667
vt 0.71667 1
vt 0.71667 0.08333
vt 0.7 0
vt 0.71667 0.16667
vt 0.71667 0.25
vt 0.71667 0.33333
vt 0.71667 0.41667
vt 0.7 0.58333
vt 0.71667 0.5
vt 0.71667 0.66667
vt 0.71667 0.75
vt 0.71667 0.83333
vt 0.71667 0.91667
vt 0.73333 1
vt 0.73333 0.08333
vt 0.71667 0
vt 0.73333 0.16667
vt 0.73333 0.25
vt 0.73333 0.33333
vt 0.73333 0.41667
vt 0.71667 0.58333
vt 0.73333 0.5
vt 0.73333 0.66667
vt 0.73333 0.75
vt 0.73333 0.83333
vt 0.73333 0.91667
vt 0.75 1
vt 0.75 0.08333
vt 0.73333 0
vt 0.75 0.16667
vt 0.75 0.25
vt 0.75 0.33333
vt 0.75 0.41667
vt 0.73333 0.58333
vt 0.75 0.5
vt 0.75 0.66667
vt 0.75 0.75
vt 0.75 0.83333
vt 0.75 0.91667
vt 0.76667 0.91667
vt 0.76667 0
vt 0.75 0
vt 0.76667 0.08333
vt 0.76667 0.25
vt 0.76667 0.33333
vt 0.76667 0.41667
vt 0.76667 0.5
vt 0.76667 0.58333
vt 0.75 0.58333
vt 0.76667 0.66667
vt 0.76667 0.75
vt 0.76667 0.83333
vt 0.76667 1
vt 0.78333 0.91667
vt 0.78333 0
vt 0.78333 0.16667
vt 0.76667 0.16667
vt 0.78333 0.25
vt 0.78333 0.33333
vt 0.78333 0.41667
vt 0.78333 0.5
vt 0.78333 0.58333
vt 0.78333 0.66667
vt 0.78333 0.75
vt 0.78333 0.83333
vt 0.78333 1
vt 0.8 0.91667
vt 0.78333 0.08333
vt 0.8 0
vt 0.8 0.16667
vt 0.8 0.25
vt 0.8 0.33333
vt 0.8 0.41667
vt 0.8 0.5
vt 0.8 0.58333
vt 0.8 0.66667
vt 0.8 0.75
vt 0.8 0.83333
vt 0.8 1
vt 0.81667 0.91667
vt 0.8 0.08333
vt 0.81667 0
vt 0.81667 0.16667
vt 0.81667 0.25
vt 0.81667 0.33333
vt 0.81667 0.41667
vt 0.81667 0.5
vt 0.81667 0.58333
vt 0.81667 0.66667
vt 0.81667 0.75
vt 0.81667 0.83333
vt 0.83333 1
vt 0.81667 1
vt 0.83333 0.08333
vt 0.81667 0.08333
vt 0.83333 0.16667
vt 0.83333 0.25
vt 0.83333 0.33333
vt 0.83333 0.41667
vt 0.83333 0.5
vt 0.83333 0.66667
vt 0.83333 0.75
vt 0.83333 0.83333
vt 0.83333 0.91667
vt 0.85 1
vt 0.85 0.08333
vt 0.83333 0
vt 0.85 0.16667
vt 0.85 0.25
vt 0.85 0.33333
vt 0.85 0.41667
vt 0.83333 0.58333
vt 0.85 0.5
vt 0.85 0.66667
vt 0.85 0.75
vt 0.85 0.83333
vt 0.85 0.91667
vt 0.86667 1
vt 0.86667 0.08333
vt 0.85 0
vt 0.86667 0.16667
vt 0.86667 0.25
vt 0.86667 0.33333
vt 0.86667 0.41667
vt 0.85 0.58333
vt 0.86667 0.5
vt 0.86667 0.66667
vt 0.86667 0.75
vt 0.86667 0.83333
vt 0.86667 0.91667
vt 0.88333 1
vt 0.88333 0.08333
vt 0.86667 0
vt 0.88333 0.16667
vt 0.88333 0.25
vt 0.88333 0.33333
vt 0.88333 0.41667
vt 0.86667 0.58333
vt 0.88333 0.5
vt 0.88333 0.66667
vt 0.88333 0.75
vt 0.88333 0.83333
vt 0.88333 0.91667
vt 0.9 1
vt 0.9 0.08333
vt 0.88333 0
vt 0.9 0.16667
vt 0.9 0.25
vt 0.9 0.33333
vt 0.9 0.41667
vt 0.88333 0.58333
vt 0.9 0.5
vt 0.9 0.66667
vt 0.9 0.75
vt 0.9 0.83333
vt 0.9 0.91667
vt 0.91667 1
vt 0.91667 0.08333
vt 0.9 0
vt 0.91667 0.16667
vt 0.91667 0.25
vt 0.91667 0.33333
vt 0.91667 0.41667
vt 0.9 0.58333
vt 0.91667 0.5
vt 0.91667 0.66667
vt 0.91667 0.75
vt 0.91667 0.83333
vt 0.91667 0.91667
vt 0.93333 1
vt 0.93333 0.08333
vt 0.91667 0
vt 0.93333 0.16667
vt 0.93333 0.25
vt 0.93333 0.33333
vt 0.93333 0.41667
vt 0.91667 0.58333
vt 0.93333 0.5
vt 0.93333 0.66667
vt 0.93333 0.75
vt 0.93333 0.83333
vt 0.93333 0.91667
vt 0.95 1
vt 0.95 0.08333
vt 0.93333 0
vt 0.95 0.16667
vt 0.95 0.25
vt 0.95 0.33333
vt 0.95 0.41667
vt 0.93333 0.58333
vt 0.95 0.5
vt 0.95 0.66667
vt 0.95 0.75
vt 0.95 0.83333
vt 0.95 0.91667
vt 0.96667 1
vt 0.96667 0.08333
vt 0.95 0
vt 0.96667 0.16667
vt 0.96667 0.25
vt 0.96667 0.33333
vt 0.96667 0.41667
vt 0.95 0.58333
vt 0.96667 0.5
vt 0.96667 0.66667
vt 0.96667 0.75
vt 0.96667 0.83333
vt 0.96667 0.91667
vt 0.98333 1
vt 0.98333 0.08333
vt 0.96667 0
vt 0.98333 0.16667
vt 0.98333 0.25
vt 0.98333 0.33333
vt 0.98333 0.41667
vt 0.96667 0.58333
vt 0.98333 0.5
vt 0.98333 0.66667
vt 0.98333 0.75
vt 0.98333 0.83333
vt 0.98333 0.91667
vt 1 0.91667
vt 1 0
vt 0.98333 0
vt 1 0.16667
vt 1 0.25
vt 1 0.33333
vt 1 0.41667
vt 1 0.5
vt 1 0.58333
vt 0.98333 0.58333
vt 1 0.66667
vt 1 0.75
vt 1 0.83333
vt 1 1
vt 1 0.08333
usemtl mat2
f 3075/3742/3075 3076/3743/3076 3077/3744/3077
f 3078/3745/3078 3075/3746/3075 3077/3747/3077
f 3079/3748/3079 3080/3749/3080 3078/3745/3078
f 3081/3750/3081 3082/3751/3082 3079/3748/3079
f 3083/3752/3083 3084/3753/3084 3081/3750/3081
f 3085/3754/3085 3086/3755/3086 3083/3752/3083
f 3087/3756/3087 3088/3757/3088 3085/3754/3085
f 3089/3758/3089 3087/3756/3087 3090/3759/3090
f 3091/3760/3091 3090/3759/3090 3092/3761/3092
f 3093/3762/3093 3092/3761/3092 3094/3763/3094
f 3095/3764/3095 3094/3763/3094 3096/3765/3096
f 3097/3766/3097 3096/3765/3096 3076/3743/3076
f 3098/3767/3098 3097/3766/3097 3075/3742/3075
f 3080/3749/3080 3098/3768/3098 3075/3746/3075
f 3082/3751/3082 3099/3769/3099 3080/3749/3080
f 3084/3753/3084 3100/3770/3100 3082/3751/3082
f 3086/3755/3086 3101/3771/3101 3084/3753/3084
f 3088/3757/3088 3102/3772/3102 3086/3755/3086
f 3103/3773/3103 3104/3774/3104 3088/3757/3088
f 3105/3775/3105 3103/3773/3103 3089/3758/3089
f 3106/3776/3106 3089/3758/3089 3091/3760/3091
f 3107/3777/3107 3091/3760/3091 3093/3762/3093
f 3108/3778/3108 3093/3762/3093 3095/3764/3095
f 3109/3779/3109 3095/3764/3095 3097/3766/3097
f 3110/3780/3110 3109/3779/3109 3098/3767/3098
f 3099/3769/3099 3110/3781/3110 3098/3768/3098
f 3100/3770/3100 3111/3782/3111 3099/3769/3099
f 3101/3771/3101 3112/3783/3112 3100/3770/3100
f 3102/3772/3102 3113/3784/3113 3101/3771/3101
f 3104/3774/3104 3114/3785/3114 3102/3772/3102
f 3115/3786/3115 3116/3787/3116 3104/3774/3104
f 3117/3788/3117 3115/3786/3115 3105/3775/3105
f 3118/3789/3118 3105/3775/3105 3106/3776/3106
f 3119/3790/3119 3106/3776/3106 3107/3777/3107
f 3120/3791/3120 3107/3777/3107 3108/3778/3108
f 3121/3792/3121 3108/3778/3108 3109/3779/3109
f 3122/3793/3122 3121/3792/3121 3110/3780/3110
f 3111/3782/3111 3122/3794/3122 3110/3781/3110
f 3112/3783/3112 3123/3795/3123 3111/3782/3111
f 3113/3784/3113 3124/3796/3124 3112/3783/3112
f 3114/3785/3114 3125/3797/3125 3113/3784/3113
f 3116/3787/3116 3126/3798/3126 3114/3785/3114
f 3127/3799/3127 3128/3800/3128 3116/3787/3116
f 3129/3801/3129 3127/3799/3127 3117/3788/3117
f 3130/3802/3130 3117/3788/3117 3118/3789/3118
f 3131/3803/3131 3118/3789/3118 3119/3790/3119
f 3132/3804/3132 3119/3790/3119 3120/3791/3120
f 3133/3805/3133 3120/3791/3120 3121/3792/3121
f 3134/3806/3134 3133/3805/3133 3122/3793/3122
f 3123/3795/3123 3134/3807/3134 3122/3794/3122
f 3124/3796/3124 3135/3808/3135 3123/3795/3123
f 3125/3797/3125 3136/3809/3136 3124/3796/3124
f 3126/3798/3126 3137/3810/3137 3125/3797/3125
f 3128/3800/3128 3138/3811/3138 3126/3798/3126
f 3139/3812/3139 3140/3813/3140 3128/3800/3128
f 3141/3814/3141 3139/3812/3139 3129/3801/3129
f 3142/3815/3142 3129/3801/3129 3130/3802/3130
f 3143/3816/3143 3130/3802/3130 3131/3803/3131
f 3144/3817/3144 3131/3803/3131 3132/3804/3132
f 3145/3818/3145 3132/3804/3132 3133/3805/3133
f 3146/3819/3146 3145/3818/3145 3134/3806/3134
f 3135/3808/3135 3146/3820/3146 3134/3807/3134
f 3136/3809/3136 3147/3821/3147 3135/3808/3135
f 3137/3810/3137 3148/3822/3148 3136/3809/3136
f 3138/3811/3138 3149/3823/3149 3137/3810/3137
f 3140/3813/3140 3150/3824/3150 3138/3811/3138
f 3151/3825/3151 3152/3826/3152 3140/3813/3140
f 3153/3827/3153 3151/3825/3151 3141/3814/3141
f 3154/3828/3154 3141/3814/3141 3142/3815/3142
f 3155/3829/3155 3142/3815/3142 3143/3816/3143
f 3156/3830/3156 3143/3816/3143 3144/3817/3144
f 3157/3831/3157 3144/3817/3144 3145/3818/3145
f 3158/3832/3158 3157/3831/3157 3146/3819/3146
f 3147/3821/3147 3158/3833/3158 3146/3820/3146
f 3148/3822/3148 3159/3834/3159 3147/3821/3147
f 3149/3823/3149 3160/3835/3160 3148/3822/3148
f 3150/3824/3150 3161/3836/3161 3149/3823/3149
f 3152/3826/3152 3162/3837/3162 3150/3824/3150
f 3163/3838/3163 3164/3839/3164 3152/3826/3152
f 3165/3840/3165 3163/3838/3163 3153/3827/3153
f 3166/3841/3166 3153/3827/3153 3154/3828/3154
f 3167/3842/3167 3154/3828/3154 3155/3829/3155
f 3168/3843/3168 3155/3829/3155 3156/3830/3156
f 3169/3844/3169 3156/3830/3156 3157/3831/3157
f 3170/3845/3170 3169/3844/3169 3158/3832/3158
f 3159/3834/3159 3170/3846/3170 3158/3833/3158
f 3160/3835/3160 3171/3847/3171 3159/3834/3159
f 3161/3836/3161 3172/3848/3172 3160/3835/3160
f 3162/3837/3162 3173/3849/3173 3161/3836/3161
f 3164/3839/3164 3174/3850/3174 3162/3837/3162
f 3175/3851/3175 3176/3852/3176 3164/3839/3164
f 3177/3853/3177 3175/3851/3175 3165/3840/3165
f 3178/3854/3178 3165/3840/3165 3166/3841/3166
f 3179/3855/3179 3166/3841/3166 3167/3842/3167
f 3180/3856/3180 3167/3842/3167 3168/3843/3168
f 3181/3857/3181 3168/3843/3168 3169/3844/3169
f 3182/3858/3182 3181/3857/3181 3170/3845/3170
f 3171/3847/3171 3182/3859/3182 3170/3846/3170
f 3172/3848/3172 3183/3860/3183 3171/3847/3171
f 3173/3849/3173 3184/3861/3184 3172/3848/3172
f 3174/3850/3174 3185/3862/3185 3173/3849/3173
f 3176/3852/3176 3186/3863/3186 3174/3850/3174
f 3187/3864/3187 3188/3865/3188 3176/3852/3176
f 3189/3866/3189 3187/3864/3187 3177/3853/3177
f 3190/3867/3190 3177/3853/3177 3178/3854/3178
f 3191/3868/3191 3178/3854/3178 3179/3855/3179
f 3192/3869/3192 3179/3855/3179 3180/3856/3180
f 3193/3870/3193 3180/3856/3180 3181/3857/3181
f 3194/3871/3194 3193/3870/3193 3182/3858/3182
f 3183/3860/3183 3194/3872/3194 3182/3859/3182
f 3184/3861/3184 3195/3873/3195 3183/3860/3183
f 3185/3862/3185 3196/3874/3196 3184/3861/3184
f 3186/3863/3186 3197/3875/3197 3185/3862/3185
f 3188/3865/3188 3198/3876/3198 3186/3863/3186
f 3199/3877/3199 3200/3878/3200 3188/3865/3188
f 3201/3879/3201 3199/3877/3199 3189/3866/3189
f 3202/3880/3202 3189/3866/3189 3190/3867/3190
f 3203/3881/3203 3190/3867/3190 3191/3868/3191
f 3204/3882/3204 3191/3868/3191 3192/3869/3192
f 3205/3883/3205 3192/3869/3192 3193/3870/3193
f 3206/3884/3206 3205/3883/3205 3194/3871/3194
f 3195/3873/3195 3206/3885/3206 3194/3872/3194
f 3196/3874/3196 3207/3886/3207 3195/3873/3195
f 3197/3875/3197 3208/3887/3208 3196/3874/3196
f 3198/3876/3198 3209/3888/3209 3197/3875/3197
f 3200/3878/3200 3210/3889/3210 3198/3876/3198
f 3211/3890/3211 3212/3891/3212 3200/3878/3200
f 3213/3892/3213 3211/3890/3211 3201/3879/3201
f 3214/3893/3214 3201/3879/3201 3202/3880/3202
f 3215/3894/3215 3202/3880/3202 3203/3881/3203
f 3216/3895/3216 3203/3881/3203 3204/3882/3204
f 3217/3896/3217 3204/3882/3204 3205/3883/3205
f 3218/3897/3218 3217/3896/3217 3206/3884/3206
f 3219/3898/3219 3206/3885/3206 3207/3886/3207
f 3220/3899/3220 3207/3886/3207 3208/3887/3208
f 3221/3900/3221 3208/3887/3208 3209/3888/3209
f 3222/3901/3222 3209/3888/3209 3210/3889/3210
f 3223/3902/3223 3210/3889/3210 3212/3891/3212
f 3224/3903/3224 3223/3902/3223 3212/3891/3212
f 3213/3892/3213 3225/3904/3225 3224/3903/3224
f 3214/3893/3214 3226/3905/3226 3213/3892/3213
f 3215/3894/3215 3227/3906/3227 3214/3893/3214
f 3216/3895/3216 3228/3907/3228 3215/3894/3215
f 3217/3896/3217 3229/3908/3229 3216/3895/3216
f 3230/3909/3230 3231/3910/3231 3218/3897/3218
f 3232/3911/3232 3218/3912/3218 3219/3898/3219
f 3233/3913/3233 3219/3898/3219 3220/3899/3220
f 3234/3914/3234 3220/3899/3220 3221/3900/3221
f 3235/3915/3235 3221/3900/3221 3222/3901/3222
f 3236/3916/3236 3222/3901/3222 3223/3902/3223
f 3225/3904/3225 3236/3916/3236 3223/3902/3223
f 3226/3905/3226 3237/3917/3237 3225/3904/3225
f 3227/3906/3227 3238/3918/3238 3226/3905/3226
f 3228/3907/3228 3239/3919/3239 3227/3906/3227
f 3229/3908/3229 3240/3920/3240 3228/3907/3228
f 3231/3910/3231 3241/3921/3241 3229/3908/3229
f 3230/3909/3230 3242/3922/3242 3243/3923/3243
f 3232/3911/3232 3244/3924/3244 3230/3925/3230
f 3233/3913/3233 3245/3926/3245 3232/3911/3232
f 3234/3914/3234 3246/3927/3246 3233/3913/3233
f 3247/3928/3247 3234/3914/3234 3235/3915/3235
f 3248/3929/3248 3235/3915/3235 3236/3916/3236
f 3249/3930/3249 3236/3916/3236 3237/3917/3237
f 3250/3931/3250 3237/3917/3237 3238/3918/3238
f 3251/3932/3251 3238/3918/3238 3239/3919/3239
f 3252/3933/3252 3239/3919/3239 3240/3920/3240
f 3241/3921/3241 3252/3933/3252 3240/3920/3240
f 3243/3923/3243 3253/3934/3253 3241/3921/3241
f 3244/3935/3244 3254/3936/3254 3242/3922/3242
f 3245/3926/3245 3255/3937/3255 3244/3924/3244
f 3246/3927/3246 3256/3938/3256 3245/3926/3245
f 3257/3939/3257 3258/3940/3258 3246/3927/3246
f 3259/3941/3259 3257/3939/3257 3247/3928/3247
f 3260/3942/3260 3247/3928/3247 3248/3929/3248
f 3261/3943/3261 3248/3929/3248 3249/3930/3249
f 3262/3944/3262 3249/3930/3249 3250/3931/3250
f 3263/3945/3263 3250/3931/3250 3251/3932/3251
f 3264/3946/3264 3251/3932/3251 3252/3933/3252
f 3253/3934/3253 3264/3946/3264 3252/3933/3252
f 3242/3922/3242 3265/3947/3265 3253/3934/3253
f 3255/3948/3255 3266/3949/3266 3254/3936/3254
f 3256/3938/3256 3267/3950/3267 3255/3937/3255
f 3258/3940/3258 3268/3951/3268 3256/3938/3256
f 3269/3952/3269 3270/3953/3270 3258/3940/3258
f 3271/3954/3271 3269/3952/3269 3259/3941/3259
f 3272/3955/3272 3259/3941/3259 3260/3942/3260
f 3273/3956/3273 3260/3942/3260 3261/3943/3261
f 3274/3957/3274 3261/3943/3261 3262/3944/3262
f 3275/3958/3275 3262/3944/3262 3263/3945/3263
f 3276/3959/3276 3263/3945/3263 3264/3946/3264
f 3265/3947/3265 3276/3959/3276 3264/3946/3264
f 3254/3936/3254 3277/3960/3277 3265/3947/3265
f 3267/3961/3267 3278/3962/3278 3266/3949/3266
f 3268/3951/3268 3279/3963/3279 3267/3950/3267
f 3270/3953/3270 3280/3964/3280 3268/3951/3268
f 3281/3965/3281 3282/3966/3282 3270/3953/3270
f 3283/3967/3283 3281/3965/3281 3271/3954/3271
f 3284/3968/3284 3271/3954/3271 3272/3955/3272
f 3285/3969/3285 3272/3955/3272 3273/3956/3273
f 3286/3970/3286 3273/3956/3273 3274/3957/3274
f 3287/3971/3287 3274/3957/3274 3275/3958/3275
f 3288/3972/3288 3275/3958/3275 3276/3959/3276
f 3277/3960/3277 3288/3972/3288 3276/3959/3276
f 3266/3949/3266 3289/3973/3289 3277/3960/3277
f 3279/3974/3279 3290/3975/3290 3278/3962/3278
f 3280/3964/3280 3291/3976/3291 3279/3963/3279
f 3282/3966/3282 3292/3977/3292 3280/3964/3280
f 3293/3978/3293 3294/3979/3294 3282/3966/3282
f 3295/3980/3295 3293/3978/3293 3283/3967/3283
f 3296/3981/3296 3283/3967/3283 3284/3968/3284
f 3297/3982/3297 3284/3968/3284 3285/3969/3285
f 3298/3983/3298 3285/3969/3285 3286/3970/3286
f 3299/3984/3299 3286/3970/3286 3287/3971/3287
f 3300/3985/3300 3287/3971/3287 3288/3972/3288
f 3289/3973/3289 3300/3985/3300 3288/3972/3288
f 3278/3962/3278 3301/3986/3301 3289/3973/3289
f 3291/3987/3291 3302/3988/3302 3290/3975/3290
f 3292/3977/3292 3303/3989/3303 3291/3976/3291
f 3294/3979/3294 3304/3990/3304 3292/3977/3292
f 3305/3991/3305 3306/3992/3306 3294/3979/3294
f 3307/3993/3307 3305/3991/3305 3295/3980/3295
f 3308/3994/3308 3295/3980/3295 3296/3981/3296
f 3309/3995/3309 3296/3981/3296 3297/3982/3297
f 3310/3996/3310 3297/3982/3297 3298/3983/3298
f 3311/3997/3311 3298/3983/3298 3299/3984/3299
f 3312/3998/3312 3299/3984/3299 3300/3985/3300
f 3301/3986/3301 3312/3998/3312 3300/3985/3300
f 3290/3975/3290 3313/3999/3313 3301/3986/3301
f 3303/4000/3303 3314/4001/3314 3302/3988/3302
f 3304/3990/3304 3315/4002/3315 3303/3989/3303
f 3306/3992/3306 3316/4003/3316 3304/3990/3304
f 3317/4004/3317 3318/4005/3318 3306/3992/3306
f 3319/4006/3319 3317/4004/3317 3307/3993/3307
f 3320/4007/3320 3307/3993/3307 3308/3994/3308
f 3321/4008/3321 3308/3994/3308 3309/3995/3309
f 3322/4009/3322 3309/3995/3309 3310/3996/3310
f 3323/4010/3323 3310/3996/3310 3311/3997/3311
f 3324/4011/3324 3311/3997/3311 3312/3998/3312
f 3313/3999/3313 3324/4011/3324 3312/3998/3312
f 3302/3988/3302 3325/4012/3325 3313/3999/3313
f 3315/4013/3315 3326/4014/3326 3314/4001/3314
f 3316/4003/3316 3327/4015/3327 3315/4002/3315
f 3318/4005/3318 3328/4016/3328 3316/4003/3316
f 3329/4017/3329 3330/4018/3330 3318/4005/3318
f 3331/4019/3331 3329/4017/3329 3319/4006/3319
f 3332/4020/3332 3319/4006/3319 3320/4007/3320
f 3333/4021/3333 3320/4007/3320 3321/4008/3321
f 3334/4022/3334 3321/4008/3321 3322/4009/3322
f 3335/4023/3335 3322/4009/3322 3323/4010/3323
f 3336/4024/3336 3323/4010/3323 3324/4011/3324
f 3325/4012/3325 3336/4024/3336 3324/4011/3324
f 3314/4001/3314 3337/4025/3337 3325/4012/3325
f 3327/4026/3327 3338/4027/3338 3326/4014/3326
f 3328/4016/3328 3339/4028/3339 3327/4015/3327
f 3330/4018/3330 3340/4029/3340 3328/4016/3328
f 3341/4030/3341 3342/4031/3342 3330/4018/3330
f 3343/4032/3343 3341/4030/3341 3331/4019/3331
f 3344/4033/3344 3331/4019/3331 3332/4020/3332
f 3345/4034/3345 3332/4020/3332 3333/4021/3333
f 3346/4035/3346 3333/4021/3333 3334/4022/3334
f 3347/4036/3347 3334/4022/3334 3335/4023/3335
f 3348/4037/3348 3335/4023/3335 3336/4024/3336
f 3337/4025/3337 3348/4037/3348 3336/4024/3336
f 3326/4014/3326 3349/4038/3349 3337/4025/3337
f 3339/4039/3339 3350/4040/3350 3338/4027/3338
f 3340/4029/3340 3351/4041/3351 3339/4028/3339
f 3342/4031/3342 3352/4042/3352 3340/4029/3340
f 3353/4043/3353 3354/4044/3354 3342/4031/3342
f 3355/4045/3355 3353/4043/3353 3343/4032/3343
f 3356/4046/3356 3343/4032/3343 3344/4033/3344
f 3357/4047/3357 3344/4033/3344 3345/4034/3345
f 3358/4048/3358 3345/4034/3345 3346/4035/3346
f 3359/4049/3359 3346/4035/3346 3347/4036/3347
f 3360/4050/3360 3347/4036/3347 3348/4037/3348
f 3349/4038/3349 3360/4050/3360 3348/4037/3348
f 3338/4027/3338 3361/4051/3361 3349/4038/3349
f 3362/4052/3362 3350/4040/3350 3351/4053/3351
f 3363/4054/3363 3351/4041/3351 3352/4042/3352
f 3364/4055/3364 3352/4042/3352 3354/4044/3354
f 3365/4056/3365 3364/4055/3364 3354/4044/3354
f 3355/4045/3355 3366/4057/3366 3365/4056/3365
f 3356/4046/3356 3367/4058/3367 3355/4045/3355
f 3357/4047/3357 3368/4059/3368 3356/4046/3356
f 3358/4048/3358 3369/4060/3369 3357/4047/3357
f 3359/4049/3359 3370/4061/3370 3358/4048/3358
f 3371/4062/3371 3359/4049/3359 3360/4050/3360
f 3372/4063/3372 3360/4050/3360 3361/4051/3361
f 3373/4064/3373 3361/4051/3361 3350/4040/3350
f 3374/4065/3374 3373/4064/3373 3362/4052/3362
f 3375/4066/3375 3362/4067/3362 3363/4054/3363
f 3376/4068/3376 3363/4054/3363 3364/4055/3364
f 3366/4057/3366 3376/4068/3376 3364/4055/3364
f 3367/4058/3367 3377/4069/3377 3366/4057/3366
f 3368/4059/3368 3378/4070/3378 3367/4058/3367
f 3369/4060/3369 3379/4071/3379 3368/4059/3368
f 3370/4061/3370 3380/4072/3380 3369/4060/3369
f 3381/4073/3381 3382/4074/3382 3370/4061/3370
f 3383/4075/3383 3381/4073/3381 3371/4062/3371
f 3384/4076/3384 3371/4062/3371 3372/4063/3372
f 3385/4077/3385 3372/4063/3372 3373/4064/3373
f 3374/4065/3374 3386/4078/3386 3385/4077/3385
f 3387/4079/3387 3374/4080/3374 3375/4066/3375
f 3388/4081/3388 3375/4066/3375 3376/4068/3376
f 3389/4082/3389 3376/4068/3376 3377/4069/3377
f 3390/4083/3390 3377/4069/3377 3378/4070/3378
f 3391/4084/3391 3378/4070/3378 3379/4071/3379
f 3392/4085/3392 3379/4071/3379 3380/4072/3380
f 3382/4074/3382 3392/4085/3392 3380/4072/3380
f 3393/4086/3393 3394/4087/3394 3382/4074/3382
f 3383/4075/3383 3395/4088/3395 3393/4086/3393
f 3384/4076/3384 3396/4089/3396 3383/4075/3383
f 3385/4077/3385 3397/4090/3397 3384/4076/3384
f 3398/4091/3398 3399/4092/3399 3386/4078/3386
f 3400/4093/3400 3398/4094/3398 3387/4079/3387
f 3401/4095/3401 3387/4079/3387 3388/4081/3388
f 3402/4096/3402 3388/4081/3388 3389/4082/3389
f 3403/4097/3403 3389/4082/3389 3390/4083/3390
f 3404/4098/3404 3390/4083/3390 3391/4084/3391
f 3405/4099/3405 3391/4084/3391 3392/4085/3392
f 3394/4087/3394 3405/4099/3405 3392/4085/3392
f 3395/4088/3395 3406/4100/3406 3394/4087/3394
f 3396/4089/3396 3407/4101/3407 3395/4088/3395
f 3397/4090/3397 3408/4102/3408 3396/4089/3396
f 3386/4078/3386 3409/4103/3409 3397/4090/3397
f 3410/4104/3410 3411/4105/3411 3399/4092/3399
f 3412/4106/3412 3410/4107/3410 3400/4093/3400
f 3413/4108/3413 3400/4093/3400 3401/4095/3401
f 3414/4109/3414 3401/4095/3401 3402/4096/3402
f 3415/4110/3415 3402/4096/3402 3403/4097/3403
f 3416/4111/3416 3403/4097/3403 3404/4098/3404
f 3417/4112/3417 3404/4098/3404 3405/4099/3405
f 3406/4100/3406 3417/4112/3417 3405/4099/3405
f 3407/4101/3407 3418/4113/3418 3406/4100/3406
f 3408/4102/3408 3419/4114/3419 3407/4101/3407
f 3409/4103/3409 3420/4115/3420 3408/4102/3408
f 3399/4092/3399 3421/4116/3421 3409/4103/3409
f 3422/4117/3422 3423/4118/3423 3411/4105/3411
f 3424/4119/3424 3422/4120/3422 3412/4106/3412
f 3425/4121/3425 3412/4106/3412 3413/4108/3413
f 3426/4122/3426 3413/4108/3413 3414/4109/3414
f 3427/4123/3427 3414/4109/3414 3415/4110/3415
f 3428/4124/3428 3415/4110/3415 3416/4111/3416
f 3429/4125/3429 3416/4111/3416 3417/4112/3417
f 3418/4113/3418 3429/4125/3429 3417/4112/3417
f 3419/4114/3419 3430/4126/3430 3418/4113/3418
f 3420/4115/3420 3431/4127/3431 3419/4114/3419
f 3421/4116/3421 3432/4128/3432 3420/4115/3420
f 3411/4105/3411 3433/4129/3433 3421/4116/3421
f 3434/4130/3434 3435/4131/3435 3423/4118/3423
f 3436/4132/3436 3434/4133/3434 3424/4119/3424
f 3437/4134/3437 3424/4119/3424 3425/4121/3425
f 3438/4135/3438 3425/4121/3425 3426/4122/3426
f 3439/4136/3439 3426/4122/3426 3427/4123/3427
f 3440/4137/3440 3427/4123/3427 3428/4124/3428
f 3441/4138/3441 3428/4124/3428 3429/4125/3429
f 3430/4126/3430 3441/4138/3441 3429/4125/3429
f 3431/4127/3431 3442/4139/3442 3430/4126/3430
f 3432/4128/3432 3443/4140/3443 3431/4127/3431
f 3433/4129/3433 3444/4141/3444 3432/4128/3432
f 3423/4118/3423 3445/4142/3445 3433/4129/3433
f 3446/4143/3446 3447/4144/3447 3435/4131/3435
f 3448/4145/3448 3446/4146/3446 3436/4132/3436
f 3449/4147/3449 3436/4132/3436 3437/4134/3437
f 3450/4148/3450 3437/4134/3437 3438/4135/3438
f 3451/4149/3451 3438/4135/3438 3439/4136/3439
f 3452/4150/3452 3439/4136/3439 3440/4137/3440
f 3453/4151/3453 3440/4137/3440 3441/4138/3441
f 3442/4139/3442 3453/4151/3453 3441/4138/3441
f 3443/4140/3443 3454/4152/3454 3442/4139/3442
f 3444/4141/3444 3455/4153/3455 3443/4140/3443
f 3445/4142/3445 3456/4154/3456 3444/4141/3444
f 3435/4131/3435 3457/4155/3457 3445/4142/3445
f 3458/4156/3458 3459/4157/3459 3447/4144/3447
f 3460/4158/3460 3458/4159/3458 3448/4145/3448
f 3461/4160/3461 3448/4145/3448 3449/4147/3449
f 3462/4161/3462 3449/4147/3449 3450/4148/3450
f 3463/4162/3463 3450/4148/3450 3451/4149/3451
f 3464/4163/3464 3451/4149/3451 3452/4150/3452
f 3465/4164/3465 3452/4150/3452 3453/4151/3453
f 3454/4152/3454 3465/4164/3465 3453/4151/3453
f 3455/4153/3455 3466/4165/3466 3454/4152/3454
f 3456/4154/3456 3467/4166/3467 3455/4153/3455
f 3457/4155/3457 3468/4167/3468 3456/4154/3456
f 3447/4144/3447 3469/4168/3469 3457/4155/3457
f 3470/4169/3470 3471/4170/3471 3459/4157/3459
f 3472/4171/3472 3470/4172/3470 3460/4158/3460
f 3473/4173/3473 3460/4158/3460 3461/4160/3461
f 3474/4174/3474 3461/4160/3461 3462/4161/3462
f 3475/4175/3475 3462/4161/3462 3463/4162/3463
f 3476/4176/3476 3463/4162/3463 3464/4163/3464
f 3477/4177/3477 3464/4163/3464 3465/4164/3465
f 3466/4165/3466 3477/4177/3477 3465/4164/3465
f 3467/4166/3467 3478/4178/3478 3466/4165/3466
f 3468/4167/3468 3479/4179/3479 3467/4166/3467
f 3469/4168/3469 3480/4180/3480 3468/4167/3468
f 3459/4157/3459 3481/4181/3481 3469/4168/3469
f 3482/4182/3482 3483/4183/3483 3471/4170/3471
f 3484/4184/3484 3482/4185/3482 3472/4171/3472
f 3485/4186/3485 3472/4171/3472 3473/4173/3473
f 3486/4187/3486 3473/4173/3473 3474/4174/3474
f 3487/4188/3487 3474/4174/3474 3475/4175/3475
f 3488/4189/3488 3475/4175/3475 3476/4176/3476
f 3489/4190/3489 3476/4176/3476 3477/4177/3477
f 3478/4178/3478 3489/4190/3489 3477/4177/3477
f 3479/4179/3479 3490/4191/3490 3478/4178/3478
f 3480/4180/3480 3491/4192/3491 3479/4179/3479
f 3481/4181/3481 3492/4193/3492 3480/4180/3480
f 3471/4170/3471 3493/4194/3493 3481/4181/3481
f 3494/4195/3494 3495/4196/3495 3483/4183/3483
f 3496/4197/3496 3494/4198/3494 3484/4184/3484
f 3497/4199/3497 3484/4184/3484 3485/4186/3485
f 3498/4200/3498 3485/4186/3485 3486/4187/3486
f 3499/4201/3499 3486/4187/3486 3487/4188/3487
f 3500/4202/3500 3487/4188/3487 3488/4189/3488
f 3501/4203/3501 3488/4189/3488 3489/4190/3489
f 3490/4191/3490 3501/4203/3501 3489/4190/3489
f 3491/4192/3491 3502/4204/3502 3490/4191/3490
f 3492/4193/3492 3503/4205/3503 3491/4192/3491
f 3493/4194/3493 3504/4206/3504 3492/4193/3492
f 3483/4183/3483 3505/4207/3505 3493/4194/3493
f 3506/4208/3506 3507/4209/3507 3495/4196/3495
f 3496/4197/3496 3508/4210/3508 3506/4211/3506
f 3497/4199/3497 3509/4212/3509 3496/4197/3496
f 3510/4213/3510 3497/4199/3497 3498/4200/3498
f 3511/4214/3511 3498/4200/3498 3499/4201/3499
f 3512/4215/3512 3499/4201/3499 3500/4202/3500
f 3513/4216/3513 3500/4202/3500 3501/4203/3501
f 3514/4217/3514 3501/4203/3501 3502/4204/3502
f 3515/4218/3515 3502/4204/3502 3503/4205/3503
f 3504/4206/3504 3515/4218/3515 3503/4205/3503
f 3505/4207/3505 3516/4219/3516 3504/4206/3504
f 3495/4196/3495 3517/4220/3517 3505/4207/3505
f 3508/4221/3508 3518/4222/3518 3507/4209/3507
f 3509/4212/3509 3519/4223/3519 3508/4210/3508
f 3520/4224/3520 3521/4225/3521 3509/4212/3509
f 3522/4226/3522 3520/4224/3520 3510/4213/3510
f 3523/4227/3523 3510/4213/3510 3511/4214/3511
f 3524/4228/3524 3511/4214/3511 3512/4215/3512
f 3525/4229/3525 3512/4215/3512 3513/4216/3513
f 3526/4230/3526 3513/4216/3513 3514/4217/3514
f 3527/4231/3527 3514/4217/3514 3515/4218/3515
f 3516/4219/3516 3527/4231/3527 3515/4218/3515
f 3517/4220/3517 3528/4232/3528 3516/4219/3516
f 3507/4209/3507 3529/4233/3529 3517/4220/3517
f 3519/4234/3519 3530/4235/3530 3518/4222/3518
f 3521/4225/3521 3531/4236/3531 3519/4223/3519
f 3532/4237/3532 3521/4225/3521 3533/4238/3533
f 3534/4239/3534 3533/4238/3533 3522/4226/3522
f 3535/4240/3535 3522/4226/3522 3523/4227/3523
f 3536/4241/3536 3523/4227/3523 3524/4228/3524
f 3537/4242/3537 3524/4228/3524 3525/4229/3525
f 3538/4243/3538 3525/4229/3525 3526/4230/3526
f 3527/4231/3527 3538/4243/3538 3526/4230/3526
f 3528/4232/3528 3539/4244/3539 3527/4231/3527
f 3529/4233/3529 3540/4245/3540 3528/4232/3528
f 3518/4222/3518 3541/4246/3541 3529/4233/3529
f 3531/4247/3531 3542/4248/3542 3530/4235/3530
f 3543/4249/3543 3544/4250/3544 3531/4236/3531
f 3545/4251/3545 3543/4249/3543 3532/4237/3532
f 3546/4252/3546 3532/4237/3532 3534/4239/3534
f 3547/4253/3547 3534/4239/3534 3535/4240/3535
f 3548/4254/3548 3535/4240/3535 3536/4241/3536
f 3549/4255/3549 3536/4241/3536 3537/4242/3537
f 3550/4256/3550 3537/4242/3537 3538/4243/3538
f 3539/4244/3539 3550/4256/3550 3538/4243/3538
f 3540/4245/3540 3551/4257/3551 3539/4244/3539
f 3541/4246/3541 3552/4258/3552 3540/4245/3540
f 3530/4235/3530 3553/4259/3553 3541/4246/3541
f 3554/4260/3554 3542/4248/3542 3544/4261/3544
f 3555/4262/3555 3544/4250/3544 3556/4263/3556
f 3545/4251/3545 3555/4262/3555 3556/4263/3556
f 3546/4252/3546 3557/4264/3557 3545/4251/3545
f 3547/4253/3547 3558/4265/3558 3546/4252/3546
f 3548/4254/3548 3559/4266/3559 3547/4253/3547
f 3549/4255/3549 3560/4267/3560 3548/4254/3548
f 3550/4256/3550 3561/4268/3561 3549/4255/3549
f 3562/4269/3562 3550/4256/3550 3551/4257/3551
f 3563/4270/3563 3551/4257/3551 3552/4258/3552
f 3564/4271/3564 3552/4258/3552 3553/4259/3553
f 3565/4272/3565 3553/4259/3553 3542/4248/3542
f 3566/4273/3566 3565/4272/3565 3554/4260/3554
f 3567/4274/3567 3554/4275/3554 3555/4262/3555
f 3557/4264/3557 3567/4274/3567 3555/4262/3555
f 3558/4265/3558 3568/4276/3568 3557/4264/3557
f 3559/4266/3559 3569/4277/3569 3558/4265/3558
f 3560/4267/3560 3570/4278/3570 3559/4266/3559
f 3561/4268/3561 3571/4279/3571 3560/4267/3560
f 3572/4280/3572 3573/4281/3573 3561/4268/3561
f 3574/4282/3574 3572/4280/3572 3562/4269/3562
f 3575/4283/3575 3562/4269/3562 3563/4270/3563
f 3576/4284/3576 3563/4270/3563 3564/4271/3564
f 3577/4285/3577 3564/4271/3564 3565/4272/3565
f 3578/4286/3578 3577/4285/3577 3566/4273/3566
f 3579/4287/3579 3566/4288/3566 3567/4274/3567
f 3568/4276/3568 3579/4287/3579 3567/4274/3567
f 3569/4277/3569 3580/4289/3580 3568/4276/3568
f 3570/4278/3570 3581/4290/3581 3569/4277/3569
f 3571/4279/3571 3582/4291/3582 3570/4278/3570
f 3573/4281/3573 3583/4292/3583 3571/4279/3571
f 3584/4293/3584 3585/4294/3585 3573/4281/3573
f 3586/4295/3586 3584/4293/3584 3574/4282/3574
f 3587/4296/3587 3574/4282/3574 3575/4283/3575
f 3588/4297/3588 3575/4283/3575 3576/4284/3576
f 3589/4298/3589 3576/4284/3576 3577/4285/3577
f 3590/4299/3590 3589/4298/3589 3578/4286/3578
f 3591/4300/3591 3578/4301/3578 3579/4287/3579
f 3580/4289/3580 3591/4300/3591 3579/4287/3579
f 3581/4290/3581 3592/4302/3592 3580/4289/3580
f 3582/4291/3582 3593/4303/3593 3581/4290/3581
f 3583/4292/3583 3594/4304/3594 3582/4291/3582
f 3585/4294/3585 3595/4305/3595 3583/4292/3583
f 3596/4306/3596 3597/4307/3597 3585/4294/3585
f 3598/4308/3598 3596/4306/3596 3586/4295/3586
f 3599/4309/3599 3586/4295/3586 3587/4296/3587
f 3600/4310/3600 3587/4296/3587 3588/4297/3588
f 3601/4311/3601 3588/4297/3588 3589/4298/3589
f 3602/4312/3602 3601/4311/3601 3590/4299/3590
f 3603/4313/3603 3590/4314/3590 3591/4300/3591
f 3592/4302/3592 3603/4313/3603 3591/4300/3591
f 3593/4303/3593 3604/4315/3604 3592/4302/3592
f 3594/4304/3594 3605/4316/3605 3593/4303/3593
f 3595/4305/3595 3606/4317/3606 3594/4304/3594
f 3597/4307/3597 3607/4318/3607 3595/4305/3595
f 3608/4319/3608 3609/4320/3609 3597/4307/3597
f 3610/4321/3610 3608/4319/3608 3598/4308/3598
f 3611/4322/3611 3598/4308/3598 3599/4309/3599
f 3612/4323/3612 3599/4309/3599 3600/4310/3600
f 3613/4324/3613 3600/4310/3600 3601/4311/3601
f 3614/4325/3614 3613/4324/3613 3602/4312/3602
f 3615/4326/3615 3602/4327/3602 3603/4313/3603
f 3604/4315/3604 3615/4326/3615 3603/4313/3603
f 3605/4316/3605 3616/4328/3616 3604/4315/3604
f 3606/4317/3606 3617/4329/3617 3605/4316/3605
f 3607/4318/3607 3618/4330/3618 3606/4317/3606
f 3609/4320/3609 3619/4331/3619 3607/4318/3607
f 3620/4332/3620 3621/4333/3621 3609/4320/3609
f 3622/4334/3622 3620/4332/3620 3610/4321/3610
f 3623/4335/3623 3610/4321/3610 3611/4322/3611
f 3624/4336/3624 3611/4322/3611 3612/4323/3612
f 3625/4337/3625 3612/4323/3612 3613/4324/3613
f 3614/4325/3614 3626/4338/3626 3625/4337/3625
f 3615/4326/3615 3627/4339/3627 3614/4340/3614
f 3616/4328/3616 3628/4341/3628 3615/4326/3615
f 3629/4342/3629 3616/4328/3616 3617/4329/3617
f 3630/4343/3630 3617/4329/3617 3618/4330/3618
f 3631/4344/3631 3618/4330/3618 3619/4331/3619
f 3632/4345/3632 3619/4331/3619 3621/4333/3621
f 3633/4346/3633 3621/4333/3621 3634/4347/3634
f 3635/4348/3635 3634/4347/3634 3622/4334/3622
f 3623/4335/3623 3635/4348/3635 3622/4334/3622
f 3624/4336/3624 3636/4349/3636 3623/4335/3623
f 3625/4337/3625 3637/4350/3637 3624/4336/3624
f 3627/4351/3627 3638/4352/3638 3626/4338/3626
f 3628/4341/3628 3639/4353/3639 3627/4339/3627
f 3640/4354/3640 3628/4341/3628 3641/4355/3641
f 3642/4356/3642 3641/4355/3641 3629/4342/3629
f 3643/4357/3643 3629/4342/3629 3630/4343/3630
f 3644/4358/3644 3630/4343/3630 3631/4344/3631
f 3645/4359/3645 3631/4344/3631 3632/4345/3632
f 3646/4360/3646 3632/4345/3632 3633/4346/3633
f 3635/4348/3635 3646/4360/3646 3633/4346/3633
f 3636/4349/3636 3647/4361/3647 3635/4348/3635
f 3637/4350/3637 3648/4362/3648 3636/4349/3636
f 3626/4338/3626 3649/4363/3649 3637/4350/3637
f 3639/4364/3639 3650/4365/3650 3638/4352/3638
f 3651/4366/3651 3652/4367/3652 3639/4353/3639
f 3653/4368/3653 3651/4366/3651 3640/4354/3640
f 3654/4369/3654 3640/4354/3640 3642/4356/3642
f 3655/4370/3655 3642/4356/3642 3643/4357/3643
f 3656/4371/3656 3643/4357/3643 3644/4358/3644
f 3657/4372/3657 3644/4358/3644 3645/4359/3645
f 3658/4373/3658 3645/4359/3645 3646/4360/3646
f 3647/4361/3647 3658/4373/3658 3646/4360/3646
f 3648/4362/3648 3659/4374/3659 3647/4361/3647
f 3649/4363/3649 3660/4375/3660 3648/4362/3648
f 3638/4352/3638 3661/4376/3661 3649/4363/3649
f 3652/4377/3652 3662/4378/3662 3650/4365/3650
f 3663/4379/3663 3664/4380/3664 3652/4367/3652
f 3665/4381/3665 3663/4379/3663 3653/4368/3653
f 3666/4382/3666 3653/4368/3653 3654/4369/3654
f 3667/4383/3667 3654/4369/3654 3655/4370/3655
f 3668/4384/3668 3655/4370/3655 3656/4371/3656
f 3669/4385/3669 3656/4371/3656 3657/4372/3657
f 3670/4386/3670 3657/4372/3657 3658/4373/3658
f 3659/4374/3659 3670/4386/3670 3658/4373/3658
f 3660/4375/3660 3671/4387/3671 3659/4374/3659
f 3661/4376/3661 3672/4388/3672 3660/4375/3660
f 3650/4365/3650 3673/4389/3673 3661/4376/3661
f 3674/4390/3674 3662/4378/3662 3664/4391/3664
f 3675/4392/3675 3664/4380/3664 3676/4393/3676
f 3665/4381/3665 3675/4392/3675 3676/4393/3676
f 3666/4382/3666 3677/4394/3677 3665/4381/3665
f 3667/4383/3667 3678/4395/3678 3666/4382/3666
f 3668/4384/3668 3679/4396/3679 3667/4383/3667
f 3669/4385/3669 3680/4397/3680 3668/4384/3668
f 3670/4386/3670 3681/4398/3681 3669/4385/3669
f 3682/4399/3682 3670/4386/3670 3671/4387/3671
f 3683/4400/3683 3671/4387/3671 3672/4388/3672
f 3684/4401/3684 3672/4388/3672 3673/4389/3673
f 3685/4402/3685 3673/4389/3673 3662/4378/3662
f 3686/4403/3686 3685/4402/3685 3674/4390/3674
f 3687/4404/3687 3674/4405/3674 3675/4392/3675
f 3677/4394/3677 3687/4404/3687 3675/4392/3675
f 3678/4395/3678 3688/4406/3688 3677/4394/3677
f 3679/4396/3679 3689/4407/3689 3678/4395/3678
f 3680/4397/3680 3690/4408/3690 3679/4396/3679
f 3681/4398/3681 3691/4409/3691 3680/4397/3680
f 3692/4410/3692 3693/4411/3693 3681/4398/3681
f 3694/4412/3694 3692/4410/3692 3682/4399/3682
f 3695/4413/3695 3682/4399/3682 3683/4400/3683
f 3696/4414/3696 3683/4400/3683 3684/4401/3684
f 3697/4415/3697 3684/4401/3684 3685/4402/3685
f 3698/4416/3698 3697/4415/3697 3686/4403/3686
f 3699/4417/3699 3686/4418/3686 3687/4404/3687
f 3688/4406/3688 3699/4417/3699 3687/4404/3687
f 3689/4407/3689 3700/4419/3700 3688/4406/3688
f 3690/4408/3690 3701/4420/3701 3689/4407/3689
f 3691/4409/3691 3702/4421/3702 3690/4408/3690
f 3693/4411/3693 3703/4422/3703 3691/4409/3691
f 3704/4423/3704 3705/4424/3705 3693/4411/3693
f 3706/4425/3706 3704/4423/3704 3694/4412/3694
f 3707/4426/3707 3694/4412/3694 3695/4413/3695
f 3708/4427/3708 3695/4413/3695 3696/4414/3696
f 3709/4428/3709 3696/4414/3696 3697/4415/3697
f 3710/4429/3710 3709/4428/3709 3698/4416/3698
f 3711/4430/3711 3698/4431/3698 3699/4417/3699
f 3700/4419/3700 3711/4430/3711 3699/4417/3699
f 3701/4420/3701 3712/4432/3712 3700/4419/3700
f 3702/4421/3702 3713/4433/3713 3701/4420/3701
f 3703/4422/3703 3714/4434/3714 3702/4421/3702
f 3705/4424/3705 3715/4435/3715 3703/4422/3703
f 3716/4436/3716 3717/4437/3717 3705/4424/3705
f 3718/4438/3718 3716/4436/3716 3706/4425/3706
f 3719/4439/3719 3706/4425/3706 3707/4426/3707
f 3720/4440/3720 3707/4426/3707 3708/4427/3708
f 3721/4441/3721 3708/4427/3708 3709/4428/3709
f 3722/4442/3722 3721/4441/3721 3710/4429/3710
f 3723/4443/3723 3710/4444/3710 3711/4430/3711
f 3712/4432/3712 3723/4443/3723 3711/4430/3711
f 3713/4433/3713 3724/4445/3724 3712/4432/3712
f 3714/4434/3714 3725/4446/3725 3713/4433/3713
f 3715/4435/3715 3726/4447/3726 3714/4434/3714
f 3717/4437/3717 3727/4448/3727 3715/4435/3715
f 3728/4449/3728 3729/4450/3729 3717/4437/3717
f 3730/4451/3730 3728/4449/3728 3718/4438/3718
f 3731/4452/3731 3718/4438/3718 3719/4439/3719
f 3732/4453/3732 3719/4439/3719 3720/4440/3720
f 3733/4454/3733 3720/4440/3720 3721/4441/3721
f 3734/4455/3734 3733/4454/3733 3722/4442/3722
f 3735/4456/3735 3722/4457/3722 3723/4443/3723
f 3724/4445/3724 3735/4456/3735 3723/4443/3723
f 3725/4446/3725 3736/4458/3736 3724/4445/3724
f 3726/4447/3726 3737/4459/3737 3725/4446/3725
f 3727/4448/3727 3738/4460/3738 3726/4447/3726
f 3729/4450/3729 3739/4461/3739 3727/4448/3727
f 3740/4462/3740 3741/4463/3741 3729/4450/3729
f 3742/4464/3742 3740/4462/3740 3730/4451/3730
f 3743/4465/3743 3730/4451/3730 3731/4452/3731
f 3744/4466/3744 3731/4452/3731 3732/4453/3732
f 3745/4467/3745 3732/4453/3732 3733/4454/3733
f 3746/4468/3746 3745/4467/3745 3734/4455/3734
f 3747/4469/3747 3734/4470/3734 3735/4456/3735
f 3736/4458/3736 3747/4469/3747 3735/4456/3735
f 3737/4459/3737 3748/4471/3748 3736/4458/3736
f 3738/4460/3738 3749/4472/3749 3737/4459/3737
f 3739/4461/3739 3750/4473/3750 3738/4460/3738
f 3741/4463/3741 3751/4474/3751 3739/4461/3739
f 3752/4475/3752 3753/4476/3753 3741/4463/3741
f 3754/4477/3754 3752/4475/3752 3742/4464/3742
f 3755/4478/3755 3742/4464/3742 3743/4465/3743
f 3756/4479/3756 3743/4465/3743 3744/4466/3744
f 3757/4480/3757 3744/4466/3744 3745/4467/3745
f 3758/4481/3758 3757/4480/3757 3746/4468/3746
f 3759/4482/3759 3746/4483/3746 3747/4469/3747
f 3748/4471/3748 3759/4482/3759 3747/4469/3747
f 3749/4472/3749 3760/4484/3760 3748/4471/3748
f 3750/4473/3750 3761/4485/3761 3749/4472/3749
f 3751/4474/3751 3762/4486/3762 3750/4473/3750
f 3753/4476/3753 3763/4487/3763 3751/4474/3751
f 3764/4488/3764 3765/4489/3765 3753/4476/3753
f 3766/4490/3766 3764/4488/3764 3754/4477/3754
f 3767/4491/3767 3754/4477/3754 3755/4478/3755
f 3768/4492/3768 3755/4478/3755 3756/4479/3756
f 3769/4493/3769 3756/4479/3756 3757/4480/3757
f 3770/4494/3770 3769/4493/3769 3758/4481/3758
f 3771/4495/3771 3758/4496/3758 3759/4482/3759
f 3760/4484/3760 3771/4495/3771 3759/4482/3759
f 3761/4485/3761 3772/4497/3772 3760/4484/3760
f 3762/4486/3762 3773/4498/3773 3761/4485/3761
f 3763/4487/3763 3774/4499/3774 3762/4486/3762
f 3765/4489/3765 3775/4500/3775 3763/4487/3763
f 3776/4501/3776 3777/4502/3777 3765/4489/3765
f 3778/4503/3778 3776/4501/3776 3766/4490/3766
f 3779/4504/3779 3766/4490/3766 3767/4491/3767
f 3780/4505/3780 3767/4491/3767 3768/4492/3768
f 3781/4506/3781 3768/4492/3768 3769/4493/3769
f 3782/4507/3782 3781/4506/3781 3770/4494/3770
f 3783/4508/3783 3770/4509/3770 3771/4495/3771
f 3772/4497/3772 3783/4508/3783 3771/4495/3771
f 3773/4498/3773 3784/4510/3784 3772/4497/3772
f 3774/4499/3774 3785/4511/3785 3773/4498/3773
f 3775/4500/3775 3786/4512/3786 3774/4499/3774
f 3777/4502/3777 3787/4513/3787 3775/4500/3775
f 3788/4514/3788 3789/4515/3789 3777/4502/3777
f 3790/4516/3790 3788/4514/3788 3778/4503/3778
f 3791/4517/3791 3778/4503/3778 3779/4504/3779
f 3792/4518/3792 3779/4504/3779 3780/4505/3780
f 3793/4519/3793 3780/4505/3780 3781/4506/3781
f 3782/4507/3782 3794/4520/3794 3793/4519/3793
f 3783/4508/3783 3795/4521/3795 3782/4522/3782
f 3796/4523/3796 3783/4508/3783 3784/4510/3784
f 3797/4524/3797 3784/4510/3784 3785/4511/3785
f 3798/4525/3798 3785/4511/3785 3786/4512/3786
f 3799/4526/3799 3786/4512/3786 3787/4513/3787
f 3800/4527/3800 3787/4513/3787 3789/4515/3789
f 3801/4528/3801 3789/4515/3789 3802/4529/3802
f 3790/4516/3790 3801/4528/3801 3802/4529/3802
f 3791/4517/3791 3803/4530/3803 3790/4516/3790
f 3792/4518/3792 3804/4531/3804 3791/4517/3791
f 3793/4519/3793 3805/4532/3805 3792/4518/3792
f 3075/3742/3075 3097/3766/3097 3076/3743/3076
f 3078/3745/3078 3080/3749/3080 3075/3746/3075
f 3079/3748/3079 3082/3751/3082 3080/3749/3080
f 3081/3750/3081 3084/3753/3084 3082/3751/3082
f 3083/3752/3083 3086/3755/3086 3084/3753/3084
f 3085/3754/3085 3088/3757/3088 3086/3755/3086
f 3087/3756/3087 3103/3773/3103 3088/3757/3088
f 3089/3758/3089 3103/3773/3103 3087/3756/3087
f 3091/3760/3091 3089/3758/3089 3090/3759/3090
f 3093/3762/3093 3091/3760/3091 3092/3761/3092
f 3095/3764/3095 3093/3762/3093 3094/3763/3094
f 3097/3766/3097 3095/3764/3095 3096/3765/3096
f 3098/3767/3098 3109/3779/3109 3097/3766/3097
f 3080/3749/3080 3099/3769/3099 3098/3768/3098
f 3082/3751/3082 3100/3770/3100 3099/3769/3099
f 3084/3753/3084 3101/3771/3101 3100/3770/3100
f 3086/3755/3086 3102/3772/3102 3101/3771/3101
f 3088/3757/3088 3104/3774/3104 3102/3772/3102
f 3103/3773/3103 3115/3786/3115 3104/3774/3104
f 3105/3775/3105 3115/3786/3115 3103/3773/3103
f 3106/3776/3106 3105/3775/3105 3089/3758/3089
f 3107/3777/3107 3106/3776/3106 3091/3760/3091
f 3108/3778/3108 3107/3777/3107 3093/3762/3093
f 3109/3779/3109 3108/3778/3108 3095/3764/3095
f 3110/3780/3110 3121/3792/3121 3109/3779/3109
f 3099/3769/3099 3111/3782/3111 3110/3781/3110
f 3100/3770/3100 3112/3783/3112 3111/3782/3111
f 3101/3771/3101 3113/3784/3113 3112/3783/3112
f 3102/3772/3102 3114/3785/3114 3113/3784/3113
f 3104/3774/3104 3116/3787/3116 3114/3785/3114
f 3115/3786/3115 3127/3799/3127 3116/3787/3116
f 3117/3788/3117 3127/3799/3127 3115/3786/3115
f 3118/3789/3118 3117/3788/3117 3105/3775/3105
f 3119/3790/3119 3118/3789/3118 3106/3776/3106
f 3120/3791/3120 3119/3790/3119 3107/3777/3107
f 3121/3792/3121 3120/3791/3120 3108/3778/3108
f 3122/3793/3122 3133/3805/3133 3121/3792/3121
f 3111/3782/3111 3123/3795/3123 3122/3794/3122
f 3112/3783/3112 3124/3796/3124 3123/3795/3123
f 3113/3784/3113 3125/3797/3125 3124/3796/3124
f 3114/3785/3114 3126/3798/3126 3125/3797/3125
f 3116/3787/3116 3128/3800/3128 3126/3798/3126
f 3127/3799/3127 3139/3812/3139 3128/3800/3128
f 3129/3801/3129 3139/3812/3139 3127/3799/3127
f 3130/3802/3130 3129/3801/3129 3117/3788/3117
f 3131/3803/3131 3130/3802/3130 3118/3789/3118
f 3132/3804/3132 3131/3803/3131 3119/3790/3119
f 3133/3805/3133 3132/3804/3132 3120/3791/3120
f 3134/3806/3134 3145/3818/3145 3133/3805/3133
f 3123/3795/3123 3135/3808/3135 3134/3807/3134
f 3124/3796/3124 3136/3809/3136 3135/3808/3135
f 3125/3797/3125 3137/3810/3137 3136/3809/3136
f 3126/3798/3126 3138/3811/3138 3137/3810/3137
f 3128/3800/3128 3140/3813/3140 3138/3811/3138
f 3139/3812/3139 3151/3825/3151 3140/3813/3140
f 3141/3814/3141 3151/3825/3151 3139/3812/3139
f 3142/3815/3142 3141/3814/3141 3129/3801/3129
f 3143/3816/3143 3142/3815/3142 3130/3802/3130
f 3144/3817/3144 3143/3816/3143 3131/3803/3131
f 3145/3818/3145 3144/3817/3144 3132/3804/3132
f 3146/3819/3146 3157/3831/3157 3145/3818/3145
f 3135/3808/3135 3147/3821/3147 3146/3820/3146
f 3136/3809/3136 3148/3822/3148 3147/3821/3147
f 3137/3810/3137 3149/3823/3149 3148/3822/3148
f 3138/3811/3138 3150/3824/3150 3149/3823/3149
f 3140/3813/3140 3152/3826/3152 3150/3824/3150
f 3151/3825/3151 3163/3838/3163 3152/3826/3152
f 3153/3827/3153 3163/3838/3163 3151/3825/3151
f 3154/3828/3154 3153/3827/3153 3141/3814/3141
f 3155/3829/3155 3154/3828/3154 3142/3815/3142
f 3156/3830/3156 3155/3829/3155 3143/3816/3143
f 3157/3831/3157 3156/3830/3156 3144/3817/3144
f 3158/3832/3158 3169/3844/3169 3157/3831/3157
f 3147/3821/3147 3159/3834/3159 3158/3833/3158
f 3148/3822/3148 3160/3835/3160 3159/3834/3159
f 3149/3823/3149 3161/3836/3161 3160/3835/3160
f 3150/3824/3150 3162/3837/3162 3161/3836/3161
f 3152/3826/3152 3164/3839/3164 3162/3837/3162
f 3163/3838/3163 3175/3851/3175 3164/3839/3164
f 3165/3840/3165 3175/3851/3175 3163/3838/3163
f 3166/3841/3166 3165/3840/3165 3153/3827/3153
f 3167/3842/3167 3166/3841/3166 3154/3828/3154
f 3168/3843/3168 3167/3842/3167 3155/3829/3155
f 3169/3844/3169 3168/3843/3168 3156/3830/3156
f 3170/3845/3170 3181/3857/3181 3169/3844/3169
f 3159/3834/3159 3171/3847/3171 3170/3846/3170
f 3160/3835/3160 3172/3848/3172 3171/3847/3171
f 3161/3836/3161 3173/3849/3173 3172/3848/3172
f 3162/3837/3162 3174/3850/3174 3173/3849/3173
f 3164/3839/3164 3176/3852/3176 3174/3850/3174
f 3175/3851/3175 3187/3864/3187 3176/3852/3176
f 3177/3853/3177 3187/3864/3187 3175/3851/3175
f 3178/3854/3178 3177/3853/3177 3165/3840/3165
f 3179/3855/3179 3178/3854/3178 3166/3841/3166
f 3180/3856/3180 3179/3855/3179 3167/3842/3167
f 3181/3857/3181 3180/3856/3180 3168/3843/3168
f 3182/3858/3182 3193/3870/3193 3181/3857/3181
f 3171/3847/3171 3183/3860/3183 3182/3859/3182
f 3172/3848/3172 3184/3861/3184 3183/3860/3183
f 3173/3849/3173 3185/3862/3185 3184/3861/3184
f 3174/3850/3174 3186/3863/3186 3185/3862/3185
f 3176/3852/3176 3188/3865/3188 3186/3863/3186
f 3187/3864/3187 3199/3877/3199 3188/3865/3188
f 3189/3866/3189 3199/3877/3199 3187/3864/3187
f 3190/3867/3190 3189/3866/3189 3177/3853/3177
f 3191/3868/3191 3190/3867/3190 3178/3854/3178
f 3192/3869/3192 3191/3868/3191 3179/3855/3179
f 3193/3870/3193 3192/3869/3192 3180/3856/3180
f 3194/3871/3194 3205/3883/3205 3193/3870/3193
f 3183/3860/3183 3195/3873/3195 3194/3872/3194
f 3184/3861/3184 3196/3874/3196 3195/3873/3195
f 3185/3862/3185 3197/3875/3197 3196/3874/3196
f 3186/3863/3186 3198/3876/3198 3197/3875/3197
f 3188/3865/3188 3200/3878/3200 3198/3876/3198
f 3199/3877/3199 3211/3890/3211 3200/3878/3200
f 3201/3879/3201 3211/3890/3211 3199/3877/3199
f 3202/3880/3202 3201/3879/3201 3189/3866/3189
f 3203/3881/3203 3202/3880/3202 3190/3867/3190
f 3204/3882/3204 3203/3881/3203 3191/3868/3191
f 3205/3883/3205 3204/3882/3204 3192/3869/3192
f 3206/3884/3206 3217/3896/3217 3205/3883/3205
f 3195/3873/3195 3207/3886/3207 3206/3885/3206
f 3196/3874/3196 3208/3887/3208 3207/3886/3207
f 3197/3875/3197 3209/3888/3209 3208/3887/3208
f 3198/3876/3198 3210/3889/3210 3209/3888/3209
f 3200/3878/3200 3212/3891/3212 3210/3889/3210
f 3211/3890/3211 3224/3903/3224 3212/3891/3212
f 3213/3892/3213 3224/3903/3224 3211/3890/3211
f 3214/3893/3214 3213/3892/3213 3201/3879/3201
f 3215/3894/3215 3214/3893/3214 3202/3880/3202
f 3216/3895/3216 3215/3894/3215 3203/3881/3203
f 3217/3896/3217 3216/3895/3216 3204/3882/3204
f 3218/3897/3218 3231/3910/3231 3217/3896/3217
f 3219/3898/3219 3218/3912/3218 3206/3885/3206
f 3220/3899/3220 3219/3898/3219 3207/3886/3207
f 3221/3900/3221 3220/3899/3220 3208/3887/3208
f 3222/3901/3222 3221/3900/3221 3209/3888/3209
f 3223/3902/3223 3222/3901/3222 3210/3889/3210
f 3224/3903/3224 3225/3904/3225 3223/3902/3223
f 3213/3892/3213 3226/3905/3226 3225/3904/3225
f 3214/3893/3214 3227/3906/3227 3226/3905/3226
f 3215/3894/3215 3228/3907/3228 3227/3906/3227
f 3216/3895/3216 3229/3908/3229 3228/3907/3228
f 3217/3896/3217 3231/3910/3231 3229/3908/3229
f 3230/3909/3230 3243/3923/3243 3231/3910/3231
f 3232/3911/3232 3230/3925/3230 3218/3912/3218
f 3233/3913/3233 3232/3911/3232 3219/3898/3219
f 3234/3914/3234 3233/3913/3233 3220/3899/3220
f 3235/3915/3235 3234/3914/3234 3221/3900/3221
f 3236/3916/3236 3235/3915/3235 3222/3901/3222
f 3225/3904/3225 3237/3917/3237 3236/3916/3236
f 3226/3905/3226 3238/3918/3238 3237/3917/3237
f 3227/3906/3227 3239/3919/3239 3238/3918/3238
f 3228/3907/3228 3240/3920/3240 3239/3919/3239
f 3229/3908/3229 3241/3921/3241 3240/3920/3240
f 3231/3910/3231 3243/3923/3243 3241/3921/3241
f 3230/3909/3230 3244/3935/3244 3242/3922/3242
f 3232/3911/3232 3245/3926/3245 3244/3924/3244
f 3233/3913/3233 3246/3927/3246 3245/3926/3245
f 3234/3914/3234 3257/3939/3257 3246/3927/3246
f 3247/3928/3247 3257/3939/3257 3234/3914/3234
f 3248/3929/3248 3247/3928/3247 3235/3915/3235
f 3249/3930/3249 3248/3929/3248 3236/3916/3236
f 3250/3931/3250 3249/3930/3249 3237/3917/3237
f 3251/3932/3251 3250/3931/3250 3238/3918/3238
f 3252/3933/3252 3251/3932/3251 3239/3919/3239
f 3241/3921/3241 3253/3934/3253 3252/3933/3252
f 3243/3923/3243 3242/3922/3242 3253/3934/3253
f 3244/3935/3244 3255/3948/3255 3254/3936/3254
f 3245/3926/3245 3256/3938/3256 3255/3937/3255
f 3246/3927/3246 3258/3940/3258 3256/3938/3256
f 3257/3939/3257 3269/3952/3269 3258/3940/3258
f 3259/3941/3259 3269/3952/3269 3257/3939/3257
f 3260/3942/3260 3259/3941/3259 3247/3928/3247
f 3261/3943/3261 3260/3942/3260 3248/3929/3248
f 3262/3944/3262 3261/3943/3261 3249/3930/3249
f 3263/3945/3263 3262/3944/3262 3250/3931/3250
f 3264/3946/3264 3263/3945/3263 3251/3932/3251
f 3253/3934/3253 3265/3947/3265 3264/3946/3264
f 3242/3922/3242 3254/3936/3254 3265/3947/3265
f 3255/3948/3255 3267/3961/3267 3266/3949/3266
f 3256/3938/3256 3268/3951/3268 3267/3950/3267
f 3258/3940/3258 3270/3953/3270 3268/3951/3268
f 3269/3952/3269 3281/3965/3281 3270/3953/3270
f 3271/3954/3271 3281/3965/3281 3269/3952/3269
f 3272/3955/3272 3271/3954/3271 3259/3941/3259
f 3273/3956/3273 3272/3955/3272 3260/3942/3260
f 3274/3957/3274 3273/3956/3273 3261/3943/3261
f 3275/3958/3275 3274/3957/3274 3262/3944/3262
f 3276/3959/3276 3275/3958/3275 3263/3945/3263
f 3265/3947/3265 3277/3960/3277 3276/3959/3276
f 3254/3936/3254 3266/3949/3266 3277/3960/3277
f 3267/3961/3267 3279/3974/3279 3278/3962/3278
f 3268/3951/3268 3280/3964/3280 3279/3963/3279
f 3270/3953/3270 3282/3966/3282 3280/3964/3280
f 3281/3965/3281 3293/3978/3293 3282/3966/3282
f 3283/3967/3283 3293/3978/3293 3281/3965/3281
f 3284/3968/3284 3283/3967/3283 3271/3954/3271
f 3285/3969/3285 3284/3968/3284 3272/3955/3272
f 3286/3970/3286 3285/3969/3285 3273/3956/3273
f 3287/3971/3287 3286/3970/3286 3274/3957/3274
f 3288/3972/3288 3287/3971/3287 3275/3958/3275
f 3277/3960/3277 3289/3973/3289 3288/3972/3288
f 3266/3949/3266 3278/3962/3278 3289/3973/3289
f 3279/3974/3279 3291/3987/3291 3290/3975/3290
f 3280/3964/3280 3292/3977/3292 3291/3976/3291
f 3282/3966/3282 3294/3979/3294 3292/3977/3292
f 3293/3978/3293 3305/3991/3305 3294/3979/3294
f 3295/3980/3295 3305/3991/3305 3293/3978/3293
f 3296/3981/3296 3295/3980/3295 3283/3967/3283
f 3297/3982/3297 3296/3981/3296 3284/3968/3284
f 3298/3983/3298 3297/3982/3297 3285/3969/3285
f 3299/3984/3299 3298/3983/3298 3286/3970/3286
f 3300/3985/3300 3299/3984/3299 3287/3971/3287
f 3289/3973/3289 3301/3986/3301 3300/3985/3300
f 3278/3962/3278 3290/3975/3290 3301/3986/3301
f 3291/3987/3291 3303/4000/3303 3302/3988/3302
f 3292/3977/3292 3304/3990/3304 3303/3989/3303
f 3294/3979/3294 3306/3992/3306 3304/3990/3304
f 3305/3991/3305 3317/4004/3317 3306/3992/3306
f 3307/3993/3307 3317/4004/3317 3305/3991/3305
f 3308/3994/3308 3307/3993/3307 3295/3980/3295
f 3309/3995/3309 3308/3994/3308 3296/3981/3296
f 3310/3996/3310 3309/3995/3309 3297/3982/3297
f 3311/3997/3311 3310/3996/3310 3298/3983/3298
f 3312/3998/3312 3311/3997/3311 3299/3984/3299
f 3301/3986/3301 3313/3999/3313 3312/3998/3312
f 3290/3975/3290 3302/3988/3302 3313/3999/3313
f 3303/4000/3303 3315/4013/3315 3314/4001/3314
f 3304/3990/3304 3316/4003/3316 3315/4002/3315
f 3306/3992/3306 3318/4005/3318 3316/4003/3316
f 3317/4004/3317 3329/4017/3329 3318/4005/3318
f 3319/4006/3319 3329/4017/3329 3317/4004/3317
f 3320/4007/3320 3319/4006/3319 3307/3993/3307
f 3321/4008/3321 3320/4007/3320 3308/3994/3308
f 3322/4009/3322 3321/4008/3321 3309/3995/3309
f 3323/4010/3323 3322/4009/3322 3310/3996/3310
f 3324/4011/3324 3323/4010/3323 3311/3997/3311
f 3313/3999/3313 3325/4012/3325 3324/4011/3324
f 3302/3988/3302 3314/4001/3314 3325/4012/3325
f 3315/4013/3315 3327/4026/3327 3326/4014/3326
f 3316/4003/3316 3328/4016/3328 3327/4015/3327
f 3318/4005/3318 3330/4018/3330 3328/4016/3328
f 3329/4017/3329 3341/4030/3341 3330/4018/3330
f 3331/4019/3331 3341/4030/3341 3329/4017/3329
f 3332/4020/3332 3331/4019/3331 3319/4006/3319
f 3333/4021/3333 3332/4020/3332 3320/4007/3320
f 3334/4022/3334 3333/4021/3333 3321/4008/3321
f 3335/4023/3335 3334/4022/3334 3322/4009/3322
f 3336/4024/3336 3335/4023/3335 3323/4010/3323
f 3325/4012/3325 3337/4025/3337 3336/4024/3336
f 3314/4001/3314 3326/4014/3326 3337/4025/3337
f 3327/4026/3327 3339/4039/3339 3338/4027/3338
f 3328/4016/3328 3340/4029/3340 3339/4028/3339
f 3330/4018/3330 3342/4031/3342 3340/4029/3340
f 3341/4030/3341 3353/4043/3353 3342/4031/3342
f 3343/4032/3343 3353/4043/3353 3341/4030/3341
f 3344/4033/3344 3343/4032/3343 3331/4019/3331
f 3345/4034/3345 3344/4033/3344 3332/4020/3332
f 3346/4035/3346 3345/4034/3345 3333/4021/3333
f 3347/4036/3347 3346/4035/3346 3334/4022/3334
f 3348/4037/3348 3347/4036/3347 3335/4023/3335
f 3337/4025/3337 3349/4038/3349 3348/4037/3348
f 3326/4014/3326 3338/4027/3338 3349/4038/3349
f 3339/4039/3339 3351/4053/3351 3350/4040/3350
f 3340/4029/3340 3352/4042/3352 3351/4041/3351
f 3342/4031/3342 3354/4044/3354 3352/4042/3352
f 3353/4043/3353 3365/4056/3365 3354/4044/3354
f 3355/4045/3355 3365/4056/3365 3353/4043/3353
f 3356/4046/3356 3355/4045/3355 3343/4032/3343
f 3357/4047/3357 3356/4046/3356 3344/4033/3344
f 3358/4048/3358 3357/4047/3357 3345/4034/3345
f 3359/4049/3359 3358/4048/3358 3346/4035/3346
f 3360/4050/3360 3359/4049/3359 3347/4036/3347
f 3349/4038/3349 3361/4051/3361 3360/4050/3360
f 3338/4027/3338 3350/4040/3350 3361/4051/3361
f 3362/4052/3362 3373/4064/3373 3350/4040/3350
f 3363/4054/3363 3362/4067/3362 3351/4041/3351
f 3364/4055/3364 3363/4054/3363 3352/4042/3352
f 3365/4056/3365 3366/4057/3366 3364/4055/3364
f 3355/4045/3355 3367/4058/3367 3366/4057/3366
f 3356/4046/3356 3368/4059/3368 3367/4058/3367
f 3357/4047/3357 3369/4060/3369 3368/4059/3368
f 3358/4048/3358 3370/4061/3370 3369/4060/3369
f 3359/4049/3359 3381/4073/3381 3370/4061/3370
f 3371/4062/3371 3381/4073/3381 3359/4049/3359
f 3372/4063/3372 3371/4062/3371 3360/4050/3360
f 3373/4064/3373 3372/4063/3372 3361/4051/3361
f 3374/4065/3374 3385/4077/3385 3373/4064/3373
f 3375/4066/3375 3374/4080/3374 3362/4067/3362
f 3376/4068/3376 3375/4066/3375 3363/4054/3363
f 3366/4057/3366 3377/4069/3377 3376/4068/3376
f 3367/4058/3367 3378/4070/3378 3377/4069/3377
f 3368/4059/3368 3379/4071/3379 3378/4070/3378
f 3369/4060/3369 3380/4072/3380 3379/4071/3379
f 3370/4061/3370 3382/4074/3382 3380/4072/3380
f 3381/4073/3381 3393/4086/3393 3382/4074/3382
f 3383/4075/3383 3393/4086/3393 3381/4073/3381
f 3384/4076/3384 3383/4075/3383 3371/4062/3371
f 3385/4077/3385 3384/4076/3384 3372/4063/3372
f 3374/4065/3374 3398/4091/3398 3386/4078/3386
f 3387/4079/3387 3398/4094/3398 3374/4080/3374
f 3388/4081/3388 3387/4079/3387 3375/4066/3375
f 3389/4082/3389 3388/4081/3388 3376/4068/3376
f 3390/4083/3390 3389/4082/3389 3377/4069/3377
f 3391/4084/3391 3390/4083/3390 3378/4070/3378
f 3392/4085/3392 3391/4084/3391 3379/4071/3379
f 3382/4074/3382 3394/4087/3394 3392/4085/3392
f 3393/4086/3393 3395/4088/3395 3394/4087/3394
f 3383/4075/3383 3396/4089/3396 3395/4088/3395
f 3384/4076/3384 3397/4090/3397 3396/4089/3396
f 3385/4077/3385 3386/4078/3386 3397/4090/3397
f 3398/4091/3398 3410/4104/3410 3399/4092/3399
f 3400/4093/3400 3410/4107/3410 3398/4094/3398
f 3401/4095/3401 3400/4093/3400 3387/4079/3387
f 3402/4096/3402 3401/4095/3401 3388/4081/3388
f 3403/4097/3403 3402/4096/3402 3389/4082/3389
f 3404/4098/3404 3403/4097/3403 3390/4083/3390
f 3405/4099/3405 3404/4098/3404 3391/4084/3391
f 3394/4087/3394 3406/4100/3406 3405/4099/3405
f 3395/4088/3395 3407/4101/3407 3406/4100/3406
f 3396/4089/3396 3408/4102/3408 3407/4101/3407
f 3397/4090/3397 3409/4103/3409 3408/4102/3408
f 3386/4078/3386 3399/4092/3399 3409/4103/3409
f 3410/4104/3410 3422/4117/3422 3411/4105/3411
f 3412/4106/3412 3422/4120/3422 3410/4107/3410
f 3413/4108/3413 3412/4106/3412 3400/4093/3400
f 3414/4109/3414 3413/4108/3413 3401/4095/3401
f 3415/4110/3415 3414/4109/3414 3402/4096/3402
f 3416/4111/3416 3415/4110/3415 3403/4097/3403
f 3417/4112/3417 3416/4111/3416 3404/4098/3404
f 3406/4100/3406 3418/4113/3418 3417/4112/3417
f 3407/4101/3407 3419/4114/3419 3418/4113/3418
f 3408/4102/3408 3420/4115/3420 3419/4114/3419
f 3409/4103/3409 3421/4116/3421 3420/4115/3420
f 3399/4092/3399 3411/4105/3411 3421/4116/3421
f 3422/4117/3422 3434/4130/3434 3423/4118/3423
f 3424/4119/3424 3434/4133/3434 3422/4120/3422
f 3425/4121/3425 3424/4119/3424 3412/4106/3412
f 3426/4122/3426 3425/4121/3425 3413/4108/3413
f 3427/4123/3427 3426/4122/3426 3414/4109/3414
f 3428/4124/3428 3427/4123/3427 3415/4110/3415
f 3429/4125/3429 3428/4124/3428 3416/4111/3416
f 3418/4113/3418 3430/4126/3430 3429/4125/3429
f 3419/4114/3419 3431/4127/3431 3430/4126/3430
f 3420/4115/3420 3432/4128/3432 3431/4127/3431
f 3421/4116/3421 3433/4129/3433 3432/4128/3432
f 3411/4105/3411 3423/4118/3423 3433/4129/3433
f 3434/4130/3434 3446/4143/3446 3435/4131/3435
f 3436/4132/3436 3446/4146/3446 3434/4133/3434
f 3437/4134/3437 3436/4132/3436 3424/4119/3424
f 3438/4135/3438 3437/4134/3437 3425/4121/3425
f 3439/4136/3439 3438/4135/3438 3426/4122/3426
f 3440/4137/3440 3439/4136/3439 3427/4123/3427
f 3441/4138/3441 3440/4137/3440 3428/4124/3428
f 3430/4126/3430 3442/4139/3442 3441/4138/3441
f 3431/4127/3431 3443/4140/3443 3442/4139/3442
f 3432/4128/3432 3444/4141/3444 3443/4140/3443
f 3433/4129/3433 3445/4142/3445 3444/4141/3444
f 3423/4118/3423 3435/4131/3435 3445/4142/3445
f 3446/4143/3446 3458/4156/3458 3447/4144/3447
f 3448/4145/3448 3458/4159/3458 3446/4146/3446
f 3449/4147/3449 3448/4145/3448 3436/4132/3436
f 3450/4148/3450 3449/4147/3449 3437/4134/3437
f 3451/4149/3451 3450/4148/3450 3438/4135/3438
f 3452/4150/3452 3451/4149/3451 3439/4136/3439
f 3453/4151/3453 3452/4150/3452 3440/4137/3440
f 3442/4139/3442 3454/4152/3454 3453/4151/3453
f 3443/4140/3443 3455/4153/3455 3454/4152/3454
f 3444/4141/3444 3456/4154/3456 3455/4153/3455
f 3445/4142/3445 3457/4155/3457 3456/4154/3456
f 3435/4131/3435 3447/4144/3447 3457/4155/3457
f 3458/4156/3458 3470/4169/3470 3459/4157/3459
f 3460/4158/3460 3470/4172/3470 3458/4159/3458
f 3461/4160/3461 3460/4158/3460 3448/4145/3448
f 3462/4161/3462 3461/4160/3461 3449/4147/3449
f 3463/4162/3463 3462/4161/3462 3450/4148/3450
f 3464/4163/3464 3463/4162/3463 3451/4149/3451
f 3465/4164/3465 3464/4163/3464 3452/4150/3452
f 3454/4152/3454 3466/4165/3466 3465/4164/3465
f 3455/4153/3455 3467/4166/3467 3466/4165/3466
f 3456/4154/3456 3468/4167/3468 3467/4166/3467
f 3457/4155/3457 3469/4168/3469 3468/4167/3468
f 3447/4144/3447 3459/4157/3459 3469/4168/3469
f 3470/4169/3470 3482/4182/3482 3471/4170/3471
f 3472/4171/3472 3482/4185/3482 3470/4172/3470
f 3473/4173/3473 3472/4171/3472 3460/4158/3460
f 3474/4174/3474 3473/4173/3473 3461/4160/3461
f 3475/4175/3475 3474/4174/3474 3462/4161/3462
f 3476/4176/3476 3475/4175/3475 3463/4162/3463
f 3477/4177/3477 3476/4176/3476 3464/4163/3464
f 3466/4165/3466 3478/4178/3478 3477/4177/3477
f 3467/4166/3467 3479/4179/3479 3478/4178/3478
f 3468/4167/3468 3480/4180/3480 3479/4179/3479
f 3469/4168/3469 3481/4181/3481 3480/4180/3480
f 3459/4157/3459 3471/4170/3471 3481/4181/3481
f 3482/4182/3482 3494/4195/3494 3483/4183/3483
f 3484/4184/3484 3494/4198/3494 3482/4185/3482
f 3485/4186/3485 3484/4184/3484 3472/4171/3472
f 3486/4187/3486 3485/4186/3485 3473/4173/3473
f 3487/4188/3487 3486/4187/3486 3474/4174/3474
f 3488/4189/3488 3487/4188/3487 3475/4175/3475
f 3489/4190/3489 3488/4189/3488 3476/4176/3476
f 3478/4178/3478 3490/4191/3490 3489/4190/3489
f 3479/4179/3479 3491/4192/3491 3490/4191/3490
f 3480/4180/3480 3492/4193/3492 3491/4192/3491
f 3481/4181/3481 3493/4194/3493 3492/4193/3492
f 3471/4170/3471 3483/4183/3483 3493/4194/3493
f 3494/4195/3494 3506/4208/3506 3495/4196/3495
f 3496/4197/3496 3506/4211/3506 3494/4198/3494
f 3497/4199/3497 3496/4197/3496 3484/4184/3484
f 3498/4200/3498 3497/4199/3497 3485/4186/3485
f 3499/4201/3499 3498/4200/3498 3486/4187/3486
f 3500/4202/3500 3499/4201/3499 3487/4188/3487
f 3501/4203/3501 3500/4202/3500 3488/4189/3488
f 3490/4191/3490 3502/4204/3502 3501/4203/3501
f 3491/4192/3491 3503/4205/3503 3502/4204/3502
f 3492/4193/3492 3504/4206/3504 3503/4205/3503
f 3493/4194/3493 3505/4207/3505 3504/4206/3504
f 3483/4183/3483 3495/4196/3495 3505/4207/3505
f 3506/4208/3506 3508/4221/3508 3507/4209/3507
f 3496/4197/3496 3509/4212/3509 3508/4210/3508
f 3497/4199/3497 3520/4224/3520 3509/4212/3509
f 3510/4213/3510 3520/4224/3520 3497/4199/3497
f 3511/4214/3511 3510/4213/3510 3498/4200/3498
f 3512/4215/3512 3511/4214/3511 3499/4201/3499
f 3513/4216/3513 3512/4215/3512 3500/4202/3500
f 3514/4217/3514 3513/4216/3513 3501/4203/3501
f 3515/4218/3515 3514/4217/3514 3502/4204/3502
f 3504/4206/3504 3516/4219/3516 3515/4218/3515
f 3505/4207/3505 3517/4220/3517 3516/4219/3516
f 3495/4196/3495 3507/4209/3507 3517/4220/3517
f 3508/4221/3508 3519/4234/3519 3518/4222/3518
f 3509/4212/3509 3521/4225/3521 3519/4223/3519
f 3520/4224/3520 3533/4238/3533 3521/4225/3521
f 3522/4226/3522 3533/4238/3533 3520/4224/3520
f 3523/4227/3523 3522/4226/3522 3510/4213/3510
f 3524/4228/3524 3523/4227/3523 3511/4214/3511
f 3525/4229/3525 3524/4228/3524 3512/4215/3512
f 3526/4230/3526 3525/4229/3525 3513/4216/3513
f 3527/4231/3527 3526/4230/3526 3514/4217/3514
f 3516/4219/3516 3528/4232/3528 3527/4231/3527
f 3517/4220/3517 3529/4233/3529 3528/4232/3528
f 3507/4209/3507 3518/4222/3518 3529/4233/3529
f 3519/4234/3519 3531/4247/3531 3530/4235/3530
f 3521/4225/3521 3543/4249/3543 3531/4236/3531
f 3532/4237/3532 3543/4249/3543 3521/4225/3521
f 3534/4239/3534 3532/4237/3532 3533/4238/3533
f 3535/4240/3535 3534/4239/3534 3522/4226/3522
f 3536/4241/3536 3535/4240/3535 3523/4227/3523
f 3537/4242/3537 3536/4241/3536 3524/4228/3524
f 3538/4243/3538 3537/4242/3537 3525/4229/3525
f 3527/4231/3527 3539/4244/3539 3538/4243/3538
f 3528/4232/3528 3540/4245/3540 3539/4244/3539
f 3529/4233/3529 3541/4246/3541 3540/4245/3540
f 3518/4222/3518 3530/4235/3530 3541/4246/3541
f 3531/4247/3531 3544/4261/3544 3542/4248/3542
f 3543/4249/3543 3556/4263/3556 3544/4250/3544
f 3545/4251/3545 3556/4263/3556 3543/4249/3543
f 3546/4252/3546 3545/4251/3545 3532/4237/3532
f 3547/4253/3547 3546/4252/3546 3534/4239/3534
f 3548/4254/3548 3547/4253/3547 3535/4240/3535
f 3549/4255/3549 3548/4254/3548 3536/4241/3536
f 3550/4256/3550 3549/4255/3549 3537/4242/3537
f 3539/4244/3539 3551/4257/3551 3550/4256/3550
f 3540/4245/3540 3552/4258/3552 3551/4257/3551
f 3541/4246/3541 3553/4259/3553 3552/4258/3552
f 3530/4235/3530 3542/4248/3542 3553/4259/3553
f 3554/4260/3554 3565/4272/3565 3542/4248/3542
f 3555/4262/3555 3554/4275/3554 3544/4250/3544
f 3545/4251/3545 3557/4264/3557 3555/4262/3555
f 3546/4252/3546 3558/4265/3558 3557/4264/3557
f 3547/4253/3547 3559/4266/3559 3558/4265/3558
f 3548/4254/3548 3560/4267/3560 3559/4266/3559
f 3549/4255/3549 3561/4268/3561 3560/4267/3560
f 3550/4256/3550 3572/4280/3572 3561/4268/3561
f 3562/4269/3562 3572/4280/3572 3550/4256/3550
f 3563/4270/3563 3562/4269/3562 3551/4257/3551
f 3564/4271/3564 3563/4270/3563 3552/4258/3552
f 3565/4272/3565 3564/4271/3564 3553/4259/3553
f 3566/4273/3566 3577/4285/3577 3565/4272/3565
f 3567/4274/3567 3566/4288/3566 3554/4275/3554
f 3557/4264/3557 3568/4276/3568 3567/4274/3567
f 3558/4265/3558 3569/4277/3569 3568/4276/3568
f 3559/4266/3559 3570/4278/3570 3569/4277/3569
f 3560/4267/3560 3571/4279/3571 3570/4278/3570
f 3561/4268/3561 3573/4281/3573 3571/4279/3571
f 3572/4280/3572 3584/4293/3584 3573/4281/3573
f 3574/4282/3574 3584/4293/3584 3572/4280/3572
f 3575/4283/3575 3574/4282/3574 3562/4269/3562
f 3576/4284/3576 3575/4283/3575 3563/4270/3563
f 3577/4285/3577 3576/4284/3576 3564/4271/3564
f 3578/4286/3578 3589/4298/3589 3577/4285/3577
f 3579/4287/3579 3578/4301/3578 3566/4288/3566
f 3568/4276/3568 3580/4289/3580 3579/4287/3579
f 3569/4277/3569 3581/4290/3581 3580/4289/3580
f 3570/4278/3570 3582/4291/3582 3581/4290/3581
f 3571/4279/3571 3583/4292/3583 3582/4291/3582
f 3573/4281/3573 3585/4294/3585 3583/4292/3583
f 3584/4293/3584 3596/4306/3596 3585/4294/3585
f 3586/4295/3586 3596/4306/3596 3584/4293/3584
f 3587/4296/3587 3586/4295/3586 3574/4282/3574
f 3588/4297/3588 3587/4296/3587 3575/4283/3575
f 3589/4298/3589 3588/4297/3588 3576/4284/3576
f 3590/4299/3590 3601/4311/3601 3589/4298/3589
f 3591/4300/3591 3590/4314/3590 3578/4301/3578
f 3580/4289/3580 3592/4302/3592 3591/4300/3591
f 3581/4290/3581 3593/4303/3593 3592/4302/3592
f 3582/4291/3582 3594/4304/3594 3593/4303/3593
f 3583/4292/3583 3595/4305/3595 3594/4304/3594
f 3585/4294/3585 3597/4307/3597 3595/4305/3595
f 3596/4306/3596 3608/4319/3608 3597/4307/3597
f 3598/4308/3598 3608/4319/3608 3596/4306/3596
f 3599/4309/3599 3598/4308/3598 3586/4295/3586
f 3600/4310/3600 3599/4309/3599 3587/4296/3587
f 3601/4311/3601 3600/4310/3600 3588/4297/3588
f 3602/4312/3602 3613/4324/3613 3601/4311/3601
f 3603/4313/3603 3602/4327/3602 3590/4314/3590
f 3592/4302/3592 3604/4315/3604 3603/4313/3603
f 3593/4303/3593 3605/4316/3605 3604/4315/3604
f 3594/4304/3594 3606/4317/3606 3605/4316/3605
f 3595/4305/3595 3607/4318/3607 3606/4317/3606
f 3597/4307/3597 3609/4320/3609 3607/4318/3607
f 3608/4319/3608 3620/4332/3620 3609/4320/3609
f 3610/4321/3610 3620/4332/3620 3608/4319/3608
f 3611/4322/3611 3610/4321/3610 3598/4308/3598
f 3612/4323/3612 3611/4322/3611 3599/4309/3599
f 3613/4324/3613 3612/4323/3612 3600/4310/3600
f 3614/4325/3614 3625/4337/3625 3613/4324/3613
f 3615/4326/3615 3614/4340/3614 3602/4327/3602
f 3604/4315/3604 3616/4328/3616 3615/4326/3615
f 3605/4316/3605 3617/4329/3617 3616/4328/3616
f 3606/4317/3606 3618/4330/3618 3617/4329/3617
f 3607/4318/3607 3619/4331/3619 3618/4330/3618
f 3609/4320/3609 3621/4333/3621 3619/4331/3619
f 3620/4332/3620 3634/4347/3634 3621/4333/3621
f 3622/4334/3622 3634/4347/3634 3620/4332/3620
f 3623/4335/3623 3622/4334/3622 3610/4321/3610
f 3624/4336/3624 3623/4335/3623 3611/4322/3611
f 3625/4337/3625 3624/4336/3624 3612/4323/3612
f 3614/4325/3614 3627/4351/3627 3626/4338/3626
f 3615/4326/3615 3628/4341/3628 3627/4339/3627
f 3616/4328/3616 3641/4355/3641 3628/4341/3628
f 3629/4342/3629 3641/4355/3641 3616/4328/3616
f 3630/4343/3630 3629/4342/3629 3617/4329/3617
f 3631/4344/3631 3630/4343/3630 3618/4330/3618
f 3632/4345/3632 3631/4344/3631 3619/4331/3619
f 3633/4346/3633 3632/4345/3632 3621/4333/3621
f 3635/4348/3635 3633/4346/3633 3634/4347/3634
f 3623/4335/3623 3636/4349/3636 3635/4348/3635
f 3624/4336/3624 3637/4350/3637 3636/4349/3636
f 3625/4337/3625 3626/4338/3626 3637/4350/3637
f 3627/4351/3627 3639/4364/3639 3638/4352/3638
f 3628/4341/3628 3651/4366/3651 3639/4353/3639
f 3640/4354/3640 3651/4366/3651 3628/4341/3628
f 3642/4356/3642 3640/4354/3640 3641/4355/3641
f 3643/4357/3643 3642/4356/3642 3629/4342/3629
f 3644/4358/3644 3643/4357/3643 3630/4343/3630
f 3645/4359/3645 3644/4358/3644 3631/4344/3631
f 3646/4360/3646 3645/4359/3645 3632/4345/3632
f 3635/4348/3635 3647/4361/3647 3646/4360/3646
f 3636/4349/3636 3648/4362/3648 3647/4361/3647
f 3637/4350/3637 3649/4363/3649 3648/4362/3648
f 3626/4338/3626 3638/4352/3638 3649/4363/3649
f 3639/4364/3639 3652/4377/3652 3650/4365/3650
f 3651/4366/3651 3663/4379/3663 3652/4367/3652
f 3653/4368/3653 3663/4379/3663 3651/4366/3651
f 3654/4369/3654 3653/4368/3653 3640/4354/3640
f 3655/4370/3655 3654/4369/3654 3642/4356/3642
f 3656/4371/3656 3655/4370/3655 3643/4357/3643
f 3657/4372/3657 3656/4371/3656 3644/4358/3644
f 3658/4373/3658 3657/4372/3657 3645/4359/3645
f 3647/4361/3647 3659/4374/3659 3658/4373/3658
f 3648/4362/3648 3660/4375/3660 3659/4374/3659
f 3649/4363/3649 3661/4376/3661 3660/4375/3660
f 3638/4352/3638 3650/4365/3650 3661/4376/3661
f 3652/4377/3652 3664/4391/3664 3662/4378/3662
f 3663/4379/3663 3676/4393/3676 3664/4380/3664
f 3665/4381/3665 3676/4393/3676 3663/4379/3663
f 3666/4382/3666 3665/4381/3665 3653/4368/3653
f 3667/4383/3667 3666/4382/3666 3654/4369/3654
f 3668/4384/3668 3667/4383/3667 3655/4370/3655
f 3669/4385/3669 3668/4384/3668 3656/4371/3656
f 3670/4386/3670 3669/4385/3669 3657/4372/3657
f 3659/4374/3659 3671/4387/3671 3670/4386/3670
f 3660/4375/3660 3672/4388/3672 3671/4387/3671
f 3661/4376/3661 3673/4389/3673 3672/4388/3672
f 3650/4365/3650 3662/4378/3662 3673/4389/3673
f 3674/4390/3674 3685/4402/3685 3662/4378/3662
f 3675/4392/3675 3674/4405/3674 3664/4380/3664
f 3665/4381/3665 3677/4394/3677 3675/4392/3675
f 3666/4382/3666 3678/4395/3678 3677/4394/3677
f 3667/4383/3667 3679/4396/3679 3678/4395/3678
f 3668/4384/3668 3680/4397/3680 3679/4396/3679
f 3669/4385/3669 3681/4398/3681 3680/4397/3680
f 3670/4386/3670 3692/4410/3692 3681/4398/3681
f 3682/4399/3682 3692/4410/3692 3670/4386/3670
f 3683/4400/3683 3682/4399/3682 3671/4387/3671
f 3684/4401/3684 3683/4400/3683 3672/4388/3672
f 3685/4402/3685 3684/4401/3684 3673/4389/3673
f 3686/4403/3686 3697/4415/3697 3685/4402/3685
f 3687/4404/3687 3686/4418/3686 3674/4405/3674
f 3677/4394/3677 3688/4406/3688 3687/4404/3687
f 3678/4395/3678 3689/4407/3689 3688/4406/3688
f 3679/4396/3679 3690/4408/3690 3689/4407/3689
f 3680/4397/3680 3691/4409/3691 3690/4408/3690
f 3681/4398/3681 3693/4411/3693 3691/4409/3691
f 3692/4410/3692 3704/4423/3704 3693/4411/3693
f 3694/4412/3694 3704/4423/3704 3692/4410/3692
f 3695/4413/3695 3694/4412/3694 3682/4399/3682
f 3696/4414/3696 3695/4413/3695 3683/4400/3683
f 3697/4415/3697 3696/4414/3696 3684/4401/3684
f 3698/4416/3698 3709/4428/3709 3697/4415/3697
f 3699/4417/3699 3698/4431/3698 3686/4418/3686
f 3688/4406/3688 3700/4419/3700 3699/4417/3699
f 3689/4407/3689 3701/4420/3701 3700/4419/3700
f 3690/4408/3690 3702/4421/3702 3701/4420/3701
f 3691/4409/3691 3703/4422/3703 3702/4421/3702
f 3693/4411/3693 3705/4424/3705 3703/4422/3703
f 3704/4423/3704 3716/4436/3716 3705/4424/3705
f 3706/4425/3706 3716/4436/3716 3704/4423/3704
f 3707/4426/3707 3706/4425/3706 3694/4412/3694
f 3708/4427/3708 3707/4426/3707 3695/4413/3695
f 3709/4428/3709 3708/4427/3708 3696/4414/3696
f 3710/4429/3710 3721/4441/3721 3709/4428/3709
f 3711/4430/3711 3710/4444/3710 3698/4431/3698
f 3700/4419/3700 3712/4432/3712 3711/4430/3711
f 3701/4420/3701 3713/4433/3713 3712/4432/3712
f 3702/4421/3702 3714/4434/3714 3713/4433/3713
f 3703/4422/3703 3715/4435/3715 3714/4434/3714
f 3705/4424/3705 3717/4437/3717 3715/4435/3715
f 3716/4436/3716 3728/4449/3728 3717/4437/3717
f 3718/4438/3718 3728/4449/3728 3716/4436/3716
f 3719/4439/3719 3718/4438/3718 3706/4425/3706
f 3720/4440/3720 3719/4439/3719 3707/4426/3707
f 3721/4441/3721 3720/4440/3720 3708/4427/3708
f 3722/4442/3722 3733/4454/3733 3721/4441/3721
f 3723/4443/3723 3722/4457/3722 3710/4444/3710
f 3712/4432/3712 3724/4445/3724 3723/4443/3723
f 3713/4433/3713 3725/4446/3725 3724/4445/3724
f 3714/4434/3714 3726/4447/3726 3725/4446/3725
f 3715/4435/3715 3727/4448/3727 3726/4447/3726
f 3717/4437/3717 3729/4450/3729 3727/4448/3727
f 3728/4449/3728 3740/4462/3740 3729/4450/3729
f 3730/4451/3730 3740/4462/3740 3728/4449/3728
f 3731/4452/3731 3730/4451/3730 3718/4438/3718
f 3732/4453/3732 3731/4452/3731 3719/4439/3719
f 3733/4454/3733 3732/4453/3732 3720/4440/3720
f 3734/4455/3734 3745/4467/3745 3733/4454/3733
f 3735/4456/3735 3734/4470/3734 3722/4457/3722
f 3724/4445/3724 3736/4458/3736 3735/4456/3735
f 3725/4446/3725 3737/4459/3737 3736/4458/3736
f 3726/4447/3726 3738/4460/3738 3737/4459/3737
f 3727/4448/3727 3739/4461/3739 3738/4460/3738
f 3729/4450/3729 3741/4463/3741 3739/4461/3739
f 3740/4462/3740 3752/4475/3752 3741/4463/3741
f 3742/4464/3742 3752/4475/3752 3740/4462/3740
f 3743/4465/3743 3742/4464/3742 3730/4451/3730
f 3744/4466/3744 3743/4465/3743 3731/4452/3731
f 3745/4467/3745 3744/4466/3744 3732/4453/3732
f 3746/4468/3746 3757/4480/3757 3745/4467/3745
f 3747/4469/3747 3746/4483/3746 3734/4470/3734
f 3736/4458/3736 3748/4471/3748 3747/4469/3747
f 3737/4459/3737 3749/4472/3749 3748/4471/3748
f 3738/4460/3738 3750/4473/3750 3749/4472/3749
f 3739/4461/3739 3751/4474/3751 3750/4473/3750
f 3741/4463/3741 3753/4476/3753 3751/4474/3751
f 3752/4475/3752 3764/4488/3764 3753/4476/3753
f 3754/4477/3754 3764/4488/3764 3752/4475/3752
f 3755/4478/3755 3754/4477/3754 3742/4464/3742
f 3756/4479/3756 3755/4478/3755 3743/4465/3743
f 3757/4480/3757 3756/4479/3756 3744/4466/3744
f 3758/4481/3758 3769/4493/3769 3757/4480/3757
f 3759/4482/3759 3758/4496/3758 3746/4483/3746
f 3748/4471/3748 3760/4484/3760 3759/4482/3759
f 3749/4472/3749 3761/4485/3761 3760/4484/3760
f 3750/4473/3750 3762/4486/3762 3761/4485/3761
f 3751/4474/3751 3763/4487/3763 3762/4486/3762
f 3753/4476/3753 3765/4489/3765 3763/4487/3763
f 3764/4488/3764 3776/4501/3776 3765/4489/3765
f 3766/4490/3766 3776/4501/3776 3764/4488/3764
f 3767/4491/3767 3766/4490/3766 3754/4477/3754
f 3768/4492/3768 3767/4491/3767 3755/4478/3755
f 3769/4493/3769 3768/4492/3768 3756/4479/3756
f 3770/4494/3770 3781/4506/3781 3769/4493/3769
f 3771/4495/3771 3770/4509/3770 3758/4496/3758
f 3760/4484/3760 3772/4497/3772 3771/4495/3771
f 3761/4485/3761 3773/4498/3773 3772/4497/3772
f 3762/4486/3762 3774/4499/3774 3773/4498/3773
f 3763/4487/3763 3775/4500/3775 3774/4499/3774
f 3765/4489/3765 3777/4502/3777 3775/4500/3775
f 3776/4501/3776 3788/4514/3788 3777/4502/3777
f 3778/4503/3778 3788/4514/3788 3776/4501/3776
f 3779/4504/3779 3778/4503/3778 3766/4490/3766
f 3780/4505/3780 3779/4504/3779 3767/4491/3767
f 3781/4506/3781 3780/4505/3780 3768/4492/3768
f 3782/4507/3782 3793/4519/3793 3781/4506/3781
f 3783/4508/3783 3782/4522/3782 3770/4509/3770
f 3772/4497/3772 3784/4510/3784 3783/4508/3783
f 3773/4498/3773 3785/4511/3785 3784/4510/3784
f 3774/4499/3774 3786/4512/3786 3785/4511/3785
f 3775/4500/3775 3787/4513/3787 3786/4512/3786
f 3777/4502/3777 3789/4515/3789 3787/4513/3787
f 3788/4514/3788 3802/4529/3802 3789/4515/3789
f 3790/4516/3790 3802/4529/3802 3788/4514/3788
f 3791/4517/3791 3790/4516/3790 3778/4503/3778
f 3792/4518/3792 3791/4517/3791 3779/4504/3779
f 3793/4519/3793 3792/4518/3792 3780/4505/3780
f 3782/4507/3782 3795/4533/3795 3794/4520/3794
f 3783/4508/3783 3806/4534/3806 3795/4521/3795
f 3796/4523/3796 3806/4534/3806 3783/4508/3783
f 3797/4524/3797 3796/4523/3796 3784/4510/3784
f 3798/4525/3798 3797/4524/3797 3785/4511/3785
f 3799/4526/3799 3798/4525/3798 3786/4512/3786
f 3800/4527/3800 3799/4526/3799 3787/4513/3787
f 3801/4528/3801 3800/4527/3800 3789/4515/3789
f 3790/4516/3790 3803/4530/3803 3801/4528/3801
f 3791/4517/3791 3804/4531/3804 3803/4530/3803
f 3792/4518/3792 3805/4532/3805 3804/4531/3804
f 3793/4519/3793 3794/4520/3794 3805/4532/3805
# Vertices: 732, normals: 732, texture coordinates: 793, faces: 1440

o obj34
v 0 -4.2949214 3.48989987
v 0.11129656 -4.30588341 -1.8153007
v 0 -4.2949214 -1.8153007
v 0.11129656 -4.30588341 3.48989987
v 0.21831606 -4.33834743 -1.8153007
v 0.21831606 -4.33834743 3.48989987
v 0.31694579 -4.39106607 -1.8153007
v 0.31694579 -4.39106607 3.48989987
v 0.40339544 -4.46201324 -1.8153007
v 0.40339544 -4.46201324 3.48989987
v 0.47434285 -4.54846287 -1.8153007
v 0.47434285 -4.54846287 3.48989987
v 0.52706152 -4.64709282 -1.8153007
v 0.52706152 -4.64709282 3.48989987
v 0.55952555 -4.75411224 -1.8153007
v 0.55952555 -4.75411224 3.48989987
v 0.57048732 -4.8654089 -1.8153007
v 0.57048732 -4.8654089 3.48989987
v 0.55952555 -4.97670555 -1.8153007
v 0.55952555 -4.97670555 3.48989987
v 0.52706152 -5.08372498 -1.8153007
v 0.52706152 -5.08372498 3.48989987
v 0.47434285 -5.18235493 -1.8153007
v 0.47434285 -5.18235493 3.48989987
v 0.40339544 -5.26880455 -1.8153007
v 0.40339544 -5.26880455 3.48989987
v 0.31694579 -5.33975172 -1.8153007
v 0.31694579 -5.33975172 3.48989987
v 0.21831606 -5.39247036 -1.8153007
v 0.21831606 -5.39247036 3.48989987
v 0.11129656 -5.42493439 -1.8153007
v 0.11129656 -5.42493439 3.48989987
v 0 -5.4358964 -1.8153007
v 0 -5.4358964 3.48989987
v -0.11129656 -5.42493439 -1.8153007
v -0.11129656 -5.42493439 3.48989987
v -0.21831606 -5.39247036 -1.8153007
v -0.21831606 -5.39247036 3.48989987
v -0.31694579 -5.33975172 -1.8153007
v -0.31694579 -5.33975172 3.48989987
v -0.40339544 -5.26880455 -1.8153007
v -0.40339544 -5.26880455 3.48989987
v -0.47434285 -5.18235493 -1.8153007
v -0.47434285 -5.18235493 3.48989987
v -0.52706152 -5.08372498 -1.8153007
v -0.52706152 -5.08372498 3.48989987
v -0.55952555 -4.97670555 -1.8153007
v -0.55952555 -4.97670555 3.48989987
v -0.57048732 -4.8654089 -1.8153007
v -0.57048732 -4.8654089 3.48989987
v -0.55952555 -4.75411224 -1.8153007
v -0.55952555 -4.75411224 3.48989987
v -0.52706152 -4.64709282 -1.8153007
v -0.52706152 -4.64709282 3.48989987
v -0.47434285 -4.54846287 -1.8153007
v -0.47434285 -4.54846287 3.48989987
v -0.40339544 -4.46201324 -1.8153007
v -0.40339544 -4.46201324 3.48989987
v -0.31694579 -4.39106607 -1.8153007
v -0.31694579 -4.39106607 3.48989987
v -0.21831606 -4.33834743 -1.8153007
v 0.6289742 -4.44514179 3.93214965
v 0.69887865 -4.57592392 3.93214965
v -0.21831606 -4.33834743 3.48989987
v -0.11129656 -4.30588341 -1.8153007
v -0.11129656 -4.30588341 3.48989987
v -0.69887853 -4.57592392 3.93214965
v -0.28948501 -5.56428766 3.93214965
v 0.69887865 -5.15489388 3.93214965
v 0.28948504 -5.56428766 3.93214965
v 0.14757822 -5.60733461 3.93214965
v -0.75646073 -4.8654089 3.93214965
v 0.28948504 -4.16653013 3.93214965
v 0.6289742 -5.285676 3.93214965
v -0.53489852 -5.40030766 3.93214965
v -0.42026711 -4.23643494 3.93214965
v 0.74192566 -4.71783066 3.93214965
v 4E-08 -5.62186956 3.93214965
v -0.74192554 -4.71783066 3.93214965
v 0.42026716 -4.23643494 3.93214965
v 0.53489858 -5.40030766 3.93214965
v -0.62897408 -5.285676 3.93214965
v -0.28948501 -4.16653013 3.93214965
v 0.75646085 -4.8654089 3.93214965
v -0.14757812 -5.60733461 3.93214965
v 0.53489858 -4.33051014 3.93214965
v 0.42026716 -5.49438286 3.93214965
v -0.69887853 -5.15489388 3.93214965
v -0.14757812 -4.12348318 3.93214965
v 0.74192566 -5.01298714 3.93214965
v -0.62897408 -4.44514179 3.93214965
v -0.74192554 -5.01298714 3.93214965
v 0.14757822 -4.12348318 3.93214965
v 4E-08 -4.10894823 3.93214965
v -0.42026711 -5.49438286 3.93214965
v -0.53489852 -4.33051014 3.93214965
vn -0 0.97976 -0.20015
vn 0.142 0.7139 -0.6857
vn -0 0.72789 -0.6857
vn 0.19114 0.96094 -0.20015
vn 0.27855 0.67248 -0.68569
vn 0.37494 0.90518 -0.20015
vn 0.4044 0.60523 -0.68569
vn 0.54433 0.81464 -0.20015
vn 0.51469 0.51469 -0.6857
vn 0.6928 0.6928 -0.20015
vn 0.60522 0.40439 -0.6857
vn 0.81464 0.54433 -0.20015
vn 0.67248 0.27855 -0.68569
vn 0.90519 0.37494 -0.20015
vn 0.71392 0.14201 -0.68567
vn 0.96094 0.19114 -0.20015
vn 0.72788 0 -0.6857
vn 0.97976 -0 -0.20015
vn 0.7139 -0.142 -0.6857
vn 0.96094 -0.19114 -0.20015
vn 0.67248 -0.27855 -0.68569
vn 0.90518 -0.37494 -0.20015
vn 0.60523 -0.4044 -0.68568
vn 0.81464 -0.54433 -0.20015
vn 0.51469 -0.51469 -0.6857
vn 0.6928 -0.6928 -0.20015
vn 0.4044 -0.60523 -0.68568
vn 0.54433 -0.81464 -0.20015
vn 0.27855 -0.67248 -0.6857
vn 0.37494 -0.90518 -0.20015
vn 0.14201 -0.71392 -0.68567
vn 0.19114 -0.96094 -0.20015
vn 0 -0.72789 -0.6857
vn 0 -0.97976 -0.20015
vn -0.142 -0.7139 -0.6857
vn -0.19114 -0.96094 -0.20015
vn -0.27855 -0.67248 -0.68569
vn -0.37494 -0.90518 -0.20015
vn -0.4044 -0.60523 -0.68569
vn -0.54433 -0.81465 -0.20015
vn -0.51469 -0.51469 -0.6857
vn -0.6928 -0.6928 -0.20015
vn -0.60522 -0.40439 -0.6857
vn -0.81465 -0.54433 -0.20015
vn -0.67248 -0.27855 -0.68569
vn -0.90518 -0.37494 -0.20015
vn -0.71392 -0.14201 -0.68567
vn -0.96094 -0.19114 -0.20015
vn -0.72788 -0 -0.6857
vn -0.97976 -0 -0.20015
vn -0.7139 0.142 -0.6857
vn -0.96094 0.19114 -0.20015
vn -0.67248 0.27855 -0.68569
vn -0.90518 0.37494 -0.20015
vn -0.60523 0.4044 -0.68568
vn -0.81464 0.54433 -0.20015
vn -0.51469 0.51469 -0.6857
vn -0.6928 0.6928 -0.20015
vn -0.4044 0.60523 -0.68568
vn -0.54433 0.81465 -0.20015
vn -0.27855 0.67248 -0.6857
vn 0.70475 0.4709 0.53065
vn 0.78313 0.32438 0.53056
vn -0.37494 0.90518 -0.20015
vn -0.14201 0.71392 -0.68567
vn -0.19114 0.96094 -0.20015
vn -0.78311 0.32438 0.53058
vn -0.32437 -0.7831 0.5306
vn 0.78311 -0.32438 0.53058
vn 0.32437 -0.78309 0.53062
vn 0.16536 -0.83133 0.53061
vn -0.84761 0 0.53061
vn 0.32437 0.78309 0.53062
vn 0.70476 -0.47091 0.53063
vn -0.59934 -0.59934 0.53064
vn -0.4709 0.70475 0.53064
vn 0.83131 0.16536 0.53065
vn -0 -0.84763 0.53059
vn -0.83132 0.16536 0.53063
vn 0.47091 0.70477 0.53062
vn 0.59935 -0.59935 0.53062
vn -0.70477 -0.47091 0.53061
vn -0.32437 0.7831 0.5306
vn 0.84763 0 0.53059
vn -0.16536 -0.83132 0.53063
vn 0.59936 0.59936 0.5306
vn 0.47091 -0.70477 0.53062
vn -0.7831 -0.32437 0.5306
vn -0.16536 0.83133 0.53061
vn 0.83132 -0.16536 0.53063
vn -0.70476 0.47091 0.53063
vn -0.83133 -0.16536 0.53061
vn 0.16536 0.83132 0.53063
vn 0 0.84763 0.53059
vn -0.47091 -0.70476 0.53062
vn -0.59935 0.59935 0.53062
vt 1 1
vt 0.96875 0.5
vt 1 0.5
vt 0.96875 1
vt 0.9375 0.5
vt 0.9375 1
vt 0.90625 0.5
vt 0.90625 1
vt 0.875 0.5
vt 0.875 1
vt 0.84375 0.5
vt 0.84375 1
vt 0.8125 0.5
vt 0.8125 1
vt 0.78125 0.5
vt 0.78125 1
vt 0.75 0.5
vt 0.75 1
vt 0.71875 0.5
vt 0.71875 1
vt 0.6875 0.5
vt 0.6875 1
vt 0.65625 0.5
vt 0.65625 1
vt 0.625 0.5
vt 0.625 1
vt 0.59375 0.5
vt 0.59375 1
vt 0.5625 0.5
vt 0.5625 1
vt 0.53125 0.5
vt 0.53125 1
vt 0.5 0.5
vt 0.5 1
vt 0.46875 0.5
vt 0.46875 1
vt 0.4375 0.5
vt 0.4375 1
vt 0.40625 0.5
vt 0.40625 1
vt 0.375 0.5
vt 0.375 1
vt 0.34375 0.5
vt 0.34375 1
vt 0.3125 0.5
vt 0.3125 1
vt 0.28125 0.5
vt 0.28125 1
vt 0.25 0.5
vt 0.25 1
vt 0.21875 0.5
vt 0.21875 1
vt 0.1875 0.5
vt 0.1875 1
vt 0.15625 0.5
vt 0.15625 1
vt 0.125 0.5
vt 0.125 1
vt 0.09375 0.5
vt 0.09375 1
vt 0.0625 0.5
vt 0.0625 1
vt 0.03125 0.5
vt 0.03125 1
vt 0 0.5
vt 0.61666 0.05045
vt 0.51461 0.20318
vt 0.70318 0.48539
vt 0.02827 0.34184
vt 0.15816 0.02827
vt 0.47173 0.15816
vt 0 1
vt 0.75 0.49
vt 0.79682 0.48539
vt 0.84184 0.47173
vt 0.88334 0.44955
vt 0.91971 0.41971
vt 0.94955 0.38334
vt 0.97173 0.34184
vt 0.98539 0.29682
vt 0.99 0.25
vt 0.98539 0.20318
vt 0.97173 0.15816
vt 0.94955 0.11666
vt 0.91971 0.08029
vt 0.88334 0.05045
vt 0.84184 0.02827
vt 0.79682 0.01461
vt 0.75 0.01
vt 0.70318 0.01461
vt 0.65816 0.02827
vt 0.58029 0.08029
vt 0.55045 0.11666
vt 0.52827 0.15816
vt 0.51 0.25
vt 0.51461 0.29682
vt 0.52827 0.34184
vt 0.55045 0.38334
vt 0.58029 0.41971
vt 0.61666 0.44955
vt 0.65816 0.47173
vt 0.34184 0.47173
vt 0.29682 0.48539
vt 0.25 0.49
vt 0.20318 0.48539
vt 0.15816 0.47173
vt 0.11666 0.44955
vt 0.08029 0.41971
vt 0.05045 0.38334
vt 0.01461 0.29682
vt 0.01 0.25
vt 0.01461 0.20318
vt 0.02827 0.15816
vt 0.05045 0.11666
vt 0.08029 0.08029
vt 0.11666 0.05045
vt 0.20318 0.01461
vt 0.25 0.01
vt 0.29682 0.01461
vt 0.34184 0.02827
vt 0.38334 0.05045
vt 0.41971 0.08029
vt 0.44955 0.11666
vt 0.48539 0.20318
vt 0.49 0.25
vt 0.48539 0.29682
vt 0.47173 0.34184
vt 0.44955 0.38334
vt 0.41971 0.41971
vt 0.38334 0.44955
usemtl mat1
f 3807/4535/3807 3808/4536/3808 3809/4537/3809
f 3810/4538/3810 3811/4539/3811 3808/4536/3808
f 3812/4540/3812 3813/4541/3813 3811/4539/3811
f 3814/4542/3814 3815/4543/3815 3813/4541/3813
f 3816/4544/3816 3817/4545/3817 3815/4543/3815
f 3818/4546/3818 3819/4547/3819 3817/4545/3817
f 3820/4548/3820 3821/4549/3821 3819/4547/3819
f 3822/4550/3822 3823/4551/3823 3821/4549/3821
f 3824/4552/3824 3825/4553/3825 3823/4551/3823
f 3826/4554/3826 3827/4555/3827 3825/4553/3825
f 3828/4556/3828 3829/4557/3829 3827/4555/3827
f 3830/4558/3830 3831/4559/3831 3829/4557/3829
f 3832/4560/3832 3833/4561/3833 3831/4559/3831
f 3834/4562/3834 3835/4563/3835 3833/4561/3833
f 3836/4564/3836 3837/4565/3837 3835/4563/3835
f 3838/4566/3838 3839/4567/3839 3837/4565/3837
f 3840/4568/3840 3841/4569/3841 3839/4567/3839
f 3842/4570/3842 3843/4571/3843 3841/4569/3841
f 3844/4572/3844 3845/4573/3845 3843/4571/3843
f 3846/4574/3846 3847/4575/3847 3845/4573/3845
f 3848/4576/3848 3849/4577/3849 3847/4575/3847
f 3850/4578/3850 3851/4579/3851 3849/4577/3849
f 3852/4580/3852 3853/4581/3853 3851/4579/3851
f 3854/4582/3854 3855/4583/3855 3853/4581/3853
f 3856/4584/3856 3857/4585/3857 3855/4583/3855
f 3858/4586/3858 3859/4587/3859 3857/4585/3857
f 3860/4588/3860 3861/4589/3861 3859/4587/3859
f 3862/4590/3862 3863/4591/3863 3861/4589/3861
f 3864/4592/3864 3865/4593/3865 3863/4591/3863
f 3866/4594/3866 3867/4595/3867 3865/4593/3865
f 3820/4548/3820 3868/4546/3868 3869/4548/3869
f 3870/4596/3870 3871/4597/3871 3867/4595/3867
f 3872/4598/3872 3809/4599/3809 3871/4597/3871
f 3845/4600/3845 3853/4601/3853 3871/4602/3871
f 3873/4603/3873 3874/4604/3874 3875/4605/3875
f 3838/4566/3838 3876/4564/3876 3877/4566/3877
f 3854/4582/3854 3878/4584/3878 3856/4584/3856
f 3810/4538/3810 3879/4540/3879 3812/4540/3812
f 3828/4556/3828 3880/4558/3880 3830/4558/3830
f 3846/4574/3846 3881/4576/3881 3848/4576/3848
f 3864/4592/3864 3882/4594/3882 3866/4594/3866
f 3820/4548/3820 3883/4550/3883 3822/4550/3822
f 3838/4566/3838 3884/4568/3884 3840/4568/3840
f 3856/4584/3856 3885/4586/3885 3858/4586/3858
f 3814/4542/3814 3879/4540/3879 3886/4542/3886
f 3830/4558/3830 3887/4560/3887 3832/4560/3832
f 3850/4578/3850 3881/4576/3881 3888/4578/3888
f 3870/4596/3870 3882/4594/3882 3889/4596/3889
f 3824/4552/3824 3883/4550/3883 3890/4552/3890
f 3840/4568/3840 3891/4570/3891 3842/4570/3842
f 3858/4586/3858 3873/4588/3873 3860/4588/3860
f 3816/4544/3816 3886/4542/3886 3892/4544/3892
f 3832/4560/3832 3893/4562/3893 3834/4562/3834
f 3850/4578/3850 3894/4580/3894 3852/4580/3852
f 3872/4598/3872 3889/4596/3889 3895/4598/3895
f 3824/4552/3824 3896/4554/3896 3826/4554/3826
f 3842/4570/3842 3874/4572/3874 3844/4572/3844
f 3860/4588/3860 3897/4590/3897 3862/4590/3862
f 3816/4544/3816 3868/4546/3868 3818/4546/3818
f 3834/4562/3834 3876/4564/3876 3836/4564/3836
f 3854/4582/3854 3894/4580/3894 3898/4582/3898
f 3807/4535/3807 3899/4538/3899 3810/4538/3810
f 3872/4598/3872 3900/4606/3900 3807/4606/3807
f 3826/4554/3826 3875/4556/3875 3828/4556/3828
f 3844/4572/3844 3901/4574/3901 3846/4574/3846
f 3862/4590/3862 3902/4592/3902 3864/4592/3864
f 3807/4535/3807 3810/4538/3810 3808/4536/3808
f 3810/4538/3810 3812/4540/3812 3811/4539/3811
f 3812/4540/3812 3814/4542/3814 3813/4541/3813
f 3814/4542/3814 3816/4544/3816 3815/4543/3815
f 3816/4544/3816 3818/4546/3818 3817/4545/3817
f 3818/4546/3818 3820/4548/3820 3819/4547/3819
f 3820/4548/3820 3822/4550/3822 3821/4549/3821
f 3822/4550/3822 3824/4552/3824 3823/4551/3823
f 3824/4552/3824 3826/4554/3826 3825/4553/3825
f 3826/4554/3826 3828/4556/3828 3827/4555/3827
f 3828/4556/3828 3830/4558/3830 3829/4557/3829
f 3830/4558/3830 3832/4560/3832 3831/4559/3831
f 3832/4560/3832 3834/4562/3834 3833/4561/3833
f 3834/4562/3834 3836/4564/3836 3835/4563/3835
f 3836/4564/3836 3838/4566/3838 3837/4565/3837
f 3838/4566/3838 3840/4568/3840 3839/4567/3839
f 3840/4568/3840 3842/4570/3842 3841/4569/3841
f 3842/4570/3842 3844/4572/3844 3843/4571/3843
f 3844/4572/3844 3846/4574/3846 3845/4573/3845
f 3846/4574/3846 3848/4576/3848 3847/4575/3847
f 3848/4576/3848 3850/4578/3850 3849/4577/3849
f 3850/4578/3850 3852/4580/3852 3851/4579/3851
f 3852/4580/3852 3854/4582/3854 3853/4581/3853
f 3854/4582/3854 3856/4584/3856 3855/4583/3855
f 3856/4584/3856 3858/4586/3858 3857/4585/3857
f 3858/4586/3858 3860/4588/3860 3859/4587/3859
f 3860/4588/3860 3862/4590/3862 3861/4589/3861
f 3862/4590/3862 3864/4592/3864 3863/4591/3863
f 3864/4592/3864 3866/4594/3866 3865/4593/3865
f 3866/4594/3866 3870/4596/3870 3867/4595/3867
f 3820/4548/3820 3818/4546/3818 3868/4546/3868
f 3870/4596/3870 3872/4598/3872 3871/4597/3871
f 3872/4598/3872 3807/4606/3807 3809/4599/3809
f 3871/4602/3871 3809/4607/3809 3808/4608/3808
f 3808/4608/3808 3811/4609/3811 3871/4602/3871
f 3811/4609/3811 3813/4610/3813 3871/4602/3871
f 3813/4610/3813 3815/4611/3815 3817/4612/3817
f 3817/4612/3817 3819/4613/3819 3813/4610/3813
f 3819/4613/3819 3821/4614/3821 3813/4610/3813
f 3821/4614/3821 3823/4615/3823 3825/4616/3825
f 3825/4616/3825 3827/4617/3827 3821/4614/3821
f 3827/4617/3827 3829/4618/3829 3821/4614/3821
f 3829/4618/3829 3831/4619/3831 3833/4620/3833
f 3833/4620/3833 3835/4621/3835 3837/4622/3837
f 3837/4622/3837 3839/4623/3839 3841/4624/3841
f 3841/4624/3841 3843/4625/3843 3837/4622/3837
f 3843/4625/3843 3845/4600/3845 3837/4622/3837
f 3845/4600/3845 3847/4626/3847 3849/4627/3849
f 3849/4627/3849 3851/4628/3851 3845/4600/3845
f 3851/4628/3851 3853/4601/3853 3845/4600/3845
f 3853/4601/3853 3855/4629/3855 3857/4630/3857
f 3857/4630/3857 3859/4631/3859 3853/4601/3853
f 3859/4631/3859 3861/4632/3861 3853/4601/3853
f 3861/4632/3861 3863/4633/3863 3865/4634/3865
f 3865/4634/3865 3867/4635/3867 3871/4602/3871
f 3829/4618/3829 3833/4620/3833 3821/4614/3821
f 3833/4620/3833 3837/4622/3837 3821/4614/3821
f 3861/4632/3861 3865/4634/3865 3853/4601/3853
f 3865/4634/3865 3871/4602/3871 3853/4601/3853
f 3871/4602/3871 3813/4610/3813 3837/4622/3837
f 3813/4610/3813 3821/4614/3821 3837/4622/3837
f 3837/4622/3837 3845/4600/3845 3871/4602/3871
f 3879/4636/3879 3899/4637/3899 3900/4638/3900
f 3900/4638/3900 3895/4639/3895 3889/4640/3889
f 3889/4640/3889 3882/4641/3882 3873/4603/3873
f 3882/4641/3882 3902/4642/3902 3873/4603/3873
f 3902/4642/3902 3897/4643/3897 3873/4603/3873
f 3873/4603/3873 3885/4644/3885 3878/4645/3878
f 3878/4645/3878 3898/4646/3898 3894/4647/3894
f 3894/4647/3894 3888/4648/3888 3881/4649/3881
f 3881/4649/3881 3901/4650/3901 3894/4647/3894
f 3901/4650/3901 3874/4604/3874 3894/4647/3894
f 3874/4604/3874 3891/4651/3891 3884/4652/3884
f 3884/4652/3884 3877/4653/3877 3876/4654/3876
f 3876/4654/3876 3893/4655/3893 3875/4605/3875
f 3893/4655/3893 3887/4656/3887 3875/4605/3875
f 3887/4656/3887 3880/4657/3880 3875/4605/3875
f 3875/4605/3875 3896/4658/3896 3890/4659/3890
f 3890/4659/3890 3883/4660/3883 3869/4661/3869
f 3869/4661/3869 3868/4662/3868 3892/4663/3892
f 3892/4663/3892 3886/4664/3886 3869/4661/3869
f 3886/4664/3886 3879/4636/3879 3869/4661/3869
f 3879/4636/3879 3900/4638/3900 3873/4603/3873
f 3900/4638/3900 3889/4640/3889 3873/4603/3873
f 3873/4603/3873 3878/4645/3878 3894/4647/3894
f 3874/4604/3874 3884/4652/3884 3875/4605/3875
f 3884/4652/3884 3876/4654/3876 3875/4605/3875
f 3875/4605/3875 3890/4659/3890 3869/4661/3869
f 3873/4603/3873 3894/4647/3894 3874/4604/3874
f 3875/4605/3875 3869/4661/3869 3879/4636/3879
f 3879/4636/3879 3873/4603/3873 3875/4605/3875
f 3838/4566/3838 3836/4564/3836 3876/4564/3876
f 3854/4582/3854 3898/4582/3898 3878/4584/3878
f 3810/4538/3810 3899/4538/3899 3879/4540/3879
f 3828/4556/3828 3875/4556/3875 3880/4558/3880
f 3846/4574/3846 3901/4574/3901 3881/4576/3881
f 3864/4592/3864 3902/4592/3902 3882/4594/3882
f 3820/4548/3820 3869/4548/3869 3883/4550/3883
f 3838/4566/3838 3877/4566/3877 3884/4568/3884
f 3856/4584/3856 3878/4584/3878 3885/4586/3885
f 3814/4542/3814 3812/4540/3812 3879/4540/3879
f 3830/4558/3830 3880/4558/3880 3887/4560/3887
f 3850/4578/3850 3848/4576/3848 3881/4576/3881
f 3870/4596/3870 3866/4594/3866 3882/4594/3882
f 3824/4552/3824 3822/4550/3822 3883/4550/3883
f 3840/4568/3840 3884/4568/3884 3891/4570/3891
f 3858/4586/3858 3885/4586/3885 3873/4588/3873
f 3816/4544/3816 3814/4542/3814 3886/4542/3886
f 3832/4560/3832 3887/4560/3887 3893/4562/3893
f 3850/4578/3850 3888/4578/3888 3894/4580/3894
f 3872/4598/3872 3870/4596/3870 3889/4596/3889
f 3824/4552/3824 3890/4552/3890 3896/4554/3896
f 3842/4570/3842 3891/4570/3891 3874/4572/3874
f 3860/4588/3860 3873/4588/3873 3897/4590/3897
f 3816/4544/3816 3892/4544/3892 3868/4546/3868
f 3834/4562/3834 3893/4562/3893 3876/4564/3876
f 3854/4582/3854 3852/4580/3852 3894/4580/3894
f 3807/4535/3807 3900/4535/3900 3899/4538/3899
f 3872/4598/3872 3895/4598/3895 3900/4606/3900
f 3826/4554/3826 3896/4554/3896 3875/4556/3875
f 3844/4572/3844 3874/4572/3874 3901/4574/3901
f 3862/4590/3862 3897/4590/3897 3902/4592/3902
# Vertices: 96, normals: 96, texture coordinates: 130, faces: 188

